240/371 images.bin entries have files in /home/bkai/data/phase1/public_set/HCM0181/train/images
240 views, 224928 init points, K=[[926.4,0,660.0],[0,926.4,494.5]], size 1320x989
3DGUT mode: classic + with_ut + with_eval3d, k1=+0.009004
240/371 images.bin entries have files in /home/bkai/data/phase1/public_set/HCM0181/train/images
240 views, 224928 init points, K=[[926.4,0,660.0],[0,926.4,494.5]], size 1320x989
3DGUT mode: classic + with_ut + with_eval3d, k1=+0.009004
scene_scale 10.363
scene_scale 10.363
/mnt/c/Users/BKAI/an_plaza2/FastGS/gsplat_track/train_gsplat.py:325: UserWarning: The given NumPy array is not writable, and PyTorch does not support non-writable tensors. This means writing to this tensor will result in undefined behavior. You may want to copy the array to protect its data or make it writable before converting it to a tensor. This type of warning will be suppressed for the rest of this program. (Triggered internally at /pytorch/torch/csrc/utils/tensor_numpy.cpp:203.)
  gt_cache[vi] = torch.from_numpy(
/mnt/c/Users/BKAI/an_plaza2/FastGS/gsplat_track/train_gsplat.py:325: UserWarning: The given NumPy array is not writable, and PyTorch does not support non-writable tensors. This means writing to this tensor will result in undefined behavior. You may want to copy the array to protect its data or make it writable before converting it to a tensor. This type of warning will be suppressed for the rest of this program. (Triggered internally at /pytorch/torch/csrc/utils/tensor_numpy.cpp:203.)
  gt_cache[vi] = torch.from_numpy(
[0] loss 0.3489 l1 0.2403 ssim 0.2465 N 224928
[0] loss 0.0943 l1 0.2403 ssim 0.2465 N 224928
Step 600: Relocated 26595 GSs.
Step 600: Added 11246 GSs. Now having 236174 GSs.
Step 600: Relocated 86440 GSs.
Step 600: Added 11246 GSs. Now having 236174 GSs.
Step 700: Relocated 6792 GSs.
Step 700: Added 11808 GSs. Now having 247982 GSs.
Step 700: Relocated 19793 GSs.
Step 700: Added 11808 GSs. Now having 247982 GSs.
Step 800: Relocated 5984 GSs.
Step 800: Added 12399 GSs. Now having 260381 GSs.
Step 800: Relocated 17806 GSs.
Step 800: Added 12399 GSs. Now having 260381 GSs.
Step 900: Relocated 6210 GSs.
Step 900: Added 13019 GSs. Now having 273400 GSs.
Step 900: Relocated 18820 GSs.
Step 900: Added 13019 GSs. Now having 273400 GSs.
Step 1000: Relocated 6551 GSs.
Step 1000: Added 13670 GSs. Now having 287070 GSs.
[1000] loss 0.1261 l1 0.0621 ssim 0.6363 N 287070
Step 1000: Relocated 19744 GSs.
Step 1000: Added 13670 GSs. Now having 287070 GSs.
[1000] loss 0.0135 l1 0.0742 ssim 0.5127 N 287070
Step 1100: Relocated 8106 GSs.
Step 1100: Added 14353 GSs. Now having 301423 GSs.
Step 1200: Relocated 7876 GSs.
Step 1200: Added 15071 GSs. Now having 316494 GSs.
Step 1100: Relocated 23106 GSs.
Step 1100: Added 14353 GSs. Now having 301423 GSs.
Step 1300: Relocated 9506 GSs.
Step 1300: Added 15824 GSs. Now having 332318 GSs.
Step 1200: Relocated 23665 GSs.
Step 1200: Added 15071 GSs. Now having 316494 GSs.
Step 1400: Relocated 9447 GSs.
Step 1400: Added 16615 GSs. Now having 348933 GSs.
Step 1300: Relocated 26705 GSs.
Step 1300: Added 15824 GSs. Now having 332318 GSs.
Step 1500: Relocated 11279 GSs.
Step 1500: Added 17446 GSs. Now having 366379 GSs.
Step 1400: Relocated 27401 GSs.
Step 1400: Added 16615 GSs. Now having 348933 GSs.
Step 1600: Relocated 11420 GSs.
Step 1600: Added 18318 GSs. Now having 384697 GSs.
Step 1500: Relocated 31189 GSs.
Step 1500: Added 17446 GSs. Now having 366379 GSs.
Step 1700: Relocated 12430 GSs.
Step 1700: Added 19234 GSs. Now having 403931 GSs.
Step 1600: Relocated 32412 GSs.
Step 1600: Added 18318 GSs. Now having 384697 GSs.
Step 1800: Relocated 12605 GSs.
Step 1800: Added 20196 GSs. Now having 424127 GSs.
Step 1700: Relocated 33924 GSs.
Step 1700: Added 19234 GSs. Now having 403931 GSs.
Step 1900: Relocated 14372 GSs.
Step 1900: Added 21206 GSs. Now having 445333 GSs.
Step 1800: Relocated 34133 GSs.
Step 1800: Added 20196 GSs. Now having 424127 GSs.
Step 2000: Relocated 17139 GSs.
Step 2000: Added 22266 GSs. Now having 467599 GSs.
[2000] loss 0.1316 l1 0.0580 ssim 0.5891 N 467599
Step 1900: Relocated 37836 GSs.
Step 1900: Added 21206 GSs. Now having 445333 GSs.
Step 2100: Relocated 21245 GSs.
Step 2100: Added 23379 GSs. Now having 490978 GSs.
Step 2000: Relocated 43745 GSs.
Step 2000: Added 22266 GSs. Now having 467599 GSs.
[2000] loss 0.0126 l1 0.0701 ssim 0.4792 N 467599
Step 2200: Relocated 20087 GSs.
Step 2200: Added 24548 GSs. Now having 515526 GSs.
Step 2100: Relocated 53469 GSs.
Step 2100: Added 23379 GSs. Now having 490978 GSs.
Step 2300: Relocated 20908 GSs.
Step 2300: Added 25776 GSs. Now having 541302 GSs.
Step 2200: Relocated 53156 GSs.
Step 2200: Added 24548 GSs. Now having 515526 GSs.
Step 2400: Relocated 24007 GSs.
Step 2400: Added 27065 GSs. Now having 568367 GSs.
Step 2300: Relocated 53856 GSs.
Step 2300: Added 25776 GSs. Now having 541302 GSs.
Step 2500: Relocated 24254 GSs.
Step 2500: Added 28418 GSs. Now having 596785 GSs.
Step 2400: Relocated 59299 GSs.
Step 2400: Added 27065 GSs. Now having 568367 GSs.
Step 2600: Relocated 27916 GSs.
Step 2600: Added 29839 GSs. Now having 626624 GSs.
Step 2700: Relocated 26850 GSs.
Step 2700: Added 31331 GSs. Now having 657955 GSs.
Step 2500: Relocated 57811 GSs.
Step 2500: Added 28418 GSs. Now having 596785 GSs.
Step 2800: Relocated 27897 GSs.
Step 2800: Added 32897 GSs. Now having 690852 GSs.
Step 2600: Relocated 64068 GSs.
Step 2600: Added 29839 GSs. Now having 626624 GSs.
Step 2900: Relocated 29875 GSs.
Step 2900: Added 34542 GSs. Now having 725394 GSs.
Step 2700: Relocated 64067 GSs.
Step 2700: Added 31331 GSs. Now having 657955 GSs.
Step 3000: Relocated 34348 GSs.
Step 3000: Added 36269 GSs. Now having 761663 GSs.
[3000] loss 0.1034 l1 0.0527 ssim 0.7058 N 761663
Step 2800: Relocated 65280 GSs.
Step 2800: Added 32897 GSs. Now having 690852 GSs.
Step 3100: Relocated 35802 GSs.
Step 3100: Added 38083 GSs. Now having 799746 GSs.
Step 2900: Relocated 69706 GSs.
Step 2900: Added 34542 GSs. Now having 725394 GSs.
Step 3200: Relocated 37682 GSs.
Step 3200: Added 39987 GSs. Now having 839733 GSs.
Step 3000: Relocated 80577 GSs.
Step 3000: Added 36269 GSs. Now having 761663 GSs.
[3000] loss 0.0111 l1 0.0667 ssim 0.5554 N 761663
Step 3300: Relocated 46111 GSs.
Step 3300: Added 41986 GSs. Now having 881719 GSs.
Step 3100: Relocated 82137 GSs.
Step 3100: Added 38083 GSs. Now having 799746 GSs.
Step 3400: Relocated 53199 GSs.
Step 3400: Added 44085 GSs. Now having 925804 GSs.
Step 3200: Relocated 85321 GSs.
Step 3200: Added 39987 GSs. Now having 839733 GSs.
Step 3500: Relocated 50170 GSs.
Step 3500: Added 46290 GSs. Now having 972094 GSs.
Step 3300: Relocated 102689 GSs.
Step 3300: Added 41986 GSs. Now having 881719 GSs.
Step 3600: Relocated 61119 GSs.
Step 3600: Added 48604 GSs. Now having 1020698 GSs.
Step 3400: Relocated 114722 GSs.
Step 3400: Added 44085 GSs. Now having 925804 GSs.
Step 3700: Relocated 59831 GSs.
Step 3700: Added 51034 GSs. Now having 1071732 GSs.
Step 3500: Relocated 113058 GSs.
Step 3500: Added 46290 GSs. Now having 972094 GSs.
Step 3800: Relocated 58447 GSs.
Step 3800: Added 53586 GSs. Now having 1125318 GSs.
Step 3600: Relocated 128960 GSs.
Step 3600: Added 48604 GSs. Now having 1020698 GSs.
Step 3900: Relocated 62629 GSs.
Step 3900: Added 56265 GSs. Now having 1181583 GSs.
Step 3700: Relocated 130783 GSs.
Step 3700: Added 51034 GSs. Now having 1071732 GSs.
Step 4000: Relocated 70138 GSs.
Step 4000: Added 59079 GSs. Now having 1240662 GSs.
[4000] loss 0.1170 l1 0.0536 ssim 0.6397 N 1240662
Step 3800: Relocated 133555 GSs.
Step 3800: Added 53586 GSs. Now having 1125318 GSs.
Step 4100: Relocated 71997 GSs.
Step 4100: Added 62033 GSs. Now having 1302695 GSs.
Step 3900: Relocated 138828 GSs.
Step 3900: Added 56265 GSs. Now having 1181583 GSs.
Step 4200: Relocated 80707 GSs.
Step 4200: Added 65134 GSs. Now having 1367829 GSs.
Step 4000: Relocated 154531 GSs.
Step 4000: Added 59079 GSs. Now having 1240662 GSs.
[4000] loss 0.0110 l1 0.0637 ssim 0.5300 N 1240662
Step 4300: Relocated 82323 GSs.
Step 4300: Added 68391 GSs. Now having 1436220 GSs.
Step 4100: Relocated 159986 GSs.
Step 4100: Added 62033 GSs. Now having 1302695 GSs.
Step 4400: Relocated 81810 GSs.
Step 4400: Added 71811 GSs. Now having 1508031 GSs.
Step 4200: Relocated 178311 GSs.
Step 4200: Added 65134 GSs. Now having 1367829 GSs.
Step 4500: Relocated 85783 GSs.
Step 4500: Added 75401 GSs. Now having 1583432 GSs.
Step 4300: Relocated 183160 GSs.
Step 4300: Added 68391 GSs. Now having 1436220 GSs.
Step 4600: Relocated 88760 GSs.
Step 4600: Added 79171 GSs. Now having 1662603 GSs.
Step 4400: Relocated 185619 GSs.
Step 4400: Added 71811 GSs. Now having 1508031 GSs.
Step 4700: Relocated 116144 GSs.
Step 4700: Added 83130 GSs. Now having 1745733 GSs.
Step 4500: Relocated 194079 GSs.
Step 4500: Added 75401 GSs. Now having 1583432 GSs.
Step 4800: Relocated 104701 GSs.
Step 4800: Added 87286 GSs. Now having 1833019 GSs.
Step 4600: Relocated 200398 GSs.
Step 4600: Added 79171 GSs. Now having 1662603 GSs.
Step 4900: Relocated 125565 GSs.
Step 4900: Added 91650 GSs. Now having 1924669 GSs.
Step 4700: Relocated 251010 GSs.
Step 4700: Added 83130 GSs. Now having 1745733 GSs.
Step 5000: Relocated 125422 GSs.
Step 5000: Added 96233 GSs. Now having 2020902 GSs.
[5000] loss 0.1046 l1 0.0542 ssim 0.7026 N 2020902
Step 4800: Relocated 239351 GSs.
Step 4800: Added 87286 GSs. Now having 1833019 GSs.
Step 5100: Relocated 128436 GSs.
Step 5100: Added 101045 GSs. Now having 2121947 GSs.
Step 4900: Relocated 271624 GSs.
Step 4900: Added 91650 GSs. Now having 1924669 GSs.
Step 5200: Relocated 130976 GSs.
Step 5200: Added 106097 GSs. Now having 2228044 GSs.
Step 5000: Relocated 283922 GSs.
Step 5000: Added 96233 GSs. Now having 2020902 GSs.
[5000] loss 0.0131 l1 0.0742 ssim 0.5548 N 2020902
Step 5300: Relocated 160851 GSs.
Step 5300: Added 111402 GSs. Now having 2339446 GSs.
Step 5100: Relocated 294665 GSs.
Step 5100: Added 101045 GSs. Now having 2121947 GSs.
Step 5400: Relocated 159740 GSs.
Step 5400: Added 116972 GSs. Now having 2456418 GSs.
Step 5200: Relocated 303375 GSs.
Step 5200: Added 106097 GSs. Now having 2228044 GSs.
Step 5500: Relocated 162551 GSs.
Step 5500: Added 122820 GSs. Now having 2579238 GSs.
Step 5300: Relocated 355220 GSs.
Step 5300: Added 111402 GSs. Now having 2339446 GSs.
Step 5600: Relocated 183787 GSs.
Step 5600: Added 128961 GSs. Now having 2708199 GSs.
Step 5400: Relocated 370462 GSs.
Step 5400: Added 116972 GSs. Now having 2456418 GSs.
Step 5700: Relocated 190363 GSs.
Step 5700: Added 135409 GSs. Now having 2843608 GSs.
Step 5500: Relocated 377711 GSs.
Step 5500: Added 122820 GSs. Now having 2579238 GSs.
Step 5800: Relocated 187693 GSs.
Step 5800: Added 142180 GSs. Now having 2985788 GSs.
Step 5600: Relocated 420675 GSs.
Step 5600: Added 128961 GSs. Now having 2708199 GSs.
Step 5900: Relocated 208285 GSs.
Step 5900: Added 149289 GSs. Now having 3135077 GSs.
Step 5700: Relocated 438357 GSs.
Step 5700: Added 135409 GSs. Now having 2843608 GSs.
Step 6000: Relocated 218478 GSs.
Step 6000: Added 156753 GSs. Now having 3291830 GSs.
[6000] loss 0.0990 l1 0.0543 ssim 0.7295 N 3291830
Step 5800: Relocated 444496 GSs.
Step 5800: Added 142180 GSs. Now having 2985788 GSs.
Step 6100: Relocated 238037 GSs.
Step 6100: Added 164591 GSs. Now having 3456421 GSs.
Step 5900: Relocated 480389 GSs.
Step 5900: Added 149289 GSs. Now having 3135077 GSs.
Step 6200: Relocated 247838 GSs.
Step 6200: Added 172821 GSs. Now having 3629242 GSs.
Step 6000: Relocated 514066 GSs.
Step 6000: Added 156753 GSs. Now having 3291830 GSs.
[6000] loss 0.0133 l1 0.0781 ssim 0.5695 N 3291830
Step 6300: Relocated 257520 GSs.
Step 6300: Added 181462 GSs. Now having 3810704 GSs.
Step 6100: Relocated 560630 GSs.
Step 6100: Added 164591 GSs. Now having 3456421 GSs.
Step 6400: Relocated 274868 GSs.
Step 6400: Added 190535 GSs. Now having 4001239 GSs.
Step 6200: Relocated 587489 GSs.
Step 6200: Added 172821 GSs. Now having 3629242 GSs.
Step 6300: Relocated 603643 GSs.
Step 6300: Added 181462 GSs. Now having 3810704 GSs.
Step 6500: Relocated 298010 GSs.
Step 6500: Added 200061 GSs. Now having 4201300 GSs.
Step 6400: Relocated 628616 GSs.
Step 6400: Added 190535 GSs. Now having 4001239 GSs.
Step 6600: Relocated 310690 GSs.
Step 6600: Added 210065 GSs. Now having 4411365 GSs.
Step 6500: Relocated 692012 GSs.
Step 6500: Added 200061 GSs. Now having 4201300 GSs.
Step 6700: Relocated 335473 GSs.
Step 6700: Added 220568 GSs. Now having 4631933 GSs.
Step 6600: Relocated 728839 GSs.
Step 6600: Added 210065 GSs. Now having 4411365 GSs.
Step 6800: Relocated 348233 GSs.
Step 6800: Added 231596 GSs. Now having 4863529 GSs.
Step 6700: Relocated 786748 GSs.
Step 6700: Added 220568 GSs. Now having 4631933 GSs.
Step 6900: Relocated 374243 GSs.
Step 6900: Added 243176 GSs. Now having 5106705 GSs.
Step 6800: Relocated 810658 GSs.
Step 6800: Added 231596 GSs. Now having 4863529 GSs.
Step 7000: Relocated 454157 GSs.
Step 7000: Added 255335 GSs. Now having 5362040 GSs.
[7000] loss 0.1171 l1 0.0594 ssim 0.6584 N 5362040
Step 6900: Relocated 863853 GSs.
Step 6900: Added 243176 GSs. Now having 5106705 GSs.
Step 7100: Relocated 459568 GSs.
Step 7100: Added 268102 GSs. Now having 5630142 GSs.
Step 7000: Relocated 1026066 GSs.
Step 7000: Added 255335 GSs. Now having 5362040 GSs.
[7000] loss 0.0146 l1 0.0795 ssim 0.5170 N 5362040
Step 7200: Relocated 439732 GSs.
Step 7200: Added 281507 GSs. Now having 5911649 GSs.
Step 7100: Relocated 1095855 GSs.
Step 7100: Added 268102 GSs. Now having 5630142 GSs.
Step 7300: Relocated 514824 GSs.
Step 7300: Added 295582 GSs. Now having 6207231 GSs.
Step 7200: Relocated 1096203 GSs.
Step 7200: Added 281507 GSs. Now having 5911649 GSs.
Step 7400: Relocated 514980 GSs.
Step 7400: Added 310361 GSs. Now having 6517592 GSs.
Step 7300: Relocated 1237031 GSs.
Step 7300: Added 295582 GSs. Now having 6207231 GSs.
Step 7500: Relocated 519829 GSs.
Step 7500: Added 325879 GSs. Now having 6843471 GSs.
Step 7400: Relocated 1300313 GSs.
Step 7400: Added 310361 GSs. Now having 6517592 GSs.
Step 7600: Relocated 546943 GSs.
Step 7600: Added 342173 GSs. Now having 7185644 GSs.
Step 7500: Relocated 1326573 GSs.
Step 7500: Added 325879 GSs. Now having 6843471 GSs.
Step 7700: Relocated 626736 GSs.
Step 7700: Added 359282 GSs. Now having 7544926 GSs.
Step 7600: Relocated 1370989 GSs.
Step 7600: Added 342173 GSs. Now having 7185644 GSs.
Step 7800: Relocated 655961 GSs.
Step 7800: Added 377246 GSs. Now having 7922172 GSs.
Step 7700: Relocated 1508420 GSs.
Step 7700: Added 359282 GSs. Now having 7544926 GSs.
Step 7800: Relocated 1636595 GSs.
Step 7800: Added 377246 GSs. Now having 7922172 GSs.
Step 7900: Relocated 717236 GSs.
Step 7900: Added 77828 GSs. Now having 8000000 GSs.
Step 8000: Relocated 650289 GSs.
Step 8000: Added 0 GSs. Now having 8000000 GSs.
[8000] loss 0.0905 l1 0.0457 ssim 0.7362 N 8000000
Step 7900: Relocated 1775202 GSs.
Step 7900: Added 77828 GSs. Now having 8000000 GSs.
Step 8100: Relocated 515507 GSs.
Step 8100: Added 0 GSs. Now having 8000000 GSs.
Step 8000: Relocated 1734594 GSs.
Step 8000: Added 0 GSs. Now having 8000000 GSs.
[8000] loss 0.0092 l1 0.0645 ssim 0.5648 N 8000000
Step 8200: Relocated 475500 GSs.
Step 8200: Added 0 GSs. Now having 8000000 GSs.
Step 8100: Relocated 1477739 GSs.
Step 8100: Added 0 GSs. Now having 8000000 GSs.
Step 8300: Relocated 455677 GSs.
Step 8300: Added 0 GSs. Now having 8000000 GSs.
Step 8200: Relocated 1359103 GSs.
Step 8200: Added 0 GSs. Now having 8000000 GSs.
Step 8400: Relocated 439896 GSs.
Step 8400: Added 0 GSs. Now having 8000000 GSs.
Step 8300: Relocated 1307891 GSs.
Step 8300: Added 0 GSs. Now having 8000000 GSs.
Step 8500: Relocated 423856 GSs.
Step 8500: Added 0 GSs. Now having 8000000 GSs.
Step 8400: Relocated 1263875 GSs.
Step 8400: Added 0 GSs. Now having 8000000 GSs.
Step 8600: Relocated 430850 GSs.
Step 8600: Added 0 GSs. Now having 8000000 GSs.
Step 8500: Relocated 1233531 GSs.
Step 8500: Added 0 GSs. Now having 8000000 GSs.
Step 8700: Relocated 392349 GSs.
Step 8700: Added 0 GSs. Now having 8000000 GSs.
Step 8600: Relocated 1242049 GSs.
Step 8600: Added 0 GSs. Now having 8000000 GSs.
Step 8800: Relocated 406939 GSs.
Step 8800: Added 0 GSs. Now having 8000000 GSs.
Step 8900: Relocated 394419 GSs.
Step 8900: Added 0 GSs. Now having 8000000 GSs.
Step 8700: Relocated 1175764 GSs.
Step 8700: Added 0 GSs. Now having 8000000 GSs.
Step 9000: Relocated 375537 GSs.
Step 9000: Added 0 GSs. Now having 8000000 GSs.
[9000] loss 0.0982 l1 0.0472 ssim 0.7039 N 8000000
Step 8800: Relocated 1216841 GSs.
Step 8800: Added 0 GSs. Now having 8000000 GSs.
Step 9100: Relocated 375036 GSs.
Step 9100: Added 0 GSs. Now having 8000000 GSs.
Step 8900: Relocated 1209622 GSs.
Step 8900: Added 0 GSs. Now having 8000000 GSs.
Step 9200: Relocated 372273 GSs.
Step 9200: Added 0 GSs. Now having 8000000 GSs.
Step 9000: Relocated 1146834 GSs.
Step 9000: Added 0 GSs. Now having 8000000 GSs.
[9000] loss 0.0078 l1 0.0588 ssim 0.5422 N 8000000
Step 9300: Relocated 381460 GSs.
Step 9300: Added 0 GSs. Now having 8000000 GSs.
Step 9100: Relocated 1138960 GSs.
Step 9100: Added 0 GSs. Now having 8000000 GSs.
Step 9400: Relocated 363606 GSs.
Step 9400: Added 0 GSs. Now having 8000000 GSs.
Step 9200: Relocated 1128404 GSs.
Step 9200: Added 0 GSs. Now having 8000000 GSs.
Step 9500: Relocated 379662 GSs.
Step 9500: Added 0 GSs. Now having 8000000 GSs.
Step 9300: Relocated 1158932 GSs.
Step 9300: Added 0 GSs. Now having 8000000 GSs.
Step 9600: Relocated 370770 GSs.
Step 9600: Added 0 GSs. Now having 8000000 GSs.
Step 9400: Relocated 1127517 GSs.
Step 9400: Added 0 GSs. Now having 8000000 GSs.
Step 9700: Relocated 380972 GSs.
Step 9700: Added 0 GSs. Now having 8000000 GSs.
Step 9500: Relocated 1156198 GSs.
Step 9500: Added 0 GSs. Now having 8000000 GSs.
Step 9800: Relocated 391316 GSs.
Step 9800: Added 0 GSs. Now having 8000000 GSs.
Step 9600: Relocated 1146149 GSs.
Step 9600: Added 0 GSs. Now having 8000000 GSs.
Step 9900: Relocated 377330 GSs.
Step 9900: Added 0 GSs. Now having 8000000 GSs.
Step 9700: Relocated 1193010 GSs.
Step 9700: Added 0 GSs. Now having 8000000 GSs.
Step 10000: Relocated 388200 GSs.
Step 10000: Added 0 GSs. Now having 8000000 GSs.
[10000] loss 0.1014 l1 0.0522 ssim 0.7080 N 8000000
Step 9800: Relocated 1246750 GSs.
Step 9800: Added 0 GSs. Now having 8000000 GSs.
Step 10100: Relocated 365295 GSs.
Step 10100: Added 0 GSs. Now having 8000000 GSs.
Step 9900: Relocated 1214199 GSs.
Step 9900: Added 0 GSs. Now having 8000000 GSs.
Step 10200: Relocated 365055 GSs.
Step 10200: Added 0 GSs. Now having 8000000 GSs.
Step 10000: Relocated 1237348 GSs.
Step 10000: Added 0 GSs. Now having 8000000 GSs.
[10000] loss 0.0135 l1 0.0819 ssim 0.5301 N 8000000
Step 10300: Relocated 366766 GSs.
Step 10300: Added 0 GSs. Now having 8000000 GSs.
Step 10100: Relocated 1182784 GSs.
Step 10100: Added 0 GSs. Now having 8000000 GSs.
Step 10400: Relocated 377773 GSs.
Step 10400: Added 0 GSs. Now having 8000000 GSs.
Step 10200: Relocated 1148691 GSs.
Step 10200: Added 0 GSs. Now having 8000000 GSs.
Step 10500: Relocated 372587 GSs.
Step 10500: Added 0 GSs. Now having 8000000 GSs.
Step 10300: Relocated 1153956 GSs.
Step 10300: Added 0 GSs. Now having 8000000 GSs.
Step 10600: Relocated 379717 GSs.
Step 10600: Added 0 GSs. Now having 8000000 GSs.
Step 10400: Relocated 1220760 GSs.
Step 10400: Added 0 GSs. Now having 8000000 GSs.
Step 10700: Relocated 366108 GSs.
Step 10700: Added 0 GSs. Now having 8000000 GSs.
Step 10500: Relocated 1180544 GSs.
Step 10500: Added 0 GSs. Now having 8000000 GSs.
Step 10800: Relocated 370032 GSs.
Step 10800: Added 0 GSs. Now having 8000000 GSs.
Step 10600: Relocated 1184996 GSs.
Step 10600: Added 0 GSs. Now having 8000000 GSs.
Step 10900: Relocated 377791 GSs.
Step 10900: Added 0 GSs. Now having 8000000 GSs.
Step 10700: Relocated 1176438 GSs.
Step 10700: Added 0 GSs. Now having 8000000 GSs.
Step 11000: Relocated 365401 GSs.
Step 11000: Added 0 GSs. Now having 8000000 GSs.
[11000] loss 0.0812 l1 0.0461 ssim 0.7849 N 8000000
Step 10800: Relocated 1184549 GSs.
Step 10800: Added 0 GSs. Now having 8000000 GSs.
Step 11100: Relocated 367985 GSs.
Step 11100: Added 0 GSs. Now having 8000000 GSs.
Step 10900: Relocated 1175971 GSs.
Step 10900: Added 0 GSs. Now having 8000000 GSs.
Step 11200: Relocated 368380 GSs.
Step 11200: Added 0 GSs. Now having 8000000 GSs.
Step 11000: Relocated 1168102 GSs.
Step 11000: Added 0 GSs. Now having 8000000 GSs.
[11000] loss 0.0086 l1 0.0621 ssim 0.6234 N 8000000
Step 11300: Relocated 386855 GSs.
Step 11300: Added 0 GSs. Now having 8000000 GSs.
Step 11100: Relocated 1173690 GSs.
Step 11100: Added 0 GSs. Now having 8000000 GSs.
Step 11400: Relocated 391517 GSs.
Step 11400: Added 0 GSs. Now having 8000000 GSs.
Step 11200: Relocated 1153675 GSs.
Step 11200: Added 0 GSs. Now having 8000000 GSs.
Step 11500: Relocated 371273 GSs.
Step 11500: Added 0 GSs. Now having 8000000 GSs.
Step 11300: Relocated 1187114 GSs.
Step 11300: Added 0 GSs. Now having 8000000 GSs.
Step 11600: Relocated 384953 GSs.
Step 11600: Added 0 GSs. Now having 8000000 GSs.
Step 11400: Relocated 1238020 GSs.
Step 11400: Added 0 GSs. Now having 8000000 GSs.
Step 11700: Relocated 387602 GSs.
Step 11700: Added 0 GSs. Now having 8000000 GSs.
Step 11500: Relocated 1185325 GSs.
Step 11500: Added 0 GSs. Now having 8000000 GSs.
Step 11800: Relocated 378838 GSs.
Step 11800: Added 0 GSs. Now having 8000000 GSs.
Step 11600: Relocated 1218820 GSs.
Step 11600: Added 0 GSs. Now having 8000000 GSs.
Step 11900: Relocated 361146 GSs.
Step 11900: Added 0 GSs. Now having 8000000 GSs.
Step 12000: Relocated 398837 GSs.
Step 12000: Added 0 GSs. Now having 8000000 GSs.
[12000] loss 0.0741 l1 0.0435 ssim 0.8100 N 8000000
Step 11700: Relocated 1242005 GSs.
Step 11700: Added 0 GSs. Now having 8000000 GSs.
Step 12100: Relocated 377389 GSs.
Step 12100: Added 0 GSs. Now having 8000000 GSs.
Step 11800: Relocated 1200175 GSs.
Step 11800: Added 0 GSs. Now having 8000000 GSs.
Step 12200: Relocated 422459 GSs.
Step 12200: Added 0 GSs. Now having 8000000 GSs.
Step 11900: Relocated 1135444 GSs.
Step 11900: Added 0 GSs. Now having 8000000 GSs.
Step 12300: Relocated 384671 GSs.
Step 12300: Added 0 GSs. Now having 8000000 GSs.
Step 12000: Relocated 1243715 GSs.
Step 12000: Added 0 GSs. Now having 8000000 GSs.
[12000] loss 0.0080 l1 0.0592 ssim 0.6618 N 8000000
Step 12400: Relocated 383243 GSs.
Step 12400: Added 0 GSs. Now having 8000000 GSs.
Step 12100: Relocated 1198368 GSs.
Step 12100: Added 0 GSs. Now having 8000000 GSs.
Step 12500: Relocated 380011 GSs.
Step 12500: Added 0 GSs. Now having 8000000 GSs.
Step 12200: Relocated 1294616 GSs.
Step 12200: Added 0 GSs. Now having 8000000 GSs.
Step 12600: Relocated 361368 GSs.
Step 12600: Added 0 GSs. Now having 8000000 GSs.
Step 12300: Relocated 1222470 GSs.
Step 12300: Added 0 GSs. Now having 8000000 GSs.
Step 12700: Relocated 375401 GSs.
Step 12700: Added 0 GSs. Now having 8000000 GSs.
Step 12400: Relocated 1208810 GSs.
Step 12400: Added 0 GSs. Now having 8000000 GSs.
Step 12800: Relocated 405709 GSs.
Step 12800: Added 0 GSs. Now having 8000000 GSs.
Step 12500: Relocated 1204417 GSs.
Step 12500: Added 0 GSs. Now having 8000000 GSs.
Step 12900: Relocated 376636 GSs.
Step 12900: Added 0 GSs. Now having 8000000 GSs.
Step 12600: Relocated 1149035 GSs.
Step 12600: Added 0 GSs. Now having 8000000 GSs.
Step 13000: Relocated 389065 GSs.
Step 13000: Added 0 GSs. Now having 8000000 GSs.
[13000] loss 0.1056 l1 0.0554 ssim 0.7004 N 8000000
Step 12700: Relocated 1172818 GSs.
Step 12700: Added 0 GSs. Now having 8000000 GSs.
Step 13100: Relocated 389178 GSs.
Step 13100: Added 0 GSs. Now having 8000000 GSs.
Step 12800: Relocated 1240243 GSs.
Step 12800: Added 0 GSs. Now having 8000000 GSs.
Step 13200: Relocated 407609 GSs.
Step 13200: Added 0 GSs. Now having 8000000 GSs.
Step 12900: Relocated 1195948 GSs.
Step 12900: Added 0 GSs. Now having 8000000 GSs.
Step 13300: Relocated 412840 GSs.
Step 13300: Added 0 GSs. Now having 8000000 GSs.
Step 13000: Relocated 1212328 GSs.
Step 13000: Added 0 GSs. Now having 8000000 GSs.
[13000] loss 0.0126 l1 0.0762 ssim 0.5523 N 8000000
Step 13400: Relocated 411934 GSs.
Step 13400: Added 0 GSs. Now having 8000000 GSs.
Step 13100: Relocated 1233171 GSs.
Step 13100: Added 0 GSs. Now having 8000000 GSs.
Step 13500: Relocated 421170 GSs.
Step 13500: Added 0 GSs. Now having 8000000 GSs.
Step 13200: Relocated 1279584 GSs.
Step 13200: Added 0 GSs. Now having 8000000 GSs.
Step 13600: Relocated 422270 GSs.
Step 13600: Added 0 GSs. Now having 8000000 GSs.
Step 13300: Relocated 1295977 GSs.
Step 13300: Added 0 GSs. Now having 8000000 GSs.
Step 13700: Relocated 439273 GSs.
Step 13700: Added 0 GSs. Now having 8000000 GSs.
Step 13400: Relocated 1332284 GSs.
Step 13400: Added 0 GSs. Now having 8000000 GSs.
Step 13800: Relocated 410592 GSs.
Step 13800: Added 0 GSs. Now having 8000000 GSs.
Step 13500: Relocated 1341942 GSs.
Step 13500: Added 0 GSs. Now having 8000000 GSs.
Step 13900: Relocated 402134 GSs.
Step 13900: Added 0 GSs. Now having 8000000 GSs.
Step 13600: Relocated 1343439 GSs.
Step 13600: Added 0 GSs. Now having 8000000 GSs.
Step 14000: Relocated 395351 GSs.
Step 14000: Added 0 GSs. Now having 8000000 GSs.
[14000] loss 0.0722 l1 0.0360 ssim 0.7897 N 8000000
Step 13700: Relocated 1412059 GSs.
Step 13700: Added 0 GSs. Now having 8000000 GSs.
Step 14100: Relocated 379505 GSs.
Step 14100: Added 0 GSs. Now having 8000000 GSs.
Step 13800: Relocated 1353981 GSs.
Step 13800: Added 0 GSs. Now having 8000000 GSs.
Step 14200: Relocated 394094 GSs.
Step 14200: Added 0 GSs. Now having 8000000 GSs.
Step 13900: Relocated 1330703 GSs.
Step 13900: Added 0 GSs. Now having 8000000 GSs.
Step 14300: Relocated 373053 GSs.
Step 14300: Added 0 GSs. Now having 8000000 GSs.
Step 14000: Relocated 1285002 GSs.
Step 14000: Added 0 GSs. Now having 8000000 GSs.
[14000] loss 0.0064 l1 0.0517 ssim 0.6490 N 8000000
Step 14400: Relocated 378440 GSs.
Step 14400: Added 0 GSs. Now having 8000000 GSs.
Step 14100: Relocated 1230242 GSs.
Step 14100: Added 0 GSs. Now having 8000000 GSs.
Step 14500: Relocated 369226 GSs.
Step 14500: Added 0 GSs. Now having 8000000 GSs.
Step 14200: Relocated 1223685 GSs.
Step 14200: Added 0 GSs. Now having 8000000 GSs.
Step 14600: Relocated 393650 GSs.
Step 14600: Added 0 GSs. Now having 8000000 GSs.
Step 14300: Relocated 1174538 GSs.
Step 14300: Added 0 GSs. Now having 8000000 GSs.
Step 14700: Relocated 405874 GSs.
Step 14700: Added 0 GSs. Now having 8000000 GSs.
Step 14400: Relocated 1191243 GSs.
Step 14400: Added 0 GSs. Now having 8000000 GSs.
Step 14800: Relocated 408050 GSs.
Step 14800: Added 0 GSs. Now having 8000000 GSs.
Step 14500: Relocated 1175915 GSs.
Step 14500: Added 0 GSs. Now having 8000000 GSs.
Step 14900: Relocated 389557 GSs.
Step 14900: Added 0 GSs. Now having 8000000 GSs.
Step 14600: Relocated 1245475 GSs.
Step 14600: Added 0 GSs. Now having 8000000 GSs.
Step 15000: Relocated 412559 GSs.
Step 15000: Added 0 GSs. Now having 8000000 GSs.
[15000] loss 0.0889 l1 0.0437 ssim 0.7371 N 8000000
Step 14700: Relocated 1260795 GSs.
Step 14700: Added 0 GSs. Now having 8000000 GSs.
Step 15100: Relocated 382104 GSs.
Step 15100: Added 0 GSs. Now having 8000000 GSs.
Step 14800: Relocated 1295022 GSs.
Step 14800: Added 0 GSs. Now having 8000000 GSs.
Step 15200: Relocated 380753 GSs.
Step 15200: Added 0 GSs. Now having 8000000 GSs.
Step 14900: Relocated 1250030 GSs.
Step 14900: Added 0 GSs. Now having 8000000 GSs.
Step 15300: Relocated 386961 GSs.
Step 15300: Added 0 GSs. Now having 8000000 GSs.
Step 15000: Relocated 1307873 GSs.
Step 15000: Added 0 GSs. Now having 8000000 GSs.
[15000] loss 0.0080 l1 0.0567 ssim 0.6187 N 8000000
Step 15400: Relocated 398126 GSs.
Step 15400: Added 0 GSs. Now having 8000000 GSs.
Step 15100: Relocated 1243661 GSs.
Step 15100: Added 0 GSs. Now having 8000000 GSs.
Step 15500: Relocated 397695 GSs.
Step 15500: Added 0 GSs. Now having 8000000 GSs.
Step 15200: Relocated 1236352 GSs.
Step 15200: Added 0 GSs. Now having 8000000 GSs.
Step 15600: Relocated 380756 GSs.
Step 15600: Added 0 GSs. Now having 8000000 GSs.
Step 15300: Relocated 1243851 GSs.
Step 15300: Added 0 GSs. Now having 8000000 GSs.
Step 15700: Relocated 410017 GSs.
Step 15700: Added 0 GSs. Now having 8000000 GSs.
Step 15400: Relocated 1280350 GSs.
Step 15400: Added 0 GSs. Now having 8000000 GSs.
Step 15800: Relocated 374951 GSs.
Step 15800: Added 0 GSs. Now having 8000000 GSs.
Step 15500: Relocated 1287799 GSs.
Step 15500: Added 0 GSs. Now having 8000000 GSs.
Step 15900: Relocated 429203 GSs.
Step 15900: Added 0 GSs. Now having 8000000 GSs.
Step 15600: Relocated 1226527 GSs.
Step 15600: Added 0 GSs. Now having 8000000 GSs.
Step 16000: Relocated 395990 GSs.
Step 16000: Added 0 GSs. Now having 8000000 GSs.
[16000] loss 0.0747 l1 0.0425 ssim 0.8033 N 8000000
Step 15700: Relocated 1298404 GSs.
Step 15700: Added 0 GSs. Now having 8000000 GSs.
Step 16100: Relocated 418194 GSs.
Step 16100: Added 0 GSs. Now having 8000000 GSs.
Step 16200: Relocated 424143 GSs.
Step 16200: Added 0 GSs. Now having 8000000 GSs.
Step 15800: Relocated 1245928 GSs.
Step 15800: Added 0 GSs. Now having 8000000 GSs.
Step 16300: Relocated 395537 GSs.
Step 16300: Added 0 GSs. Now having 8000000 GSs.
Step 15900: Relocated 1366812 GSs.
Step 15900: Added 0 GSs. Now having 8000000 GSs.
Step 16400: Relocated 387311 GSs.
Step 16400: Added 0 GSs. Now having 8000000 GSs.
Step 16000: Relocated 1312418 GSs.
Step 16000: Added 0 GSs. Now having 8000000 GSs.
[16000] loss 0.0114 l1 0.0755 ssim 0.6199 N 8000000
Step 16500: Relocated 432097 GSs.
Step 16500: Added 0 GSs. Now having 8000000 GSs.
Step 16100: Relocated 1358410 GSs.
Step 16100: Added 0 GSs. Now having 8000000 GSs.
Step 16600: Relocated 423276 GSs.
Step 16600: Added 0 GSs. Now having 8000000 GSs.
Step 16200: Relocated 1403323 GSs.
Step 16200: Added 0 GSs. Now having 8000000 GSs.
Step 16700: Relocated 392061 GSs.
Step 16700: Added 0 GSs. Now having 8000000 GSs.
Step 16300: Relocated 1351879 GSs.
Step 16300: Added 0 GSs. Now having 8000000 GSs.
Step 16800: Relocated 396031 GSs.
Step 16800: Added 0 GSs. Now having 8000000 GSs.
Step 16400: Relocated 1325748 GSs.
Step 16400: Added 0 GSs. Now having 8000000 GSs.
Step 16900: Relocated 374393 GSs.
Step 16900: Added 0 GSs. Now having 8000000 GSs.
Step 16500: Relocated 1427040 GSs.
Step 16500: Added 0 GSs. Now having 8000000 GSs.
Step 17000: Relocated 394826 GSs.
Step 17000: Added 0 GSs. Now having 8000000 GSs.
[17000] loss 0.0655 l1 0.0367 ssim 0.8262 N 8000000
Step 16600: Relocated 1418638 GSs.
Step 16600: Added 0 GSs. Now having 8000000 GSs.
Step 17100: Relocated 399597 GSs.
Step 17100: Added 0 GSs. Now having 8000000 GSs.
Step 16700: Relocated 1327980 GSs.
Step 16700: Added 0 GSs. Now having 8000000 GSs.
Step 17200: Relocated 396587 GSs.
Step 17200: Added 0 GSs. Now having 8000000 GSs.
Step 16800: Relocated 1336830 GSs.
Step 16800: Added 0 GSs. Now having 8000000 GSs.
Step 17300: Relocated 369779 GSs.
Step 17300: Added 0 GSs. Now having 8000000 GSs.
Step 16900: Relocated 1281096 GSs.
Step 16900: Added 0 GSs. Now having 8000000 GSs.
Step 17400: Relocated 387359 GSs.
Step 17400: Added 0 GSs. Now having 8000000 GSs.
Step 17000: Relocated 1336475 GSs.
Step 17000: Added 0 GSs. Now having 8000000 GSs.
[17000] loss 0.0075 l1 0.0594 ssim 0.6450 N 8000000
Step 17500: Relocated 369902 GSs.
Step 17500: Added 0 GSs. Now having 8000000 GSs.
Step 17100: Relocated 1353051 GSs.
Step 17100: Added 0 GSs. Now having 8000000 GSs.
Step 17600: Relocated 374015 GSs.
Step 17600: Added 0 GSs. Now having 8000000 GSs.
Step 17200: Relocated 1335426 GSs.
Step 17200: Added 0 GSs. Now having 8000000 GSs.
Step 17700: Relocated 406610 GSs.
Step 17700: Added 0 GSs. Now having 8000000 GSs.
Step 17300: Relocated 1282196 GSs.
Step 17300: Added 0 GSs. Now having 8000000 GSs.
Step 17800: Relocated 391366 GSs.
Step 17800: Added 0 GSs. Now having 8000000 GSs.
Step 17400: Relocated 1300890 GSs.
Step 17400: Added 0 GSs. Now having 8000000 GSs.
Step 17900: Relocated 384001 GSs.
Step 17900: Added 0 GSs. Now having 8000000 GSs.
Step 17500: Relocated 1267430 GSs.
Step 17500: Added 0 GSs. Now having 8000000 GSs.
Step 18000: Relocated 403631 GSs.
Step 18000: Added 0 GSs. Now having 8000000 GSs.
[18000] loss 0.0660 l1 0.0435 ssim 0.8510 N 8000000
Step 17600: Relocated 1300579 GSs.
Step 17600: Added 0 GSs. Now having 8000000 GSs.
Step 18100: Relocated 378339 GSs.
Step 18100: Added 0 GSs. Now having 8000000 GSs.
Step 17700: Relocated 1366030 GSs.
Step 17700: Added 0 GSs. Now having 8000000 GSs.
Step 18200: Relocated 365384 GSs.
Step 18200: Added 0 GSs. Now having 8000000 GSs.
Step 17800: Relocated 1366792 GSs.
Step 17800: Added 0 GSs. Now having 8000000 GSs.
Step 18300: Relocated 382944 GSs.
Step 18300: Added 0 GSs. Now having 8000000 GSs.
Step 17900: Relocated 1334934 GSs.
Step 17900: Added 0 GSs. Now having 8000000 GSs.
Step 18400: Relocated 355046 GSs.
Step 18400: Added 0 GSs. Now having 8000000 GSs.
Step 18000: Relocated 1380346 GSs.
Step 18000: Added 0 GSs. Now having 8000000 GSs.
[18000] loss 0.0087 l1 0.0653 ssim 0.6562 N 8000000
Step 18500: Relocated 368555 GSs.
Step 18500: Added 0 GSs. Now having 8000000 GSs.
Step 18100: Relocated 1343941 GSs.
Step 18100: Added 0 GSs. Now having 8000000 GSs.
Step 18600: Relocated 387227 GSs.
Step 18600: Added 0 GSs. Now having 8000000 GSs.
Step 18200: Relocated 1301106 GSs.
Step 18200: Added 0 GSs. Now having 8000000 GSs.
Step 18700: Relocated 397683 GSs.
Step 18700: Added 0 GSs. Now having 8000000 GSs.
Step 18300: Relocated 1342034 GSs.
Step 18300: Added 0 GSs. Now having 8000000 GSs.
Step 18800: Relocated 381204 GSs.
Step 18800: Added 0 GSs. Now having 8000000 GSs.
Step 18400: Relocated 1276007 GSs.
Step 18400: Added 0 GSs. Now having 8000000 GSs.
Step 18900: Relocated 405818 GSs.
Step 18900: Added 0 GSs. Now having 8000000 GSs.
Step 18500: Relocated 1288134 GSs.
Step 18500: Added 0 GSs. Now having 8000000 GSs.
Step 19000: Relocated 390308 GSs.
Step 19000: Added 0 GSs. Now having 8000000 GSs.
[19000] loss 0.1009 l1 0.0509 ssim 0.7060 N 8000000
Step 18600: Relocated 1348127 GSs.
Step 18600: Added 0 GSs. Now having 8000000 GSs.
Step 19100: Relocated 411072 GSs.
Step 19100: Added 0 GSs. Now having 8000000 GSs.
Step 18700: Relocated 1366854 GSs.
Step 18700: Added 0 GSs. Now having 8000000 GSs.
Step 19200: Relocated 399716 GSs.
Step 19200: Added 0 GSs. Now having 8000000 GSs.
Step 18800: Relocated 1349792 GSs.
Step 18800: Added 0 GSs. Now having 8000000 GSs.
Step 19300: Relocated 377188 GSs.
Step 19300: Added 0 GSs. Now having 8000000 GSs.
Step 18900: Relocated 1433245 GSs.
Step 18900: Added 0 GSs. Now having 8000000 GSs.
Step 19400: Relocated 382303 GSs.
Step 19400: Added 0 GSs. Now having 8000000 GSs.
Step 19000: Relocated 1418263 GSs.
Step 19000: Added 0 GSs. Now having 8000000 GSs.
[19000] loss 0.0106 l1 0.0679 ssim 0.5415 N 8000000
Step 19500: Relocated 403966 GSs.
Step 19500: Added 0 GSs. Now having 8000000 GSs.
Step 19100: Relocated 1456450 GSs.
Step 19100: Added 0 GSs. Now having 8000000 GSs.
Step 19600: Relocated 378299 GSs.
Step 19600: Added 0 GSs. Now having 8000000 GSs.
Step 19200: Relocated 1427424 GSs.
Step 19200: Added 0 GSs. Now having 8000000 GSs.
Step 19700: Relocated 386974 GSs.
Step 19700: Added 0 GSs. Now having 8000000 GSs.
Step 19300: Relocated 1375643 GSs.
Step 19300: Added 0 GSs. Now having 8000000 GSs.
Step 19800: Relocated 372397 GSs.
Step 19800: Added 0 GSs. Now having 8000000 GSs.
Step 19400: Relocated 1366016 GSs.
Step 19400: Added 0 GSs. Now having 8000000 GSs.
Step 19900: Relocated 368018 GSs.
Step 19900: Added 0 GSs. Now having 8000000 GSs.
Step 19500: Relocated 1437924 GSs.
Step 19500: Added 0 GSs. Now having 8000000 GSs.
Step 20000: Relocated 369515 GSs.
Step 20000: Added 0 GSs. Now having 8000000 GSs.
[20000] loss 0.0551 l1 0.0308 ssim 0.8548 N 8000000
Step 19600: Relocated 1396807 GSs.
Step 19600: Added 0 GSs. Now having 8000000 GSs.
Step 20100: Relocated 368470 GSs.
Step 20100: Added 0 GSs. Now having 8000000 GSs.
Step 19700: Relocated 1396103 GSs.
Step 19700: Added 0 GSs. Now having 8000000 GSs.
Step 20200: Relocated 369451 GSs.
Step 20200: Added 0 GSs. Now having 8000000 GSs.
Step 19800: Relocated 1355672 GSs.
Step 19800: Added 0 GSs. Now having 8000000 GSs.
Step 20300: Relocated 367337 GSs.
Step 20300: Added 0 GSs. Now having 8000000 GSs.
Step 19900: Relocated 1337717 GSs.
Step 19900: Added 0 GSs. Now having 8000000 GSs.
Step 20400: Relocated 344141 GSs.
Step 20400: Added 0 GSs. Now having 8000000 GSs.
Step 20000: Relocated 1344560 GSs.
Step 20000: Added 0 GSs. Now having 8000000 GSs.
[20000] loss 0.0055 l1 0.0488 ssim 0.7060 N 8000000
Step 20500: Relocated 365458 GSs.
Step 20500: Added 0 GSs. Now having 8000000 GSs.
Step 20100: Relocated 1347406 GSs.
Step 20100: Added 0 GSs. Now having 8000000 GSs.
Step 20600: Relocated 372856 GSs.
Step 20600: Added 0 GSs. Now having 8000000 GSs.
Step 20200: Relocated 1363310 GSs.
Step 20200: Added 0 GSs. Now having 8000000 GSs.
Step 20700: Relocated 361000 GSs.
Step 20700: Added 0 GSs. Now having 8000000 GSs.
Step 20300: Relocated 1368601 GSs.
Step 20300: Added 0 GSs. Now having 8000000 GSs.
Step 20800: Relocated 394926 GSs.
Step 20800: Added 0 GSs. Now having 8000000 GSs.
Step 20400: Relocated 1307051 GSs.
Step 20400: Added 0 GSs. Now having 8000000 GSs.
Step 20900: Relocated 412208 GSs.
Step 20900: Added 0 GSs. Now having 8000000 GSs.
Step 20500: Relocated 1350757 GSs.
Step 20500: Added 0 GSs. Now having 8000000 GSs.
Step 21000: Relocated 389074 GSs.
Step 21000: Added 0 GSs. Now having 8000000 GSs.
[21000] loss 0.0712 l1 0.0356 ssim 0.7940 N 8000000
Step 20600: Relocated 1368822 GSs.
Step 20600: Added 0 GSs. Now having 8000000 GSs.
Step 21100: Relocated 382710 GSs.
Step 21100: Added 0 GSs. Now having 8000000 GSs.
Step 20700: Relocated 1346564 GSs.
Step 20700: Added 0 GSs. Now having 8000000 GSs.
Step 21200: Relocated 367473 GSs.
Step 21200: Added 0 GSs. Now having 8000000 GSs.
Step 20800: Relocated 1446760 GSs.
Step 20800: Added 0 GSs. Now having 8000000 GSs.
Step 21300: Relocated 384009 GSs.
Step 21300: Added 0 GSs. Now having 8000000 GSs.
Step 20900: Relocated 1509253 GSs.
Step 20900: Added 0 GSs. Now having 8000000 GSs.
Step 21400: Relocated 368394 GSs.
Step 21400: Added 0 GSs. Now having 8000000 GSs.
Step 21000: Relocated 1495614 GSs.
Step 21000: Added 0 GSs. Now having 8000000 GSs.
[21000] loss 0.0059 l1 0.0486 ssim 0.6609 N 8000000
Step 21500: Relocated 360189 GSs.
Step 21500: Added 0 GSs. Now having 8000000 GSs.
Step 21100: Relocated 1486904 GSs.
Step 21100: Added 0 GSs. Now having 8000000 GSs.
Step 21600: Relocated 366931 GSs.
Step 21600: Added 0 GSs. Now having 8000000 GSs.
Step 21200: Relocated 1459659 GSs.
Step 21200: Added 0 GSs. Now having 8000000 GSs.
Step 21700: Relocated 355318 GSs.
Step 21700: Added 0 GSs. Now having 8000000 GSs.
Step 21800: Relocated 359762 GSs.
Step 21800: Added 0 GSs. Now having 8000000 GSs.
Step 21300: Relocated 1486583 GSs.
Step 21300: Added 0 GSs. Now having 8000000 GSs.
Step 21900: Relocated 386814 GSs.
Step 21900: Added 0 GSs. Now having 8000000 GSs.
Step 21400: Relocated 1448001 GSs.
Step 21400: Added 0 GSs. Now having 8000000 GSs.
Step 22000: Relocated 381696 GSs.
Step 22000: Added 0 GSs. Now having 8000000 GSs.
[22000] loss 0.0562 l1 0.0331 ssim 0.8587 N 8000000
Step 21500: Relocated 1421780 GSs.
Step 21500: Added 0 GSs. Now having 8000000 GSs.
Step 22100: Relocated 387375 GSs.
Step 22100: Added 0 GSs. Now having 8000000 GSs.
Step 21600: Relocated 1423035 GSs.
Step 21600: Added 0 GSs. Now having 8000000 GSs.
Step 22200: Relocated 376763 GSs.
Step 22200: Added 0 GSs. Now having 8000000 GSs.
Step 21700: Relocated 1383993 GSs.
Step 21700: Added 0 GSs. Now having 8000000 GSs.
Step 22300: Relocated 370485 GSs.
Step 22300: Added 0 GSs. Now having 8000000 GSs.
Step 21800: Relocated 1398288 GSs.
Step 21800: Added 0 GSs. Now having 8000000 GSs.
Step 22400: Relocated 367866 GSs.
Step 22400: Added 0 GSs. Now having 8000000 GSs.
Step 21900: Relocated 1474900 GSs.
Step 21900: Added 0 GSs. Now having 8000000 GSs.
Step 22500: Relocated 361358 GSs.
Step 22500: Added 0 GSs. Now having 8000000 GSs.
Step 22000: Relocated 1506518 GSs.
Step 22000: Added 0 GSs. Now having 8000000 GSs.
[22000] loss 0.0081 l1 0.0584 ssim 0.6901 N 8000000
Step 22600: Relocated 369247 GSs.
Step 22600: Added 0 GSs. Now having 8000000 GSs.
Step 22100: Relocated 1514123 GSs.
Step 22100: Added 0 GSs. Now having 8000000 GSs.
Step 22700: Relocated 359136 GSs.
Step 22700: Added 0 GSs. Now having 8000000 GSs.
Step 22200: Relocated 1483829 GSs.
Step 22200: Added 0 GSs. Now having 8000000 GSs.
Step 22800: Relocated 359429 GSs.
Step 22800: Added 0 GSs. Now having 8000000 GSs.
Step 22300: Relocated 1473299 GSs.
Step 22300: Added 0 GSs. Now having 8000000 GSs.
Step 22900: Relocated 369764 GSs.
Step 22900: Added 0 GSs. Now having 8000000 GSs.
Step 22400: Relocated 1470101 GSs.
Step 22400: Added 0 GSs. Now having 8000000 GSs.
Step 23000: Relocated 358783 GSs.
Step 23000: Added 0 GSs. Now having 8000000 GSs.
[23000] loss 0.0714 l1 0.0405 ssim 0.8126 N 8000000
Step 22500: Relocated 1458232 GSs.
Step 22500: Added 0 GSs. Now having 8000000 GSs.
Step 23100: Relocated 336392 GSs.
Step 23100: Added 0 GSs. Now having 8000000 GSs.
Step 22600: Relocated 1490343 GSs.
Step 22600: Added 0 GSs. Now having 8000000 GSs.
Step 23200: Relocated 349357 GSs.
Step 23200: Added 0 GSs. Now having 8000000 GSs.
Step 22700: Relocated 1484948 GSs.
Step 22700: Added 0 GSs. Now having 8000000 GSs.
Step 23300: Relocated 339001 GSs.
Step 23300: Added 0 GSs. Now having 8000000 GSs.
Step 22800: Relocated 1487391 GSs.
Step 22800: Added 0 GSs. Now having 8000000 GSs.
Step 23400: Relocated 368199 GSs.
Step 23400: Added 0 GSs. Now having 8000000 GSs.
Step 22900: Relocated 1510984 GSs.
Step 22900: Added 0 GSs. Now having 8000000 GSs.
Step 23500: Relocated 374102 GSs.
Step 23500: Added 0 GSs. Now having 8000000 GSs.
Step 23000: Relocated 1465068 GSs.
Step 23000: Added 0 GSs. Now having 8000000 GSs.
[23000] loss 0.0093 l1 0.0623 ssim 0.6593 N 8000000
Step 23600: Relocated 379111 GSs.
Step 23600: Added 0 GSs. Now having 8000000 GSs.
Step 23100: Relocated 1416090 GSs.
Step 23100: Added 0 GSs. Now having 8000000 GSs.
Step 23700: Relocated 357522 GSs.
Step 23700: Added 0 GSs. Now having 8000000 GSs.
Step 23200: Relocated 1439179 GSs.
Step 23200: Added 0 GSs. Now having 8000000 GSs.
Step 23800: Relocated 347271 GSs.
Step 23800: Added 0 GSs. Now having 8000000 GSs.
Step 23300: Relocated 1415325 GSs.
Step 23300: Added 0 GSs. Now having 8000000 GSs.
Step 23900: Relocated 360954 GSs.
Step 23900: Added 0 GSs. Now having 8000000 GSs.
Step 23400: Relocated 1500352 GSs.
Step 23400: Added 0 GSs. Now having 8000000 GSs.
Step 24000: Relocated 361670 GSs.
Step 24000: Added 0 GSs. Now having 8000000 GSs.
[24000] loss 0.0615 l1 0.0361 ssim 0.8445 N 8000000
Step 23500: Relocated 1546821 GSs.
Step 23500: Added 0 GSs. Now having 8000000 GSs.
Step 24100: Relocated 357188 GSs.
Step 24100: Added 0 GSs. Now having 8000000 GSs.
Step 23600: Relocated 1553763 GSs.
Step 23600: Added 0 GSs. Now having 8000000 GSs.
Step 24200: Relocated 340565 GSs.
Step 24200: Added 0 GSs. Now having 8000000 GSs.
Step 23700: Relocated 1492910 GSs.
Step 23700: Added 0 GSs. Now having 8000000 GSs.
Step 24300: Relocated 340992 GSs.
Step 24300: Added 0 GSs. Now having 8000000 GSs.
Step 23800: Relocated 1478871 GSs.
Step 23800: Added 0 GSs. Now having 8000000 GSs.
Step 24400: Relocated 345181 GSs.
Step 24400: Added 0 GSs. Now having 8000000 GSs.
Step 23900: Relocated 1518900 GSs.
Step 23900: Added 0 GSs. Now having 8000000 GSs.
Step 24500: Relocated 364819 GSs.
Step 24500: Added 0 GSs. Now having 8000000 GSs.
Step 24000: Relocated 1521526 GSs.
Step 24000: Added 0 GSs. Now having 8000000 GSs.
[24000] loss 0.0092 l1 0.0698 ssim 0.6374 N 8000000
Step 24600: Relocated 359591 GSs.
Step 24600: Added 0 GSs. Now having 8000000 GSs.
Step 24100: Relocated 1525508 GSs.
Step 24100: Added 0 GSs. Now having 8000000 GSs.
Step 24700: Relocated 350991 GSs.
Step 24700: Added 0 GSs. Now having 8000000 GSs.
Step 24200: Relocated 1469648 GSs.
Step 24200: Added 0 GSs. Now having 8000000 GSs.
Step 24800: Relocated 333628 GSs.
Step 24800: Added 0 GSs. Now having 8000000 GSs.
Step 24300: Relocated 1459954 GSs.
Step 24300: Added 0 GSs. Now having 8000000 GSs.
Step 24900: Relocated 328669 GSs.
Step 24900: Added 0 GSs. Now having 8000000 GSs.
Step 24400: Relocated 1471670 GSs.
Step 24400: Added 0 GSs. Now having 8000000 GSs.
Step 25000: Relocated 350880 GSs.
Step 25000: Added 0 GSs. Now having 8000000 GSs.
[25000] loss 0.0729 l1 0.0394 ssim 0.8008 N 8000000
Step 24500: Relocated 1540594 GSs.
Step 24500: Added 0 GSs. Now having 8000000 GSs.
Step 25100: Relocated 339622 GSs.
Step 25100: Added 0 GSs. Now having 8000000 GSs.
Step 24600: Relocated 1521689 GSs.
Step 24600: Added 0 GSs. Now having 8000000 GSs.
Step 25200: Relocated 345227 GSs.
Step 25200: Added 0 GSs. Now having 8000000 GSs.
Step 24700: Relocated 1509412 GSs.
Step 24700: Added 0 GSs. Now having 8000000 GSs.
Step 25300: Relocated 348412 GSs.
Step 25300: Added 0 GSs. Now having 8000000 GSs.
Step 24800: Relocated 1471683 GSs.
Step 24800: Added 0 GSs. Now having 8000000 GSs.
Step 25400: Relocated 375873 GSs.
Step 25400: Added 0 GSs. Now having 8000000 GSs.
Step 24900: Relocated 1443597 GSs.
Step 24900: Added 0 GSs. Now having 8000000 GSs.
Step 25500: Relocated 352384 GSs.
Step 25500: Added 0 GSs. Now having 8000000 GSs.
Step 25000: Relocated 1520457 GSs.
Step 25000: Added 0 GSs. Now having 8000000 GSs.
[25000] loss 0.0075 l1 0.0543 ssim 0.6628 N 8000000
Setting up [LPIPS] perceptual loss: trunk [vgg], v[0.1], spatial [off]
/home/bkai/miniconda3/envs/gsplat/lib/python3.10/site-packages/torchvision/models/_utils.py:208: UserWarning: The parameter 'pretrained' is deprecated since 0.13 and may be removed in the future, please use 'weights' instead.
  warnings.warn(
/home/bkai/miniconda3/envs/gsplat/lib/python3.10/site-packages/torchvision/models/_utils.py:223: UserWarning: Arguments other than a weight enum or `None` for 'weights' are deprecated since 0.13 and may be removed in the future. The current behavior is equivalent to passing `weights=VGG16_Weights.IMAGENET1K_V1`. You can also use `weights=VGG16_Weights.DEFAULT` to get the most up-to-date weights.
  warnings.warn(msg)
Loading model from: /home/bkai/miniconda3/envs/gsplat/lib/python3.10/site-packages/lpips/weights/v0.1/vgg.pth
Step 25600: Relocated 345091 GSs.
Step 25600: Added 0 GSs. Now having 8000000 GSs.
Step 25700: Relocated 318631 GSs.
Step 25700: Added 0 GSs. Now having 8000000 GSs.
Step 25800: Relocated 321286 GSs.
Step 25800: Added 0 GSs. Now having 8000000 GSs.
Step 25100: Relocated 2204451 GSs.
Step 25100: Added 0 GSs. Now having 8000000 GSs.
Step 25900: Relocated 334935 GSs.
Step 25900: Added 0 GSs. Now having 8000000 GSs.
Step 26000: Relocated 336736 GSs.
Step 26000: Added 0 GSs. Now having 8000000 GSs.
[26000] loss 0.0553 l1 0.0336 ssim 0.8654 N 8000000
Step 25200: Relocated 1542593 GSs.
Step 25200: Added 0 GSs. Now having 8000000 GSs.
Step 26100: Relocated 334332 GSs.
Step 26100: Added 0 GSs. Now having 8000000 GSs.
Step 26200: Relocated 329776 GSs.
Step 26200: Added 0 GSs. Now having 8000000 GSs.
Step 25300: Relocated 1269610 GSs.
Step 25300: Added 0 GSs. Now having 8000000 GSs.
Step 26300: Relocated 323126 GSs.
Step 26300: Added 0 GSs. Now having 8000000 GSs.
Step 26400: Relocated 318289 GSs.
Step 26400: Added 0 GSs. Now having 8000000 GSs.
Step 25400: Relocated 1188287 GSs.
Step 25400: Added 0 GSs. Now having 8000000 GSs.
Step 26500: Relocated 312897 GSs.
Step 26500: Added 0 GSs. Now having 8000000 GSs.
Step 26600: Relocated 323482 GSs.
Step 26600: Added 0 GSs. Now having 8000000 GSs.
Step 26700: Relocated 345881 GSs.
Step 26700: Added 0 GSs. Now having 8000000 GSs.
Step 25500: Relocated 1020138 GSs.
Step 25500: Added 0 GSs. Now having 8000000 GSs.
Step 26800: Relocated 324459 GSs.
Step 26800: Added 0 GSs. Now having 8000000 GSs.
Step 26900: Relocated 313610 GSs.
Step 26900: Added 0 GSs. Now having 8000000 GSs.
Step 25600: Relocated 888380 GSs.
Step 25600: Added 0 GSs. Now having 8000000 GSs.
Step 27000: Relocated 330174 GSs.
Step 27000: Added 0 GSs. Now having 8000000 GSs.
[27000] loss 0.0570 l1 0.0322 ssim 0.8514 N 8000000
Step 27100: Relocated 328878 GSs.
Step 27100: Added 0 GSs. Now having 8000000 GSs.
Step 25700: Relocated 776345 GSs.
Step 25700: Added 0 GSs. Now having 8000000 GSs.
Step 27200: Relocated 324027 GSs.
Step 27200: Added 0 GSs. Now having 8000000 GSs.
Step 27300: Relocated 311425 GSs.
Step 27300: Added 0 GSs. Now having 8000000 GSs.
Step 25800: Relocated 727119 GSs.
Step 25800: Added 0 GSs. Now having 8000000 GSs.
Step 27400: Relocated 323902 GSs.
Step 27400: Added 0 GSs. Now having 8000000 GSs.
Step 27500: Relocated 335633 GSs.
Step 27500: Added 0 GSs. Now having 8000000 GSs.
Step 25900: Relocated 708702 GSs.
Step 25900: Added 0 GSs. Now having 8000000 GSs.
Step 27600: Relocated 332525 GSs.
Step 27600: Added 0 GSs. Now having 8000000 GSs.
Step 27700: Relocated 312667 GSs.
Step 27700: Added 0 GSs. Now having 8000000 GSs.
Step 27800: Relocated 312876 GSs.
Step 27800: Added 0 GSs. Now having 8000000 GSs.
Step 26000: Relocated 668267 GSs.
Step 26000: Added 0 GSs. Now having 8000000 GSs.
[26000] loss 0.0348 l1 0.0666 ssim 0.6259 N 8000000
Step 27900: Relocated 308757 GSs.
Step 27900: Added 0 GSs. Now having 8000000 GSs.
Step 28000: Relocated 290733 GSs.
Step 28000: Added 0 GSs. Now having 8000000 GSs.
[28000] loss 0.0583 l1 0.0317 ssim 0.8435 N 8000000
Step 26100: Relocated 639993 GSs.
Step 26100: Added 0 GSs. Now having 8000000 GSs.
Step 28100: Relocated 311905 GSs.
Step 28100: Added 0 GSs. Now having 8000000 GSs.
Step 28200: Relocated 312850 GSs.
Step 28200: Added 0 GSs. Now having 8000000 GSs.
Step 26200: Relocated 607042 GSs.
Step 26200: Added 0 GSs. Now having 8000000 GSs.
Step 28300: Relocated 307916 GSs.
Step 28300: Added 0 GSs. Now having 8000000 GSs.
Step 28400: Relocated 297256 GSs.
Step 28400: Added 0 GSs. Now having 8000000 GSs.
Step 26300: Relocated 579699 GSs.
Step 26300: Added 0 GSs. Now having 8000000 GSs.
Step 28500: Relocated 300271 GSs.
Step 28500: Added 0 GSs. Now having 8000000 GSs.
Step 28600: Relocated 311172 GSs.
Step 28600: Added 0 GSs. Now having 8000000 GSs.
Step 26400: Relocated 558284 GSs.
Step 26400: Added 0 GSs. Now having 8000000 GSs.
Step 28700: Relocated 294049 GSs.
Step 28700: Added 0 GSs. Now having 8000000 GSs.
Step 28800: Relocated 281645 GSs.
Step 28800: Added 0 GSs. Now having 8000000 GSs.
Step 28900: Relocated 279096 GSs.
Step 28900: Added 0 GSs. Now having 8000000 GSs.
Step 26500: Relocated 533274 GSs.
Step 26500: Added 0 GSs. Now having 8000000 GSs.
Step 29000: Relocated 291297 GSs.
Step 29000: Added 0 GSs. Now having 8000000 GSs.
[29000] loss 0.0557 l1 0.0341 ssim 0.8662 N 8000000
Step 29100: Relocated 310069 GSs.
Step 29100: Added 0 GSs. Now having 8000000 GSs.
Step 26600: Relocated 534806 GSs.
Step 26600: Added 0 GSs. Now having 8000000 GSs.
Step 29200: Relocated 329527 GSs.
Step 29200: Added 0 GSs. Now having 8000000 GSs.
Step 29300: Relocated 327940 GSs.
Step 29300: Added 0 GSs. Now having 8000000 GSs.
Step 26700: Relocated 548352 GSs.
Step 26700: Added 0 GSs. Now having 8000000 GSs.
Step 29400: Relocated 349409 GSs.
Step 29400: Added 0 GSs. Now having 8000000 GSs.
Step 29500: Relocated 313464 GSs.
Step 29500: Added 0 GSs. Now having 8000000 GSs.
Step 26800: Relocated 519752 GSs.
Step 26800: Added 0 GSs. Now having 8000000 GSs.
Step 29600: Relocated 293738 GSs.
Step 29600: Added 0 GSs. Now having 8000000 GSs.
Step 29700: Relocated 296094 GSs.
Step 29700: Added 0 GSs. Now having 8000000 GSs.
Step 26900: Relocated 496443 GSs.
Step 26900: Added 0 GSs. Now having 8000000 GSs.
Step 29800: Relocated 315250 GSs.
Step 29800: Added 0 GSs. Now having 8000000 GSs.
Step 29900: Relocated 308608 GSs.
Step 29900: Added 0 GSs. Now having 8000000 GSs.
Step 27000: Relocated 520426 GSs.
Step 27000: Added 0 GSs. Now having 8000000 GSs.
[27000] loss 0.0261 l1 0.0504 ssim 0.7032 N 8000000
Step 30000: Relocated 308682 GSs.
Step 30000: Added 0 GSs. Now having 8000000 GSs.
[30000] loss 0.0750 l1 0.0406 ssim 0.7958 N 8000000
Step 30100: Relocated 301464 GSs.
Step 30100: Added 0 GSs. Now having 8000000 GSs.
Step 30200: Relocated 307077 GSs.
Step 30200: Added 0 GSs. Now having 8000000 GSs.
Step 27100: Relocated 505137 GSs.
Step 27100: Added 0 GSs. Now having 8000000 GSs.
Step 30300: Relocated 302115 GSs.
Step 30300: Added 0 GSs. Now having 8000000 GSs.
Step 30400: Relocated 285451 GSs.
Step 30400: Added 0 GSs. Now having 8000000 GSs.
Step 27200: Relocated 491272 GSs.
Step 27200: Added 0 GSs. Now having 8000000 GSs.
Step 30500: Relocated 296470 GSs.
Step 30500: Added 0 GSs. Now having 8000000 GSs.
Step 30600: Relocated 275303 GSs.
Step 30600: Added 0 GSs. Now having 8000000 GSs.
Step 27300: Relocated 475163 GSs.
Step 27300: Added 0 GSs. Now having 8000000 GSs.
Step 30700: Relocated 285975 GSs.
Step 30700: Added 0 GSs. Now having 8000000 GSs.
Step 30800: Relocated 291375 GSs.
Step 30800: Added 0 GSs. Now having 8000000 GSs.
Step 27400: Relocated 478791 GSs.
Step 27400: Added 0 GSs. Now having 8000000 GSs.
Step 30900: Relocated 288574 GSs.
Step 30900: Added 0 GSs. Now having 8000000 GSs.
Step 31000: Relocated 290580 GSs.
Step 31000: Added 0 GSs. Now having 8000000 GSs.
[31000] loss 0.0460 l1 0.0293 ssim 0.8955 N 8000000
Step 27500: Relocated 484925 GSs.
Step 27500: Added 0 GSs. Now having 8000000 GSs.
Step 31100: Relocated 281416 GSs.
Step 31100: Added 0 GSs. Now having 8000000 GSs.
Step 31200: Relocated 294329 GSs.
Step 31200: Added 0 GSs. Now having 8000000 GSs.
Step 27600: Relocated 487796 GSs.
Step 27600: Added 0 GSs. Now having 8000000 GSs.
Step 31300: Relocated 284456 GSs.
Step 31300: Added 0 GSs. Now having 8000000 GSs.
Step 31400: Relocated 283377 GSs.
Step 31400: Added 0 GSs. Now having 8000000 GSs.
Step 31500: Relocated 260501 GSs.
Step 31500: Added 0 GSs. Now having 8000000 GSs.
Step 27700: Relocated 459887 GSs.
Step 27700: Added 0 GSs. Now having 8000000 GSs.
Step 31600: Relocated 273213 GSs.
Step 31600: Added 0 GSs. Now having 8000000 GSs.
Step 31700: Relocated 275718 GSs.
Step 31700: Added 0 GSs. Now having 8000000 GSs.
Step 27800: Relocated 456158 GSs.
Step 27800: Added 0 GSs. Now having 8000000 GSs.
Step 31800: Relocated 274040 GSs.
Step 31800: Added 0 GSs. Now having 8000000 GSs.
Step 31900: Relocated 287292 GSs.
Step 31900: Added 0 GSs. Now having 8000000 GSs.
Step 27900: Relocated 443704 GSs.
Step 27900: Added 0 GSs. Now having 8000000 GSs.
Step 32000: Relocated 284455 GSs.
Step 32000: Added 0 GSs. Now having 8000000 GSs.
[32000] loss 0.0565 l1 0.0312 ssim 0.8504 N 8000000
Step 32100: Relocated 282120 GSs.
Step 32100: Added 0 GSs. Now having 8000000 GSs.
Step 28000: Relocated 421818 GSs.
Step 28000: Added 0 GSs. Now having 8000000 GSs.
[28000] loss 0.0265 l1 0.0496 ssim 0.6718 N 8000000
Step 32200: Relocated 274237 GSs.
Step 32200: Added 0 GSs. Now having 8000000 GSs.
Step 32300: Relocated 269117 GSs.
Step 32300: Added 0 GSs. Now having 8000000 GSs.
Step 28100: Relocated 439789 GSs.
Step 28100: Added 0 GSs. Now having 8000000 GSs.
Step 32400: Relocated 270957 GSs.
Step 32400: Added 0 GSs. Now having 8000000 GSs.
Step 32500: Relocated 265212 GSs.
Step 32500: Added 0 GSs. Now having 8000000 GSs.
Step 28200: Relocated 437871 GSs.
Step 28200: Added 0 GSs. Now having 8000000 GSs.
Step 32600: Relocated 273065 GSs.
Step 32600: Added 0 GSs. Now having 8000000 GSs.
Step 32700: Relocated 267816 GSs.
Step 32700: Added 0 GSs. Now having 8000000 GSs.
Step 28300: Relocated 432791 GSs.
Step 28300: Added 0 GSs. Now having 8000000 GSs.
Step 32800: Relocated 245776 GSs.
Step 32800: Added 0 GSs. Now having 8000000 GSs.
Step 32900: Relocated 258067 GSs.
Step 32900: Added 0 GSs. Now having 8000000 GSs.
Step 33000: Relocated 267458 GSs.
Step 33000: Added 0 GSs. Now having 8000000 GSs.
[33000] loss 0.0474 l1 0.0267 ssim 0.8781 N 8000000
Step 28400: Relocated 420921 GSs.
Step 28400: Added 0 GSs. Now having 8000000 GSs.
Step 33100: Relocated 312040 GSs.
Step 33100: Added 0 GSs. Now having 8000000 GSs.
Step 33200: Relocated 284148 GSs.
Step 33200: Added 0 GSs. Now having 8000000 GSs.
Step 28500: Relocated 426427 GSs.
Step 28500: Added 0 GSs. Now having 8000000 GSs.
Step 33300: Relocated 262271 GSs.
Step 33300: Added 0 GSs. Now having 8000000 GSs.
Step 33400: Relocated 272231 GSs.
Step 33400: Added 0 GSs. Now having 8000000 GSs.
Step 28600: Relocated 437309 GSs.
Step 28600: Added 0 GSs. Now having 8000000 GSs.
Step 33500: Relocated 263258 GSs.
Step 33500: Added 0 GSs. Now having 8000000 GSs.
Step 33600: Relocated 248819 GSs.
Step 33600: Added 0 GSs. Now having 8000000 GSs.
Step 28700: Relocated 420846 GSs.
Step 28700: Added 0 GSs. Now having 8000000 GSs.
Step 33700: Relocated 268485 GSs.
Step 33700: Added 0 GSs. Now having 8000000 GSs.
Step 33800: Relocated 278537 GSs.
Step 33800: Added 0 GSs. Now having 8000000 GSs.
Step 28800: Relocated 407396 GSs.
Step 28800: Added 0 GSs. Now having 8000000 GSs.
Step 33900: Relocated 275900 GSs.
Step 33900: Added 0 GSs. Now having 8000000 GSs.
Step 34000: Relocated 261463 GSs.
Step 34000: Added 0 GSs. Now having 8000000 GSs.
[34000] loss 0.0612 l1 0.0375 ssim 0.8523 N 8000000
Step 28900: Relocated 404447 GSs.
Step 28900: Added 0 GSs. Now having 8000000 GSs.
Step 34100: Relocated 269748 GSs.
Step 34100: Added 0 GSs. Now having 8000000 GSs.
Step 34200: Relocated 265523 GSs.
Step 34200: Added 0 GSs. Now having 8000000 GSs.
Step 29000: Relocated 416642 GSs.
Step 29000: Added 0 GSs. Now having 8000000 GSs.
[29000] loss 0.0290 l1 0.0588 ssim 0.6895 N 8000000
Step 34300: Relocated 253251 GSs.
Step 34300: Added 0 GSs. Now having 8000000 GSs.
Step 34400: Relocated 260921 GSs.
Step 34400: Added 0 GSs. Now having 8000000 GSs.
Step 29100: Relocated 435286 GSs.
Step 29100: Added 0 GSs. Now having 8000000 GSs.
Step 34500: Relocated 257738 GSs.
Step 34500: Added 0 GSs. Now having 8000000 GSs.
Step 34600: Relocated 246032 GSs.
Step 34600: Added 0 GSs. Now having 8000000 GSs.
Step 34700: Relocated 249020 GSs.
Step 34700: Added 0 GSs. Now having 8000000 GSs.
Step 29200: Relocated 461293 GSs.
Step 29200: Added 0 GSs. Now having 8000000 GSs.
Step 34800: Relocated 255302 GSs.
Step 34800: Added 0 GSs. Now having 8000000 GSs.
Step 34900: Relocated 232711 GSs.
Step 34900: Added 0 GSs. Now having 8000000 GSs.
Step 29300: Relocated 464840 GSs.
Step 29300: Added 0 GSs. Now having 8000000 GSs.
Step 35000: Relocated 254510 GSs.
Step 35000: Added 0 GSs. Now having 8000000 GSs.
[35000] loss 0.0708 l1 0.0388 ssim 0.8097 N 8000000
Step 35100: Relocated 256017 GSs.
Step 35100: Added 0 GSs. Now having 8000000 GSs.
Step 29400: Relocated 487420 GSs.
Step 29400: Added 0 GSs. Now having 8000000 GSs.
Step 35200: Relocated 256186 GSs.
Step 35200: Added 0 GSs. Now having 8000000 GSs.
Step 35300: Relocated 251255 GSs.
Step 35300: Added 0 GSs. Now having 8000000 GSs.
Step 29500: Relocated 451627 GSs.
Step 29500: Added 0 GSs. Now having 8000000 GSs.
Step 35400: Relocated 247626 GSs.
Step 35400: Added 0 GSs. Now having 8000000 GSs.
Step 35500: Relocated 231235 GSs.
Step 35500: Added 0 GSs. Now having 8000000 GSs.
Step 29600: Relocated 428318 GSs.
Step 29600: Added 0 GSs. Now having 8000000 GSs.
Step 35600: Relocated 242184 GSs.
Step 35600: Added 0 GSs. Now having 8000000 GSs.
Step 35700: Relocated 232228 GSs.
Step 35700: Added 0 GSs. Now having 8000000 GSs.
Step 29700: Relocated 428955 GSs.
Step 29700: Added 0 GSs. Now having 8000000 GSs.
Step 35800: Relocated 221873 GSs.
Step 35800: Added 0 GSs. Now having 8000000 GSs.
Step 35900: Relocated 233414 GSs.
Step 35900: Added 0 GSs. Now having 8000000 GSs.
Step 29800: Relocated 445007 GSs.
Step 29800: Added 0 GSs. Now having 8000000 GSs.
Step 36000: Relocated 238849 GSs.
Step 36000: Added 0 GSs. Now having 8000000 GSs.
[36000] loss 0.0536 l1 0.0336 ssim 0.8752 N 8000000
Step 36100: Relocated 252772 GSs.
Step 36100: Added 0 GSs. Now having 8000000 GSs.
Step 29900: Relocated 443684 GSs.
Step 29900: Added 0 GSs. Now having 8000000 GSs.
Step 36200: Relocated 260681 GSs.
Step 36200: Added 0 GSs. Now having 8000000 GSs.
Step 36300: Relocated 259858 GSs.
Step 36300: Added 0 GSs. Now having 8000000 GSs.
Step 36400: Relocated 253371 GSs.
Step 36400: Added 0 GSs. Now having 8000000 GSs.
Step 30000: Relocated 445618 GSs.
Step 30000: Added 0 GSs. Now having 8000000 GSs.
[30000] loss 0.0281 l1 0.0559 ssim 0.6382 N 8000000
Step 36500: Relocated 233060 GSs.
Step 36500: Added 0 GSs. Now having 8000000 GSs.
Step 36600: Relocated 229212 GSs.
Step 36600: Added 0 GSs. Now having 8000000 GSs.
Step 30100: Relocated 437882 GSs.
Step 30100: Added 0 GSs. Now having 8000000 GSs.
Step 36700: Relocated 235399 GSs.
Step 36700: Added 0 GSs. Now having 8000000 GSs.
Step 36800: Relocated 213868 GSs.
Step 36800: Added 0 GSs. Now having 8000000 GSs.
Step 30200: Relocated 441324 GSs.
Step 30200: Added 0 GSs. Now having 8000000 GSs.
Step 36900: Relocated 213712 GSs.
Step 36900: Added 0 GSs. Now having 8000000 GSs.
Step 37000: Relocated 215338 GSs.
Step 37000: Added 0 GSs. Now having 8000000 GSs.
[37000] loss 0.0480 l1 0.0290 ssim 0.8849 N 8000000
Step 30300: Relocated 435538 GSs.
Step 30300: Added 0 GSs. Now having 8000000 GSs.
Step 37100: Relocated 223820 GSs.
Step 37100: Added 0 GSs. Now having 8000000 GSs.
Step 37200: Relocated 216377 GSs.
Step 37200: Added 0 GSs. Now having 8000000 GSs.
Step 30400: Relocated 419564 GSs.
Step 30400: Added 0 GSs. Now having 8000000 GSs.
Step 37300: Relocated 209571 GSs.
Step 37300: Added 0 GSs. Now having 8000000 GSs.
Step 37400: Relocated 215773 GSs.
Step 37400: Added 0 GSs. Now having 8000000 GSs.
Step 30500: Relocated 432980 GSs.
Step 30500: Added 0 GSs. Now having 8000000 GSs.
Step 37500: Relocated 219965 GSs.
Step 37500: Added 0 GSs. Now having 8000000 GSs.
Step 37600: Relocated 218674 GSs.
Step 37600: Added 0 GSs. Now having 8000000 GSs.
Step 30600: Relocated 413632 GSs.
Step 30600: Added 0 GSs. Now having 8000000 GSs.
Step 37700: Relocated 214357 GSs.
Step 37700: Added 0 GSs. Now having 8000000 GSs.
Step 37800: Relocated 213393 GSs.
Step 37800: Added 0 GSs. Now having 8000000 GSs.
Step 30700: Relocated 426141 GSs.
Step 30700: Added 0 GSs. Now having 8000000 GSs.
Step 37900: Relocated 220807 GSs.
Step 37900: Added 0 GSs. Now having 8000000 GSs.
Step 38000: Relocated 218476 GSs.
Step 38000: Added 0 GSs. Now having 8000000 GSs.
[38000] loss 0.0534 l1 0.0309 ssim 0.8656 N 8000000
Step 30800: Relocated 433676 GSs.
Step 30800: Added 0 GSs. Now having 8000000 GSs.
Step 38100: Relocated 207849 GSs.
Step 38100: Added 0 GSs. Now having 8000000 GSs.
Step 38200: Relocated 207154 GSs.
Step 38200: Added 0 GSs. Now having 8000000 GSs.
Step 38300: Relocated 195291 GSs.
Step 38300: Added 0 GSs. Now having 8000000 GSs.
Step 30900: Relocated 432425 GSs.
Step 30900: Added 0 GSs. Now having 8000000 GSs.
Step 38400: Relocated 197560 GSs.
Step 38400: Added 0 GSs. Now having 8000000 GSs.
Step 38500: Relocated 206309 GSs.
Step 38500: Added 0 GSs. Now having 8000000 GSs.
Step 31000: Relocated 435081 GSs.
Step 31000: Added 0 GSs. Now having 8000000 GSs.
[31000] loss 0.0245 l1 0.0544 ssim 0.7384 N 8000000
Step 38600: Relocated 195370 GSs.
Step 38600: Added 0 GSs. Now having 8000000 GSs.
Step 38700: Relocated 203948 GSs.
Step 38700: Added 0 GSs. Now having 8000000 GSs.
Step 31100: Relocated 427893 GSs.
Step 31100: Added 0 GSs. Now having 8000000 GSs.
Step 38800: Relocated 208020 GSs.
Step 38800: Added 0 GSs. Now having 8000000 GSs.
Step 38900: Relocated 205065 GSs.
Step 38900: Added 0 GSs. Now having 8000000 GSs.
Step 31200: Relocated 443840 GSs.
Step 31200: Added 0 GSs. Now having 8000000 GSs.
Step 39000: Relocated 206125 GSs.
Step 39000: Added 0 GSs. Now having 8000000 GSs.
[39000] loss 0.0542 l1 0.0323 ssim 0.8674 N 8000000
Step 39100: Relocated 184649 GSs.
Step 39100: Added 0 GSs. Now having 8000000 GSs.
Step 31300: Relocated 435792 GSs.
Step 31300: Added 0 GSs. Now having 8000000 GSs.
Step 39200: Relocated 202489 GSs.
Step 39200: Added 0 GSs. Now having 8000000 GSs.
Step 39300: Relocated 212245 GSs.
Step 39300: Added 0 GSs. Now having 8000000 GSs.
Step 31400: Relocated 436072 GSs.
Step 31400: Added 0 GSs. Now having 8000000 GSs.
Step 39400: Relocated 202696 GSs.
Step 39400: Added 0 GSs. Now having 8000000 GSs.
Step 39500: Relocated 205103 GSs.
Step 39500: Added 0 GSs. Now having 8000000 GSs.
Step 31500: Relocated 409061 GSs.
Step 31500: Added 0 GSs. Now having 8000000 GSs.
Step 39600: Relocated 192346 GSs.
Step 39600: Added 0 GSs. Now having 8000000 GSs.
Step 39700: Relocated 191449 GSs.
Step 39700: Added 0 GSs. Now having 8000000 GSs.
Step 31600: Relocated 425414 GSs.
Step 31600: Added 0 GSs. Now having 8000000 GSs.
Step 39800: Relocated 188364 GSs.
Step 39800: Added 0 GSs. Now having 8000000 GSs.
Step 39900: Relocated 184704 GSs.
Step 39900: Added 0 GSs. Now having 8000000 GSs.
Step 31700: Relocated 430250 GSs.
Step 31700: Added 0 GSs. Now having 8000000 GSs.
Step 40000: Relocated 189786 GSs.
Step 40000: Added 0 GSs. Now having 8000000 GSs.
[40000] loss 0.0557 l1 0.0325 ssim 0.8610 N 8000000
Step 40100: Relocated 192367 GSs.
Step 40100: Added 0 GSs. Now having 8000000 GSs.
Step 40200: Relocated 173453 GSs.
Step 40200: Added 0 GSs. Now having 8000000 GSs.
Step 31800: Relocated 433433 GSs.
Step 31800: Added 0 GSs. Now having 8000000 GSs.
Step 40300: Relocated 183489 GSs.
Step 40300: Added 0 GSs. Now having 8000000 GSs.
Step 40400: Relocated 189241 GSs.
Step 40400: Added 0 GSs. Now having 8000000 GSs.
Step 31900: Relocated 452465 GSs.
Step 31900: Added 0 GSs. Now having 8000000 GSs.
Step 40500: Relocated 188402 GSs.
Step 40500: Added 0 GSs. Now having 8000000 GSs.
Step 40600: Relocated 182959 GSs.
Step 40600: Added 0 GSs. Now having 8000000 GSs.
Step 32000: Relocated 443747 GSs.
Step 32000: Added 0 GSs. Now having 8000000 GSs.
[32000] loss 0.0290 l1 0.0515 ssim 0.6573 N 8000000
Step 40700: Relocated 173897 GSs.
Step 40700: Added 0 GSs. Now having 8000000 GSs.
Step 40800: Relocated 172309 GSs.
Step 40800: Added 0 GSs. Now having 8000000 GSs.
Step 32100: Relocated 445553 GSs.
Step 32100: Added 0 GSs. Now having 8000000 GSs.
Step 40900: Relocated 169729 GSs.
Step 40900: Added 0 GSs. Now having 8000000 GSs.
Step 41000: Relocated 171400 GSs.
Step 41000: Added 0 GSs. Now having 8000000 GSs.
[41000] loss 0.0675 l1 0.0371 ssim 0.8200 N 8000000
Step 32200: Relocated 438319 GSs.
Step 32200: Added 0 GSs. Now having 8000000 GSs.
Step 41100: Relocated 170338 GSs.
Step 41100: Added 0 GSs. Now having 8000000 GSs.
Step 41200: Relocated 177298 GSs.
Step 41200: Added 0 GSs. Now having 8000000 GSs.
Step 32300: Relocated 438443 GSs.
Step 32300: Added 0 GSs. Now having 8000000 GSs.
Step 41300: Relocated 165447 GSs.
Step 41300: Added 0 GSs. Now having 8000000 GSs.
Step 41400: Relocated 163407 GSs.
Step 41400: Added 0 GSs. Now having 8000000 GSs.
Step 32400: Relocated 439768 GSs.
Step 32400: Added 0 GSs. Now having 8000000 GSs.
Step 41500: Relocated 167200 GSs.
Step 41500: Added 0 GSs. Now having 8000000 GSs.
Step 41600: Relocated 174684 GSs.
Step 41600: Added 0 GSs. Now having 8000000 GSs.
Step 32500: Relocated 430376 GSs.
Step 32500: Added 0 GSs. Now having 8000000 GSs.
Step 41700: Relocated 165241 GSs.
Step 41700: Added 0 GSs. Now having 8000000 GSs.
Step 41800: Relocated 168040 GSs.
Step 41800: Added 0 GSs. Now having 8000000 GSs.
Step 32600: Relocated 436391 GSs.
Step 32600: Added 0 GSs. Now having 8000000 GSs.
Step 41900: Relocated 183611 GSs.
Step 41900: Added 0 GSs. Now having 8000000 GSs.
Step 42000: Relocated 181451 GSs.
Step 42000: Added 0 GSs. Now having 8000000 GSs.
[42000] loss 0.0446 l1 0.0251 ssim 0.8869 N 8000000
Step 32700: Relocated 435934 GSs.
Step 32700: Added 0 GSs. Now having 8000000 GSs.
Step 42100: Relocated 172517 GSs.
Step 42100: Added 0 GSs. Now having 8000000 GSs.
Step 42200: Relocated 173584 GSs.
Step 42200: Added 0 GSs. Now having 8000000 GSs.
Step 42300: Relocated 165773 GSs.
Step 42300: Added 0 GSs. Now having 8000000 GSs.
Step 32800: Relocated 414387 GSs.
Step 32800: Added 0 GSs. Now having 8000000 GSs.
Step 42400: Relocated 166734 GSs.
Step 42400: Added 0 GSs. Now having 8000000 GSs.
Step 42500: Relocated 155858 GSs.
Step 42500: Added 0 GSs. Now having 8000000 GSs.
Step 32900: Relocated 425175 GSs.
Step 32900: Added 0 GSs. Now having 8000000 GSs.
Step 42600: Relocated 156816 GSs.
Step 42600: Added 0 GSs. Now having 8000000 GSs.
Step 42700: Relocated 164071 GSs.
Step 42700: Added 0 GSs. Now having 8000000 GSs.
Step 33000: Relocated 438681 GSs.
Step 33000: Added 0 GSs. Now having 8000000 GSs.
[33000] loss 0.0188 l1 0.0415 ssim 0.7416 N 8000000
Step 42800: Relocated 169356 GSs.
Step 42800: Added 0 GSs. Now having 8000000 GSs.
Step 42900: Relocated 162242 GSs.
Step 42900: Added 0 GSs. Now having 8000000 GSs.
Step 33100: Relocated 498856 GSs.
Step 33100: Added 0 GSs. Now having 8000000 GSs.
Step 43000: Relocated 156149 GSs.
Step 43000: Added 0 GSs. Now having 8000000 GSs.
[43000] loss 0.0457 l1 0.0307 ssim 0.9038 N 8000000
Step 43100: Relocated 155594 GSs.
Step 43100: Added 0 GSs. Now having 8000000 GSs.
Step 33200: Relocated 468637 GSs.
Step 33200: Added 0 GSs. Now having 8000000 GSs.
Step 43200: Relocated 161447 GSs.
Step 43200: Added 0 GSs. Now having 8000000 GSs.
Step 43300: Relocated 158739 GSs.
Step 43300: Added 0 GSs. Now having 8000000 GSs.
Step 33300: Relocated 443228 GSs.
Step 33300: Added 0 GSs. Now having 8000000 GSs.
Step 43400: Relocated 156177 GSs.
Step 43400: Added 0 GSs. Now having 8000000 GSs.
Step 43500: Relocated 162520 GSs.
Step 43500: Added 0 GSs. Now having 8000000 GSs.
Step 33400: Relocated 450828 GSs.
Step 33400: Added 0 GSs. Now having 8000000 GSs.
Step 43600: Relocated 171064 GSs.
Step 43600: Added 0 GSs. Now having 8000000 GSs.
Step 43700: Relocated 168140 GSs.
Step 43700: Added 0 GSs. Now having 8000000 GSs.
Step 33500: Relocated 449044 GSs.
Step 33500: Added 0 GSs. Now having 8000000 GSs.
Step 43800: Relocated 158262 GSs.
Step 43800: Added 0 GSs. Now having 8000000 GSs.
Step 43900: Relocated 152793 GSs.
Step 43900: Added 0 GSs. Now having 8000000 GSs.
Step 33600: Relocated 433691 GSs.
Step 33600: Added 0 GSs. Now having 8000000 GSs.
Step 44000: Relocated 156532 GSs.
Step 44000: Added 0 GSs. Now having 8000000 GSs.
[44000] loss 0.0600 l1 0.0339 ssim 0.8452 N 8000000
Step 44100: Relocated 144225 GSs.
Step 44100: Added 0 GSs. Now having 8000000 GSs.
Step 33700: Relocated 457224 GSs.
Step 33700: Added 0 GSs. Now having 8000000 GSs.
Step 44200: Relocated 150329 GSs.
Step 44200: Added 0 GSs. Now having 8000000 GSs.
Step 44300: Relocated 145398 GSs.
Step 44300: Added 0 GSs. Now having 8000000 GSs.
Step 44400: Relocated 155011 GSs.
Step 44400: Added 0 GSs. Now having 8000000 GSs.
Step 33800: Relocated 469778 GSs.
Step 33800: Added 0 GSs. Now having 8000000 GSs.
Step 44500: Relocated 142244 GSs.
Step 44500: Added 0 GSs. Now having 8000000 GSs.
Step 44600: Relocated 139219 GSs.
Step 44600: Added 0 GSs. Now having 8000000 GSs.
Step 33900: Relocated 467285 GSs.
Step 33900: Added 0 GSs. Now having 8000000 GSs.
Step 44700: Relocated 141490 GSs.
Step 44700: Added 0 GSs. Now having 8000000 GSs.
Step 44800: Relocated 142366 GSs.
Step 44800: Added 0 GSs. Now having 8000000 GSs.
Step 34000: Relocated 454486 GSs.
Step 34000: Added 0 GSs. Now having 8000000 GSs.
[34000] loss 0.0309 l1 0.0622 ssim 0.6657 N 8000000
Step 44900: Relocated 141398 GSs.
Step 44900: Added 0 GSs. Now having 8000000 GSs.
Step 45000: Relocated 140337 GSs.
Step 45000: Added 0 GSs. Now having 8000000 GSs.
[45000] loss 0.0482 l1 0.0308 ssim 0.8921 N 8000000
Step 34100: Relocated 466940 GSs.
Step 34100: Added 0 GSs. Now having 8000000 GSs.
Step 45100: Relocated 142136 GSs.
Step 45100: Added 0 GSs. Now having 8000000 GSs.
Step 45200: Relocated 142387 GSs.
Step 45200: Added 0 GSs. Now having 8000000 GSs.
Step 34200: Relocated 460629 GSs.
Step 34200: Added 0 GSs. Now having 8000000 GSs.
Step 45300: Relocated 142839 GSs.
Step 45300: Added 0 GSs. Now having 8000000 GSs.
Step 45400: Relocated 142555 GSs.
Step 45400: Added 0 GSs. Now having 8000000 GSs.
Step 34300: Relocated 447759 GSs.
Step 34300: Added 0 GSs. Now having 8000000 GSs.
Step 45500: Relocated 140469 GSs.
Step 45500: Added 0 GSs. Now having 8000000 GSs.
Step 45600: Relocated 141609 GSs.
Step 45600: Added 0 GSs. Now having 8000000 GSs.
Step 34400: Relocated 453408 GSs.
Step 34400: Added 0 GSs. Now having 8000000 GSs.
Step 45700: Relocated 127559 GSs.
Step 45700: Added 0 GSs. Now having 8000000 GSs.
Step 45800: Relocated 136004 GSs.
Step 45800: Added 0 GSs. Now having 8000000 GSs.
Step 34500: Relocated 450332 GSs.
Step 34500: Added 0 GSs. Now having 8000000 GSs.
Step 45900: Relocated 129175 GSs.
Step 45900: Added 0 GSs. Now having 8000000 GSs.
Step 46000: Relocated 136541 GSs.
Step 46000: Added 0 GSs. Now having 8000000 GSs.
[46000] loss 0.0628 l1 0.0347 ssim 0.8346 N 8000000
Step 34600: Relocated 437195 GSs.
Step 34600: Added 0 GSs. Now having 8000000 GSs.
Step 46100: Relocated 143121 GSs.
Step 46100: Added 0 GSs. Now having 8000000 GSs.
Step 46200: Relocated 127692 GSs.
Step 46200: Added 0 GSs. Now having 8000000 GSs.
Step 34700: Relocated 440913 GSs.
Step 34700: Added 0 GSs. Now having 8000000 GSs.
Step 46300: Relocated 140767 GSs.
Step 46300: Added 0 GSs. Now having 8000000 GSs.
Step 46400: Relocated 134269 GSs.
Step 46400: Added 0 GSs. Now having 8000000 GSs.
Step 46500: Relocated 124741 GSs.
Step 46500: Added 0 GSs. Now having 8000000 GSs.
Step 34800: Relocated 448327 GSs.
Step 34800: Added 0 GSs. Now having 8000000 GSs.
Step 46600: Relocated 124724 GSs.
Step 46600: Added 0 GSs. Now having 8000000 GSs.
Step 46700: Relocated 123939 GSs.
Step 46700: Added 0 GSs. Now having 8000000 GSs.
Step 34900: Relocated 425358 GSs.
Step 34900: Added 0 GSs. Now having 8000000 GSs.
Step 46800: Relocated 123621 GSs.
Step 46800: Added 0 GSs. Now having 8000000 GSs.
Step 46900: Relocated 120421 GSs.
Step 46900: Added 0 GSs. Now having 8000000 GSs.
Step 35000: Relocated 455108 GSs.
Step 35000: Added 0 GSs. Now having 8000000 GSs.
[35000] loss 0.0254 l1 0.0527 ssim 0.6753 N 8000000
Step 47000: Relocated 122833 GSs.
Step 47000: Added 0 GSs. Now having 8000000 GSs.
[47000] loss 0.0431 l1 0.0290 ssim 0.9108 N 8000000
Step 47100: Relocated 126961 GSs.
Step 47100: Added 0 GSs. Now having 8000000 GSs.
Step 35100: Relocated 458359 GSs.
Step 35100: Added 0 GSs. Now having 8000000 GSs.
Step 47200: Relocated 123414 GSs.
Step 47200: Added 0 GSs. Now having 8000000 GSs.
Step 47300: Relocated 121266 GSs.
Step 47300: Added 0 GSs. Now having 8000000 GSs.
Step 35200: Relocated 458121 GSs.
Step 35200: Added 0 GSs. Now having 8000000 GSs.
Step 47400: Relocated 124639 GSs.
Step 47400: Added 0 GSs. Now having 8000000 GSs.
Step 47500: Relocated 117648 GSs.
Step 47500: Added 0 GSs. Now having 8000000 GSs.
Step 35300: Relocated 451995 GSs.
Step 35300: Added 0 GSs. Now having 8000000 GSs.
Step 47600: Relocated 116551 GSs.
Step 47600: Added 0 GSs. Now having 8000000 GSs.
Step 47700: Relocated 120974 GSs.
Step 47700: Added 0 GSs. Now having 8000000 GSs.
Step 35400: Relocated 450516 GSs.
Step 35400: Added 0 GSs. Now having 8000000 GSs.
Step 47800: Relocated 113973 GSs.
Step 47800: Added 0 GSs. Now having 8000000 GSs.
Step 47900: Relocated 116343 GSs.
Step 47900: Added 0 GSs. Now having 8000000 GSs.
Step 35500: Relocated 428473 GSs.
Step 35500: Added 0 GSs. Now having 8000000 GSs.
Step 48000: Relocated 113270 GSs.
Step 48000: Added 0 GSs. Now having 8000000 GSs.
[48000] loss 0.0389 l1 0.0242 ssim 0.9124 N 8000000
Step 48100: Relocated 117690 GSs.
Step 48100: Added 0 GSs. Now having 8000000 GSs.
Step 35600: Relocated 442121 GSs.
Step 35600: Added 0 GSs. Now having 8000000 GSs.
Step 48200: Relocated 115501 GSs.
Step 48200: Added 0 GSs. Now having 8000000 GSs.
Step 48300: Relocated 112344 GSs.
Step 48300: Added 0 GSs. Now having 8000000 GSs.
Step 35700: Relocated 431339 GSs.
Step 35700: Added 0 GSs. Now having 8000000 GSs.
Step 48400: Relocated 108349 GSs.
Step 48400: Added 0 GSs. Now having 8000000 GSs.
Step 48500: Relocated 109829 GSs.
Step 48500: Added 0 GSs. Now having 8000000 GSs.
Step 48600: Relocated 110526 GSs.
Step 48600: Added 0 GSs. Now having 8000000 GSs.
Step 35800: Relocated 417207 GSs.
Step 35800: Added 0 GSs. Now having 8000000 GSs.
Step 48700: Relocated 107739 GSs.
Step 48700: Added 0 GSs. Now having 8000000 GSs.
Step 48800: Relocated 108972 GSs.
Step 48800: Added 0 GSs. Now having 8000000 GSs.
Step 35900: Relocated 430038 GSs.
Step 35900: Added 0 GSs. Now having 8000000 GSs.
Step 48900: Relocated 114261 GSs.
Step 48900: Added 0 GSs. Now having 8000000 GSs.
Step 49000: Relocated 108116 GSs.
Step 49000: Added 0 GSs. Now having 8000000 GSs.
[49000] loss 0.0594 l1 0.0348 ssim 0.8523 N 8000000
Step 36000: Relocated 443058 GSs.
Step 36000: Added 0 GSs. Now having 8000000 GSs.
[36000] loss 0.0276 l1 0.0570 ssim 0.6979 N 8000000
Step 49100: Relocated 101456 GSs.
Step 49100: Added 0 GSs. Now having 8000000 GSs.
Step 49200: Relocated 112751 GSs.
Step 49200: Added 0 GSs. Now having 8000000 GSs.
Step 36100: Relocated 460142 GSs.
Step 36100: Added 0 GSs. Now having 8000000 GSs.
Step 49300: Relocated 106693 GSs.
Step 49300: Added 0 GSs. Now having 8000000 GSs.
Step 49400: Relocated 106444 GSs.
Step 49400: Added 0 GSs. Now having 8000000 GSs.
Step 36200: Relocated 479658 GSs.
Step 36200: Added 0 GSs. Now having 8000000 GSs.
Step 49500: Relocated 108369 GSs.
Step 49500: Added 0 GSs. Now having 8000000 GSs.
Step 49600: Relocated 104532 GSs.
Step 49600: Added 0 GSs. Now having 8000000 GSs.
Step 36300: Relocated 482318 GSs.
Step 36300: Added 0 GSs. Now having 8000000 GSs.
Step 49700: Relocated 105379 GSs.
Step 49700: Added 0 GSs. Now having 8000000 GSs.
Step 49800: Relocated 105618 GSs.
Step 49800: Added 0 GSs. Now having 8000000 GSs.
Step 36400: Relocated 478291 GSs.
Step 36400: Added 0 GSs. Now having 8000000 GSs.
Step 49900: Relocated 103567 GSs.
Step 49900: Added 0 GSs. Now having 8000000 GSs.
[50000] loss 0.0530 l1 0.0309 ssim 0.8688 N 8000000
Setting up [LPIPS] perceptual loss: trunk [vgg], v[0.1], spatial [off]
/home/bkai/miniconda3/envs/gsplat/lib/python3.10/site-packages/torchvision/models/_utils.py:208: UserWarning: The parameter 'pretrained' is deprecated since 0.13 and may be removed in the future, please use 'weights' instead.
  warnings.warn(
/home/bkai/miniconda3/envs/gsplat/lib/python3.10/site-packages/torchvision/models/_utils.py:223: UserWarning: Arguments other than a weight enum or `None` for 'weights' are deprecated since 0.13 and may be removed in the future. The current behavior is equivalent to passing `weights=VGG16_Weights.IMAGENET1K_V1`. You can also use `weights=VGG16_Weights.DEFAULT` to get the most up-to-date weights.
  warnings.warn(msg)
Loading model from: /home/bkai/miniconda3/envs/gsplat/lib/python3.10/site-packages/lpips/weights/v0.1/vgg.pth
Step 36500: Relocated 450364 GSs.
Step 36500: Added 0 GSs. Now having 8000000 GSs.
Step 36600: Relocated 443664 GSs.
Step 36600: Added 0 GSs. Now having 8000000 GSs.
Step 36700: Relocated 454038 GSs.
Step 36700: Added 0 GSs. Now having 8000000 GSs.
Step 36800: Relocated 425576 GSs.
Step 36800: Added 0 GSs. Now having 8000000 GSs.
Step 36900: Relocated 424109 GSs.
Step 36900: Added 0 GSs. Now having 8000000 GSs.
Step 37000: Relocated 427654 GSs.
Step 37000: Added 0 GSs. Now having 8000000 GSs.
[37000] loss 0.0189 l1 0.0436 ssim 0.7724 N 8000000
Step 37100: Relocated 451148 GSs.
Step 37100: Added 0 GSs. Now having 8000000 GSs.
Step 37200: Relocated 441051 GSs.
Step 37200: Added 0 GSs. Now having 8000000 GSs.
Step 37300: Relocated 426764 GSs.
Step 37300: Added 0 GSs. Now having 8000000 GSs.
Step 37400: Relocated 437139 GSs.
Step 37400: Added 0 GSs. Now having 8000000 GSs.
[51000] loss 0.0472 l1 0.0239 ssim 0.9128 N 8000000
Step 37500: Relocated 445838 GSs.
Step 37500: Added 0 GSs. Now having 8000000 GSs.
Step 37600: Relocated 447259 GSs.
Step 37600: Added 0 GSs. Now having 8000000 GSs.
Step 37700: Relocated 441455 GSs.
Step 37700: Added 0 GSs. Now having 8000000 GSs.
Step 37800: Relocated 439933 GSs.
Step 37800: Added 0 GSs. Now having 8000000 GSs.
Step 37900: Relocated 451842 GSs.
Step 37900: Added 0 GSs. Now having 8000000 GSs.
Step 38000: Relocated 450418 GSs.
Step 38000: Added 0 GSs. Now having 8000000 GSs.
[38000] loss 0.0197 l1 0.0457 ssim 0.7477 N 8000000
Step 38100: Relocated 438869 GSs.
Step 38100: Added 0 GSs. Now having 8000000 GSs.
Step 38200: Relocated 439237 GSs.
Step 38200: Added 0 GSs. Now having 8000000 GSs.
Step 38300: Relocated 418955 GSs.
Step 38300: Added 0 GSs. Now having 8000000 GSs.
Step 38400: Relocated 422686 GSs.
Step 38400: Added 0 GSs. Now having 8000000 GSs.
Step 38500: Relocated 435110 GSs.
Step 38500: Added 0 GSs. Now having 8000000 GSs.
[52000] loss 0.0597 l1 0.0306 ssim 0.8822 N 8000000
Step 38600: Relocated 425482 GSs.
Step 38600: Added 0 GSs. Now having 8000000 GSs.
Step 38700: Relocated 433280 GSs.
Step 38700: Added 0 GSs. Now having 8000000 GSs.
Step 38800: Relocated 445230 GSs.
Step 38800: Added 0 GSs. Now having 8000000 GSs.
Step 38900: Relocated 444988 GSs.
Step 38900: Added 0 GSs. Now having 8000000 GSs.
Step 39000: Relocated 456556 GSs.
Step 39000: Added 0 GSs. Now having 8000000 GSs.
[39000] loss 0.0219 l1 0.0517 ssim 0.7031 N 8000000
Step 39100: Relocated 421466 GSs.
Step 39100: Added 0 GSs. Now having 8000000 GSs.
Step 39200: Relocated 448896 GSs.
Step 39200: Added 0 GSs. Now having 8000000 GSs.
Step 39300: Relocated 466160 GSs.
Step 39300: Added 0 GSs. Now having 8000000 GSs.
Step 39400: Relocated 453043 GSs.
Step 39400: Added 0 GSs. Now having 8000000 GSs.
Step 39500: Relocated 458780 GSs.
Step 39500: Added 0 GSs. Now having 8000000 GSs.
[53000] loss 0.0640 l1 0.0325 ssim 0.8707 N 8000000
Step 39600: Relocated 435146 GSs.
Step 39600: Added 0 GSs. Now having 8000000 GSs.
Step 39700: Relocated 434452 GSs.
Step 39700: Added 0 GSs. Now having 8000000 GSs.
Step 39800: Relocated 425373 GSs.
Step 39800: Added 0 GSs. Now having 8000000 GSs.
Step 39900: Relocated 419792 GSs.
Step 39900: Added 0 GSs. Now having 8000000 GSs.
Step 40000: Relocated 429446 GSs.
Step 40000: Added 0 GSs. Now having 8000000 GSs.
[40000] loss 0.0212 l1 0.0454 ssim 0.7499 N 8000000
Step 40100: Relocated 442917 GSs.
Step 40100: Added 0 GSs. Now having 8000000 GSs.
Step 40200: Relocated 409772 GSs.
Step 40200: Added 0 GSs. Now having 8000000 GSs.
Step 40300: Relocated 428581 GSs.
Step 40300: Added 0 GSs. Now having 8000000 GSs.
Step 40400: Relocated 441768 GSs.
Step 40400: Added 0 GSs. Now having 8000000 GSs.
Step 40500: Relocated 448158 GSs.
Step 40500: Added 0 GSs. Now having 8000000 GSs.
[54000] loss 0.0470 l1 0.0251 ssim 0.9125 N 8000000
Step 40600: Relocated 440149 GSs.
Step 40600: Added 0 GSs. Now having 8000000 GSs.
Step 40700: Relocated 423569 GSs.
Step 40700: Added 0 GSs. Now having 8000000 GSs.
Step 40800: Relocated 418333 GSs.
Step 40800: Added 0 GSs. Now having 8000000 GSs.
Step 40900: Relocated 411257 GSs.
Step 40900: Added 0 GSs. Now having 8000000 GSs.
Step 41000: Relocated 417296 GSs.
Step 41000: Added 0 GSs. Now having 8000000 GSs.
[41000] loss 0.0218 l1 0.0479 ssim 0.7091 N 8000000
Step 41100: Relocated 418133 GSs.
Step 41100: Added 0 GSs. Now having 8000000 GSs.
Step 41200: Relocated 430551 GSs.
Step 41200: Added 0 GSs. Now having 8000000 GSs.
Step 41300: Relocated 415236 GSs.
Step 41300: Added 0 GSs. Now having 8000000 GSs.
Step 41400: Relocated 409642 GSs.
Step 41400: Added 0 GSs. Now having 8000000 GSs.
Step 41500: Relocated 417184 GSs.
Step 41500: Added 0 GSs. Now having 8000000 GSs.
[55000] loss 0.0515 l1 0.0274 ssim 0.9016 N 8000000
Step 41600: Relocated 437493 GSs.
Step 41600: Added 0 GSs. Now having 8000000 GSs.
Step 41700: Relocated 421091 GSs.
Step 41700: Added 0 GSs. Now having 8000000 GSs.
Step 41800: Relocated 426938 GSs.
Step 41800: Added 0 GSs. Now having 8000000 GSs.
Step 41900: Relocated 468478 GSs.
Step 41900: Added 0 GSs. Now having 8000000 GSs.
Step 42000: Relocated 470397 GSs.
Step 42000: Added 0 GSs. Now having 8000000 GSs.
[42000] loss 0.0151 l1 0.0383 ssim 0.7710 N 8000000
Step 42100: Relocated 455999 GSs.
Step 42100: Added 0 GSs. Now having 8000000 GSs.
Step 42200: Relocated 455068 GSs.
Step 42200: Added 0 GSs. Now having 8000000 GSs.
Step 42300: Relocated 435140 GSs.
Step 42300: Added 0 GSs. Now having 8000000 GSs.
Step 42400: Relocated 441460 GSs.
Step 42400: Added 0 GSs. Now having 8000000 GSs.
Step 42500: Relocated 419436 GSs.
Step 42500: Added 0 GSs. Now having 8000000 GSs.
[56000] loss 0.0503 l1 0.0269 ssim 0.9069 N 8000000
Step 42600: Relocated 422034 GSs.
Step 42600: Added 0 GSs. Now having 8000000 GSs.
Step 42700: Relocated 437602 GSs.
Step 42700: Added 0 GSs. Now having 8000000 GSs.
Step 42800: Relocated 456132 GSs.
Step 42800: Added 0 GSs. Now having 8000000 GSs.
Step 42900: Relocated 445059 GSs.
Step 42900: Added 0 GSs. Now having 8000000 GSs.
Step 43000: Relocated 430428 GSs.
Step 43000: Added 0 GSs. Now having 8000000 GSs.
[43000] loss 0.0230 l1 0.0530 ssim 0.7423 N 8000000
Step 43100: Relocated 427614 GSs.
Step 43100: Added 0 GSs. Now having 8000000 GSs.
Step 43200: Relocated 444987 GSs.
Step 43200: Added 0 GSs. Now having 8000000 GSs.
Step 43300: Relocated 438144 GSs.
Step 43300: Added 0 GSs. Now having 8000000 GSs.
Step 43400: Relocated 440882 GSs.
Step 43400: Added 0 GSs. Now having 8000000 GSs.
Step 43500: Relocated 454044 GSs.
Step 43500: Added 0 GSs. Now having 8000000 GSs.
[57000] loss 0.0499 l1 0.0285 ssim 0.9106 N 8000000
Step 43600: Relocated 479192 GSs.
Step 43600: Added 0 GSs. Now having 8000000 GSs.
Step 43700: Relocated 474422 GSs.
Step 43700: Added 0 GSs. Now having 8000000 GSs.
Step 43800: Relocated 452948 GSs.
Step 43800: Added 0 GSs. Now having 8000000 GSs.
Step 43900: Relocated 444788 GSs.
Step 43900: Added 0 GSs. Now having 8000000 GSs.
Step 44000: Relocated 450848 GSs.
Step 44000: Added 0 GSs. Now having 8000000 GSs.
[44000] loss 0.0188 l1 0.0454 ssim 0.7353 N 8000000
Step 44100: Relocated 426187 GSs.
Step 44100: Added 0 GSs. Now having 8000000 GSs.
Step 44200: Relocated 440179 GSs.
Step 44200: Added 0 GSs. Now having 8000000 GSs.
Step 44300: Relocated 427061 GSs.
Step 44300: Added 0 GSs. Now having 8000000 GSs.
Step 44400: Relocated 453119 GSs.
Step 44400: Added 0 GSs. Now having 8000000 GSs.
Step 44500: Relocated 425676 GSs.
Step 44500: Added 0 GSs. Now having 8000000 GSs.
[58000] loss 0.0432 l1 0.0232 ssim 0.9187 N 8000000
Step 44600: Relocated 419436 GSs.
Step 44600: Added 0 GSs. Now having 8000000 GSs.
Step 44700: Relocated 428808 GSs.
Step 44700: Added 0 GSs. Now having 8000000 GSs.
Step 44800: Relocated 433578 GSs.
Step 44800: Added 0 GSs. Now having 8000000 GSs.
Step 44900: Relocated 427121 GSs.
Step 44900: Added 0 GSs. Now having 8000000 GSs.
Step 45000: Relocated 427084 GSs.
Step 45000: Added 0 GSs. Now having 8000000 GSs.
[45000] loss 0.0237 l1 0.0550 ssim 0.7481 N 8000000
Step 45100: Relocated 431904 GSs.
Step 45100: Added 0 GSs. Now having 8000000 GSs.
Step 45200: Relocated 433624 GSs.
Step 45200: Added 0 GSs. Now having 8000000 GSs.
Step 45300: Relocated 440536 GSs.
Step 45300: Added 0 GSs. Now having 8000000 GSs.
Step 45400: Relocated 446707 GSs.
Step 45400: Added 0 GSs. Now having 8000000 GSs.
Step 45500: Relocated 440371 GSs.
Step 45500: Added 0 GSs. Now having 8000000 GSs.
[59000] loss 0.0496 l1 0.0287 ssim 0.9085 N 8000000
Step 45600: Relocated 449397 GSs.
Step 45600: Added 0 GSs. Now having 8000000 GSs.
Step 45700: Relocated 407711 GSs.
Step 45700: Added 0 GSs. Now having 8000000 GSs.
Step 45800: Relocated 432088 GSs.
Step 45800: Added 0 GSs. Now having 8000000 GSs.
Step 45900: Relocated 417519 GSs.
Step 45900: Added 0 GSs. Now having 8000000 GSs.
Step 46000: Relocated 437335 GSs.
Step 46000: Added 0 GSs. Now having 8000000 GSs.
[46000] loss 0.0202 l1 0.0486 ssim 0.6991 N 8000000
Step 46100: Relocated 461793 GSs.
Step 46100: Added 0 GSs. Now having 8000000 GSs.
Step 46200: Relocated 427700 GSs.
Step 46200: Added 0 GSs. Now having 8000000 GSs.
Step 46300: Relocated 463663 GSs.
Step 46300: Added 0 GSs. Now having 8000000 GSs.
Step 46400: Relocated 450974 GSs.
Step 46400: Added 0 GSs. Now having 8000000 GSs.
Step 46500: Relocated 426823 GSs.
Step 46500: Added 0 GSs. Now having 8000000 GSs.
[59999] loss 0.0582 l1 0.0286 ssim 0.8767 N 8000000
Saved 8000000 gaussians to /mnt/d/avv/output/HCM0181_fid_ctrl/ckpt.pt
Step 46600: Relocated 420406 GSs.
Step 46600: Added 0 GSs. Now having 8000000 GSs.
rendered 30 train views -> /mnt/d/avv/output/HCM0181_fid_ctrl/train_png
Step 46700: Relocated 423188 GSs.
Step 46700: Added 0 GSs. Now having 8000000 GSs.
Step 46800: Relocated 427426 GSs.
Step 46800: Added 0 GSs. Now having 8000000 GSs.
Wrote 60 images to /mnt/d/avv/output/HCM0181_fid_ctrl/tp
FIDFIT fid_ctrl  TRAIN 26.9910  TEST 24.4470  gap 2.5440
=== fid_ctrl DONE ===
240/371 images.bin entries have files in /home/bkai/data/phase1/public_set/HCM0181/train/images
240 views, 224928 init points, K=[[926.4,0,660.0],[0,926.4,494.5]], size 1320x989
3DGUT mode: classic + with_ut + with_eval3d, k1=+0.009004
scene_scale 10.363
/mnt/c/Users/BKAI/an_plaza2/FastGS/gsplat_track/train_gsplat.py:325: UserWarning: The given NumPy array is not writable, and PyTorch does not support non-writable tensors. This means writing to this tensor will result in undefined behavior. You may want to copy the array to protect its data or make it writable before converting it to a tensor. This type of warning will be suppressed for the rest of this program. (Triggered internally at /pytorch/torch/csrc/utils/tensor_numpy.cpp:203.)
  gt_cache[vi] = torch.from_numpy(
[0] loss 0.0884 l1 0.2403 ssim 0.2465 N 224928
Step 46900: Relocated 418114 GSs.
Step 46900: Added 0 GSs. Now having 8000000 GSs.
Step 600: Relocated 407 GSs.
Step 600: Added 11246 GSs. Now having 236174 GSs.
Step 700: Relocated 194 GSs.
Step 700: Added 11808 GSs. Now having 247982 GSs.
Step 800: Relocated 235 GSs.
Step 800: Added 12399 GSs. Now having 260381 GSs.
Step 900: Relocated 298 GSs.
Step 900: Added 13019 GSs. Now having 273400 GSs.
Step 1000: Relocated 405 GSs.
Step 1000: Added 13670 GSs. Now having 287070 GSs.
[1000] loss 0.0094 l1 0.0655 ssim 0.5877 N 287070
Step 1100: Relocated 444 GSs.
Step 1100: Added 14353 GSs. Now having 301423 GSs.
Step 1200: Relocated 499 GSs.
Step 1200: Added 15071 GSs. Now having 316494 GSs.
Step 1300: Relocated 578 GSs.
Step 1300: Added 15824 GSs. Now having 332318 GSs.
Step 1400: Relocated 681 GSs.
Step 1400: Added 16615 GSs. Now having 348933 GSs.
Step 1500: Relocated 774 GSs.
Step 1500: Added 17446 GSs. Now having 366379 GSs.
Step 1600: Relocated 810 GSs.
Step 1600: Added 18318 GSs. Now having 384697 GSs.
Step 1700: Relocated 961 GSs.
Step 1700: Added 19234 GSs. Now having 403931 GSs.
Step 1800: Relocated 1094 GSs.
Step 1800: Added 20196 GSs. Now having 424127 GSs.
Step 1900: Relocated 1125 GSs.
Step 1900: Added 21206 GSs. Now having 445333 GSs.
Step 2000: Relocated 1311 GSs.
Step 2000: Added 22266 GSs. Now having 467599 GSs.
[2000] loss 0.0084 l1 0.0590 ssim 0.5636 N 467599
Step 2100: Relocated 1452 GSs.
Step 2100: Added 23379 GSs. Now having 490978 GSs.
Step 2200: Relocated 1523 GSs.
Step 2200: Added 24548 GSs. Now having 515526 GSs.
Step 47000: Relocated 420797 GSs.
Step 47000: Added 0 GSs. Now having 8000000 GSs.
[47000] loss 0.0242 l1 0.0513 ssim 0.7584 N 8000000
Step 2300: Relocated 1629 GSs.
Step 2300: Added 25776 GSs. Now having 541302 GSs.
Step 2400: Relocated 1878 GSs.
Step 2400: Added 27065 GSs. Now having 568367 GSs.
Step 2500: Relocated 2135 GSs.
Step 2500: Added 28418 GSs. Now having 596785 GSs.
Step 2600: Relocated 2398 GSs.
Step 2600: Added 29839 GSs. Now having 626624 GSs.
Step 2700: Relocated 2633 GSs.
Step 2700: Added 31331 GSs. Now having 657955 GSs.
Step 2800: Relocated 2770 GSs.
Step 2800: Added 32897 GSs. Now having 690852 GSs.
Step 2900: Relocated 3021 GSs.
Step 2900: Added 34542 GSs. Now having 725394 GSs.
Step 3000: Relocated 3206 GSs.
Step 3000: Added 36269 GSs. Now having 761663 GSs.
[3000] loss 0.0063 l1 0.0510 ssim 0.6942 N 761663
Step 3100: Relocated 3656 GSs.
Step 3100: Added 38083 GSs. Now having 799746 GSs.
Step 3200: Relocated 3777 GSs.
Step 3200: Added 39987 GSs. Now having 839733 GSs.
Step 3300: Relocated 4117 GSs.
Step 3300: Added 41986 GSs. Now having 881719 GSs.
Step 3400: Relocated 4552 GSs.
Step 3400: Added 44085 GSs. Now having 925804 GSs.
Step 3500: Relocated 4460 GSs.
Step 3500: Added 46290 GSs. Now having 972094 GSs.
Step 3600: Relocated 5144 GSs.
Step 3600: Added 48604 GSs. Now having 1020698 GSs.
Step 47100: Relocated 442369 GSs.
Step 47100: Added 0 GSs. Now having 8000000 GSs.
Step 3700: Relocated 5530 GSs.
Step 3700: Added 51034 GSs. Now having 1071732 GSs.
Step 3800: Relocated 6071 GSs.
Step 3800: Added 53586 GSs. Now having 1125318 GSs.
Step 3900: Relocated 6525 GSs.
Step 3900: Added 56265 GSs. Now having 1181583 GSs.
Step 4000: Relocated 7253 GSs.
Step 4000: Added 59079 GSs. Now having 1240662 GSs.
[4000] loss 0.0066 l1 0.0494 ssim 0.6618 N 1240662
Step 4100: Relocated 7187 GSs.
Step 4100: Added 62033 GSs. Now having 1302695 GSs.
Step 4200: Relocated 7969 GSs.
Step 4200: Added 65134 GSs. Now having 1367829 GSs.
Step 4300: Relocated 8402 GSs.
Step 4300: Added 68391 GSs. Now having 1436220 GSs.
Step 4400: Relocated 8850 GSs.
Step 4400: Added 71811 GSs. Now having 1508031 GSs.
Step 4500: Relocated 9637 GSs.
Step 4500: Added 75401 GSs. Now having 1583432 GSs.
Step 4600: Relocated 10682 GSs.
Step 4600: Added 79171 GSs. Now having 1662603 GSs.
Step 47200: Relocated 434209 GSs.
Step 47200: Added 0 GSs. Now having 8000000 GSs.
Step 4700: Relocated 11420 GSs.
Step 4700: Added 83130 GSs. Now having 1745733 GSs.
Step 4800: Relocated 12002 GSs.
Step 4800: Added 87286 GSs. Now having 1833019 GSs.
Step 4900: Relocated 13050 GSs.
Step 4900: Added 91650 GSs. Now having 1924669 GSs.
Step 5000: Relocated 13735 GSs.
Step 5000: Added 96233 GSs. Now having 2020902 GSs.
[5000] loss 0.0057 l1 0.0477 ssim 0.7273 N 2020902
Step 5100: Relocated 14404 GSs.
Step 5100: Added 101045 GSs. Now having 2121947 GSs.
Step 5200: Relocated 15850 GSs.
Step 5200: Added 106097 GSs. Now having 2228044 GSs.
Step 5300: Relocated 16138 GSs.
Step 5300: Added 111402 GSs. Now having 2339446 GSs.
Step 47300: Relocated 424292 GSs.
Step 47300: Added 0 GSs. Now having 8000000 GSs.
Step 5400: Relocated 17478 GSs.
Step 5400: Added 116972 GSs. Now having 2456418 GSs.
Step 5500: Relocated 19014 GSs.
Step 5500: Added 122820 GSs. Now having 2579238 GSs.
Step 5600: Relocated 19384 GSs.
Step 5600: Added 128961 GSs. Now having 2708199 GSs.
Step 5700: Relocated 21398 GSs.
Step 5700: Added 135409 GSs. Now having 2843608 GSs.
Step 5800: Relocated 22234 GSs.
Step 5800: Added 142180 GSs. Now having 2985788 GSs.
Step 5900: Relocated 24690 GSs.
Step 5900: Added 149289 GSs. Now having 3135077 GSs.
Step 47400: Relocated 432814 GSs.
Step 47400: Added 0 GSs. Now having 8000000 GSs.
Step 6000: Relocated 25142 GSs.
Step 6000: Added 156753 GSs. Now having 3291830 GSs.
[6000] loss 0.0058 l1 0.0483 ssim 0.7523 N 3291830
Step 6100: Relocated 27076 GSs.
Step 6100: Added 164591 GSs. Now having 3456421 GSs.
Step 6200: Relocated 29073 GSs.
Step 6200: Added 172821 GSs. Now having 3629242 GSs.
Step 6300: Relocated 30836 GSs.
Step 6300: Added 181462 GSs. Now having 3810704 GSs.
Step 47500: Relocated 409732 GSs.
Step 47500: Added 0 GSs. Now having 8000000 GSs.
Step 6400: Relocated 33333 GSs.
Step 6400: Added 190535 GSs. Now having 4001239 GSs.
Step 6500: Relocated 32818 GSs.
Step 6500: Added 200061 GSs. Now having 4201300 GSs.
Step 6600: Relocated 34900 GSs.
Step 6600: Added 210065 GSs. Now having 4411365 GSs.
Step 6700: Relocated 39982 GSs.
Step 6700: Added 220568 GSs. Now having 4631933 GSs.
Step 47600: Relocated 410216 GSs.
Step 47600: Added 0 GSs. Now having 8000000 GSs.
Step 6800: Relocated 39898 GSs.
Step 6800: Added 231596 GSs. Now having 4863529 GSs.
Step 6900: Relocated 44828 GSs.
Step 6900: Added 243176 GSs. Now having 5106705 GSs.
Step 7000: Relocated 44882 GSs.
Step 7000: Added 255335 GSs. Now having 5362040 GSs.
[7000] loss 0.0070 l1 0.0505 ssim 0.7028 N 5362040
Step 7100: Relocated 47929 GSs.
Step 7100: Added 268102 GSs. Now having 5630142 GSs.
Step 47700: Relocated 427567 GSs.
Step 47700: Added 0 GSs. Now having 8000000 GSs.
Step 7200: Relocated 49870 GSs.
Step 7200: Added 281507 GSs. Now having 5911649 GSs.
Step 7300: Relocated 52137 GSs.
Step 7300: Added 295582 GSs. Now having 6207231 GSs.
Step 7400: Relocated 56869 GSs.
Step 7400: Added 310361 GSs. Now having 6517592 GSs.
Step 47800: Relocated 412864 GSs.
Step 47800: Added 0 GSs. Now having 8000000 GSs.
Step 7500: Relocated 60180 GSs.
Step 7500: Added 325879 GSs. Now having 6843471 GSs.
Step 7600: Relocated 62396 GSs.
Step 7600: Added 342173 GSs. Now having 7185644 GSs.
Step 47900: Relocated 420779 GSs.
Step 47900: Added 0 GSs. Now having 8000000 GSs.
Step 7700: Relocated 65450 GSs.
Step 7700: Added 359282 GSs. Now having 7544926 GSs.
Step 7800: Relocated 69977 GSs.
Step 7800: Added 377246 GSs. Now having 7922172 GSs.
Step 48000: Relocated 411605 GSs.
Step 48000: Added 0 GSs. Now having 8000000 GSs.
[48000] loss 0.0142 l1 0.0396 ssim 0.8016 N 8000000
Step 7900: Relocated 72330 GSs.
Step 7900: Added 77828 GSs. Now having 8000000 GSs.
Step 48100: Relocated 429098 GSs.
Step 48100: Added 0 GSs. Now having 8000000 GSs.
Step 8000: Relocated 59616 GSs.
Step 8000: Added 0 GSs. Now having 8000000 GSs.
[8000] loss 0.0040 l1 0.0390 ssim 0.7764 N 8000000
Step 8100: Relocated 49244 GSs.
Step 8100: Added 0 GSs. Now having 8000000 GSs.
Step 8200: Relocated 44919 GSs.
Step 8200: Added 0 GSs. Now having 8000000 GSs.
Step 48200: Relocated 430888 GSs.
Step 48200: Added 0 GSs. Now having 8000000 GSs.
Step 8300: Relocated 40187 GSs.
Step 8300: Added 0 GSs. Now having 8000000 GSs.
Step 8400: Relocated 39611 GSs.
Step 8400: Added 0 GSs. Now having 8000000 GSs.
Step 48300: Relocated 420144 GSs.
Step 48300: Added 0 GSs. Now having 8000000 GSs.
Step 8500: Relocated 35532 GSs.
Step 8500: Added 0 GSs. Now having 8000000 GSs.
Step 8600: Relocated 35496 GSs.
Step 8600: Added 0 GSs. Now having 8000000 GSs.
Step 48400: Relocated 407994 GSs.
Step 48400: Added 0 GSs. Now having 8000000 GSs.
Step 8700: Relocated 32661 GSs.
Step 8700: Added 0 GSs. Now having 8000000 GSs.
Step 8800: Relocated 31855 GSs.
Step 8800: Added 0 GSs. Now having 8000000 GSs.
Step 8900: Relocated 32392 GSs.
Step 8900: Added 0 GSs. Now having 8000000 GSs.
Step 48500: Relocated 405682 GSs.
Step 48500: Added 0 GSs. Now having 8000000 GSs.
Step 9000: Relocated 29465 GSs.
Step 9000: Added 0 GSs. Now having 8000000 GSs.
[9000] loss 0.0049 l1 0.0430 ssim 0.6972 N 8000000
Step 9100: Relocated 30003 GSs.
Step 9100: Added 0 GSs. Now having 8000000 GSs.
Step 48600: Relocated 414200 GSs.
Step 48600: Added 0 GSs. Now having 8000000 GSs.
Step 9200: Relocated 29889 GSs.
Step 9200: Added 0 GSs. Now having 8000000 GSs.
Step 9300: Relocated 28154 GSs.
Step 9300: Added 0 GSs. Now having 8000000 GSs.
Step 48700: Relocated 407148 GSs.
Step 48700: Added 0 GSs. Now having 8000000 GSs.
Step 9400: Relocated 28534 GSs.
Step 9400: Added 0 GSs. Now having 8000000 GSs.
Step 9500: Relocated 27832 GSs.
Step 9500: Added 0 GSs. Now having 8000000 GSs.
Step 9600: Relocated 27240 GSs.
Step 9600: Added 0 GSs. Now having 8000000 GSs.
Step 48800: Relocated 410936 GSs.
Step 48800: Added 0 GSs. Now having 8000000 GSs.
Step 9700: Relocated 25949 GSs.
Step 9700: Added 0 GSs. Now having 8000000 GSs.
Step 9800: Relocated 27755 GSs.
Step 9800: Added 0 GSs. Now having 8000000 GSs.
Step 48900: Relocated 436375 GSs.
Step 48900: Added 0 GSs. Now having 8000000 GSs.
Step 9900: Relocated 25881 GSs.
Step 9900: Added 0 GSs. Now having 8000000 GSs.
Step 10000: Relocated 25729 GSs.
Step 10000: Added 0 GSs. Now having 8000000 GSs.
[10000] loss 0.0055 l1 0.0457 ssim 0.7371 N 8000000
Step 49000: Relocated 419299 GSs.
Step 49000: Added 0 GSs. Now having 8000000 GSs.
[49000] loss 0.0202 l1 0.0486 ssim 0.7470 N 8000000
Step 10100: Relocated 25322 GSs.
Step 10100: Added 0 GSs. Now having 8000000 GSs.
Step 10200: Relocated 25563 GSs.
Step 10200: Added 0 GSs. Now having 8000000 GSs.
Step 10300: Relocated 24118 GSs.
Step 10300: Added 0 GSs. Now having 8000000 GSs.
Step 49100: Relocated 398773 GSs.
Step 49100: Added 0 GSs. Now having 8000000 GSs.
Step 10400: Relocated 24111 GSs.
Step 10400: Added 0 GSs. Now having 8000000 GSs.
Step 10500: Relocated 24143 GSs.
Step 10500: Added 0 GSs. Now having 8000000 GSs.
Step 49200: Relocated 442235 GSs.
Step 49200: Added 0 GSs. Now having 8000000 GSs.
Step 10600: Relocated 24671 GSs.
Step 10600: Added 0 GSs. Now having 8000000 GSs.
Step 10700: Relocated 23194 GSs.
Step 10700: Added 0 GSs. Now having 8000000 GSs.
Step 49300: Relocated 426927 GSs.
Step 49300: Added 0 GSs. Now having 8000000 GSs.
Step 10800: Relocated 23775 GSs.
Step 10800: Added 0 GSs. Now having 8000000 GSs.
Step 10900: Relocated 22331 GSs.
Step 10900: Added 0 GSs. Now having 8000000 GSs.
Step 11000: Relocated 24170 GSs.
Step 11000: Added 0 GSs. Now having 8000000 GSs.
[11000] loss 0.0041 l1 0.0406 ssim 0.8066 N 8000000
Step 49400: Relocated 417543 GSs.
Step 49400: Added 0 GSs. Now having 8000000 GSs.
Step 11100: Relocated 23721 GSs.
Step 11100: Added 0 GSs. Now having 8000000 GSs.
Step 11200: Relocated 23017 GSs.
Step 11200: Added 0 GSs. Now having 8000000 GSs.
Step 49500: Relocated 432037 GSs.
Step 49500: Added 0 GSs. Now having 8000000 GSs.
Step 11300: Relocated 23133 GSs.
Step 11300: Added 0 GSs. Now having 8000000 GSs.
Step 11400: Relocated 22721 GSs.
Step 11400: Added 0 GSs. Now having 8000000 GSs.
Step 11500: Relocated 22215 GSs.
Step 11500: Added 0 GSs. Now having 8000000 GSs.
Step 49600: Relocated 420942 GSs.
Step 49600: Added 0 GSs. Now having 8000000 GSs.
Step 11600: Relocated 20990 GSs.
Step 11600: Added 0 GSs. Now having 8000000 GSs.
Step 11700: Relocated 22415 GSs.
Step 11700: Added 0 GSs. Now having 8000000 GSs.
Step 49700: Relocated 425415 GSs.
Step 49700: Added 0 GSs. Now having 8000000 GSs.
Step 11800: Relocated 21586 GSs.
Step 11800: Added 0 GSs. Now having 8000000 GSs.
Step 11900: Relocated 21349 GSs.
Step 11900: Added 0 GSs. Now having 8000000 GSs.
Step 49800: Relocated 428399 GSs.
Step 49800: Added 0 GSs. Now having 8000000 GSs.
Step 12000: Relocated 21441 GSs.
Step 12000: Added 0 GSs. Now having 8000000 GSs.
[12000] loss 0.0042 l1 0.0394 ssim 0.8171 N 8000000
Step 12100: Relocated 21084 GSs.
Step 12100: Added 0 GSs. Now having 8000000 GSs.
Step 12200: Relocated 21195 GSs.
Step 12200: Added 0 GSs. Now having 8000000 GSs.
Step 49900: Relocated 422461 GSs.
Step 49900: Added 0 GSs. Now having 8000000 GSs.
Step 12300: Relocated 20775 GSs.
Step 12300: Added 0 GSs. Now having 8000000 GSs.
Step 12400: Relocated 20682 GSs.
Step 12400: Added 0 GSs. Now having 8000000 GSs.
[50000] loss 0.0224 l1 0.0502 ssim 0.7106 N 8000000
Step 12500: Relocated 20399 GSs.
Step 12500: Added 0 GSs. Now having 8000000 GSs.
Step 12600: Relocated 19912 GSs.
Step 12600: Added 0 GSs. Now having 8000000 GSs.
Step 12700: Relocated 21002 GSs.
Step 12700: Added 0 GSs. Now having 8000000 GSs.
Step 12800: Relocated 19080 GSs.
Step 12800: Added 0 GSs. Now having 8000000 GSs.
Step 12900: Relocated 19892 GSs.
Step 12900: Added 0 GSs. Now having 8000000 GSs.
Step 13000: Relocated 19642 GSs.
Step 13000: Added 0 GSs. Now having 8000000 GSs.
[13000] loss 0.0061 l1 0.0489 ssim 0.7260 N 8000000
Step 13100: Relocated 19019 GSs.
Step 13100: Added 0 GSs. Now having 8000000 GSs.
Step 13200: Relocated 18726 GSs.
Step 13200: Added 0 GSs. Now having 8000000 GSs.
Step 13300: Relocated 19085 GSs.
Step 13300: Added 0 GSs. Now having 8000000 GSs.
Step 13400: Relocated 18911 GSs.
Step 13400: Added 0 GSs. Now having 8000000 GSs.
Step 13500: Relocated 18126 GSs.
Step 13500: Added 0 GSs. Now having 8000000 GSs.
Step 13600: Relocated 18995 GSs.
Step 13600: Added 0 GSs. Now having 8000000 GSs.
Step 13700: Relocated 18402 GSs.
Step 13700: Added 0 GSs. Now having 8000000 GSs.
Step 13800: Relocated 18035 GSs.
Step 13800: Added 0 GSs. Now having 8000000 GSs.
Step 13900: Relocated 18627 GSs.
Step 13900: Added 0 GSs. Now having 8000000 GSs.
Step 14000: Relocated 17632 GSs.
Step 14000: Added 0 GSs. Now having 8000000 GSs.
[14000] loss 0.0028 l1 0.0321 ssim 0.8073 N 8000000
Step 14100: Relocated 18783 GSs.
Step 14100: Added 0 GSs. Now having 8000000 GSs.
Step 14200: Relocated 17634 GSs.
Step 14200: Added 0 GSs. Now having 8000000 GSs.
Step 14300: Relocated 16924 GSs.
Step 14300: Added 0 GSs. Now having 8000000 GSs.
Step 14400: Relocated 17894 GSs.
Step 14400: Added 0 GSs. Now having 8000000 GSs.
Step 14500: Relocated 16724 GSs.
Step 14500: Added 0 GSs. Now having 8000000 GSs.
Step 14600: Relocated 17555 GSs.
Step 14600: Added 0 GSs. Now having 8000000 GSs.
Step 14700: Relocated 17221 GSs.
Step 14700: Added 0 GSs. Now having 8000000 GSs.
Step 14800: Relocated 16784 GSs.
Step 14800: Added 0 GSs. Now having 8000000 GSs.
[51000] loss 0.0140 l1 0.0359 ssim 0.8182 N 8000000
Step 14900: Relocated 17616 GSs.
Step 14900: Added 0 GSs. Now having 8000000 GSs.
Step 15000: Relocated 16468 GSs.
Step 15000: Added 0 GSs. Now having 8000000 GSs.
[15000] loss 0.0044 l1 0.0390 ssim 0.7646 N 8000000
Step 15100: Relocated 16717 GSs.
Step 15100: Added 0 GSs. Now having 8000000 GSs.
Step 15200: Relocated 16401 GSs.
Step 15200: Added 0 GSs. Now having 8000000 GSs.
Step 15300: Relocated 16655 GSs.
Step 15300: Added 0 GSs. Now having 8000000 GSs.
Step 15400: Relocated 15867 GSs.
Step 15400: Added 0 GSs. Now having 8000000 GSs.
Step 15500: Relocated 15781 GSs.
Step 15500: Added 0 GSs. Now having 8000000 GSs.
Step 15600: Relocated 16383 GSs.
Step 15600: Added 0 GSs. Now having 8000000 GSs.
Step 15700: Relocated 15148 GSs.
Step 15700: Added 0 GSs. Now having 8000000 GSs.
Step 15800: Relocated 15914 GSs.
Step 15800: Added 0 GSs. Now having 8000000 GSs.
Step 15900: Relocated 15662 GSs.
Step 15900: Added 0 GSs. Now having 8000000 GSs.
Step 16000: Relocated 15524 GSs.
Step 16000: Added 0 GSs. Now having 8000000 GSs.
[16000] loss 0.0029 l1 0.0347 ssim 0.8352 N 8000000
Step 16100: Relocated 15252 GSs.
Step 16100: Added 0 GSs. Now having 8000000 GSs.
Step 16200: Relocated 14974 GSs.
Step 16200: Added 0 GSs. Now having 8000000 GSs.
Step 16300: Relocated 15288 GSs.
Step 16300: Added 0 GSs. Now having 8000000 GSs.
Step 16400: Relocated 14780 GSs.
Step 16400: Added 0 GSs. Now having 8000000 GSs.
Step 16500: Relocated 14511 GSs.
Step 16500: Added 0 GSs. Now having 8000000 GSs.
Step 16600: Relocated 15191 GSs.
Step 16600: Added 0 GSs. Now having 8000000 GSs.
Step 16700: Relocated 14427 GSs.
Step 16700: Added 0 GSs. Now having 8000000 GSs.
Step 16800: Relocated 14503 GSs.
Step 16800: Added 0 GSs. Now having 8000000 GSs.
Step 16900: Relocated 13624 GSs.
Step 16900: Added 0 GSs. Now having 8000000 GSs.
Step 17000: Relocated 14853 GSs.
Step 17000: Added 0 GSs. Now having 8000000 GSs.
[17000] loss 0.0030 l1 0.0342 ssim 0.8315 N 8000000
Step 17100: Relocated 13765 GSs.
Step 17100: Added 0 GSs. Now having 8000000 GSs.
Step 17200: Relocated 14299 GSs.
Step 17200: Added 0 GSs. Now having 8000000 GSs.
[52000] loss 0.0208 l1 0.0511 ssim 0.7451 N 8000000
Step 17300: Relocated 13924 GSs.
Step 17300: Added 0 GSs. Now having 8000000 GSs.
Step 17400: Relocated 13554 GSs.
Step 17400: Added 0 GSs. Now having 8000000 GSs.
Step 17500: Relocated 13771 GSs.
Step 17500: Added 0 GSs. Now having 8000000 GSs.
Step 17600: Relocated 13035 GSs.
Step 17600: Added 0 GSs. Now having 8000000 GSs.
Step 17700: Relocated 13870 GSs.
Step 17700: Added 0 GSs. Now having 8000000 GSs.
Step 17800: Relocated 13188 GSs.
Step 17800: Added 0 GSs. Now having 8000000 GSs.
Step 17900: Relocated 12987 GSs.
Step 17900: Added 0 GSs. Now having 8000000 GSs.
Step 18000: Relocated 13451 GSs.
Step 18000: Added 0 GSs. Now having 8000000 GSs.
[18000] loss 0.0033 l1 0.0392 ssim 0.8236 N 8000000
Step 18100: Relocated 12790 GSs.
Step 18100: Added 0 GSs. Now having 8000000 GSs.
Step 18200: Relocated 12506 GSs.
Step 18200: Added 0 GSs. Now having 8000000 GSs.
Step 18300: Relocated 12337 GSs.
Step 18300: Added 0 GSs. Now having 8000000 GSs.
Step 18400: Relocated 12429 GSs.
Step 18400: Added 0 GSs. Now having 8000000 GSs.
Step 18500: Relocated 13043 GSs.
Step 18500: Added 0 GSs. Now having 8000000 GSs.
Step 18600: Relocated 12095 GSs.
Step 18600: Added 0 GSs. Now having 8000000 GSs.
Step 18700: Relocated 12419 GSs.
Step 18700: Added 0 GSs. Now having 8000000 GSs.
Step 18800: Relocated 12096 GSs.
Step 18800: Added 0 GSs. Now having 8000000 GSs.
Step 18900: Relocated 12338 GSs.
Step 18900: Added 0 GSs. Now having 8000000 GSs.
Step 19000: Relocated 11802 GSs.
Step 19000: Added 0 GSs. Now having 8000000 GSs.
[19000] loss 0.0054 l1 0.0464 ssim 0.7134 N 8000000
Step 19100: Relocated 11849 GSs.
Step 19100: Added 0 GSs. Now having 8000000 GSs.
Step 19200: Relocated 12011 GSs.
Step 19200: Added 0 GSs. Now having 8000000 GSs.
Step 19300: Relocated 11079 GSs.
Step 19300: Added 0 GSs. Now having 8000000 GSs.
Step 19400: Relocated 11989 GSs.
Step 19400: Added 0 GSs. Now having 8000000 GSs.
Step 19500: Relocated 11150 GSs.
Step 19500: Added 0 GSs. Now having 8000000 GSs.
[53000] loss 0.0193 l1 0.0467 ssim 0.7460 N 8000000
Step 19600: Relocated 11383 GSs.
Step 19600: Added 0 GSs. Now having 8000000 GSs.
Step 19700: Relocated 11559 GSs.
Step 19700: Added 0 GSs. Now having 8000000 GSs.
Step 19800: Relocated 10968 GSs.
Step 19800: Added 0 GSs. Now having 8000000 GSs.
Step 19900: Relocated 11121 GSs.
Step 19900: Added 0 GSs. Now having 8000000 GSs.
Step 20000: Relocated 10707 GSs.
Step 20000: Added 0 GSs. Now having 8000000 GSs.
[20000] loss 0.0022 l1 0.0303 ssim 0.8318 N 8000000
Step 20100: Relocated 11156 GSs.
Step 20100: Added 0 GSs. Now having 8000000 GSs.
Step 20200: Relocated 10344 GSs.
Step 20200: Added 0 GSs. Now having 8000000 GSs.
Step 20300: Relocated 10541 GSs.
Step 20300: Added 0 GSs. Now having 8000000 GSs.
Step 20400: Relocated 10687 GSs.
Step 20400: Added 0 GSs. Now having 8000000 GSs.
Step 20500: Relocated 10327 GSs.
Step 20500: Added 0 GSs. Now having 8000000 GSs.
Step 20600: Relocated 10589 GSs.
Step 20600: Added 0 GSs. Now having 8000000 GSs.
Step 20700: Relocated 9634 GSs.
Step 20700: Added 0 GSs. Now having 8000000 GSs.
Step 20800: Relocated 10640 GSs.
Step 20800: Added 0 GSs. Now having 8000000 GSs.
Step 20900: Relocated 10331 GSs.
Step 20900: Added 0 GSs. Now having 8000000 GSs.
Step 21000: Relocated 9879 GSs.
Step 21000: Added 0 GSs. Now having 8000000 GSs.
[21000] loss 0.0029 l1 0.0325 ssim 0.7961 N 8000000
Step 21100: Relocated 9829 GSs.
Step 21100: Added 0 GSs. Now having 8000000 GSs.
Step 21200: Relocated 9887 GSs.
Step 21200: Added 0 GSs. Now having 8000000 GSs.
Step 21300: Relocated 9716 GSs.
Step 21300: Added 0 GSs. Now having 8000000 GSs.
Step 21400: Relocated 9837 GSs.
Step 21400: Added 0 GSs. Now having 8000000 GSs.
Step 21500: Relocated 9522 GSs.
Step 21500: Added 0 GSs. Now having 8000000 GSs.
Step 21600: Relocated 9664 GSs.
Step 21600: Added 0 GSs. Now having 8000000 GSs.
Step 21700: Relocated 9470 GSs.
Step 21700: Added 0 GSs. Now having 8000000 GSs.
Step 21800: Relocated 9398 GSs.
Step 21800: Added 0 GSs. Now having 8000000 GSs.
Step 21900: Relocated 9189 GSs.
Step 21900: Added 0 GSs. Now having 8000000 GSs.
[54000] loss 0.0123 l1 0.0347 ssim 0.8452 N 8000000
Step 22000: Relocated 8879 GSs.
Step 22000: Added 0 GSs. Now having 8000000 GSs.
[22000] loss 0.0020 l1 0.0287 ssim 0.8749 N 8000000
Step 22100: Relocated 9678 GSs.
Step 22100: Added 0 GSs. Now having 8000000 GSs.
Step 22200: Relocated 8974 GSs.
Step 22200: Added 0 GSs. Now having 8000000 GSs.
Step 22300: Relocated 8988 GSs.
Step 22300: Added 0 GSs. Now having 8000000 GSs.
Step 22400: Relocated 8787 GSs.
Step 22400: Added 0 GSs. Now having 8000000 GSs.
Step 22500: Relocated 8583 GSs.
Step 22500: Added 0 GSs. Now having 8000000 GSs.
Step 22600: Relocated 8654 GSs.
Step 22600: Added 0 GSs. Now having 8000000 GSs.
Step 22700: Relocated 8347 GSs.
Step 22700: Added 0 GSs. Now having 8000000 GSs.
Step 22800: Relocated 8650 GSs.
Step 22800: Added 0 GSs. Now having 8000000 GSs.
Step 22900: Relocated 8601 GSs.
Step 22900: Added 0 GSs. Now having 8000000 GSs.
Step 23000: Relocated 8390 GSs.
Step 23000: Added 0 GSs. Now having 8000000 GSs.
[23000] loss 0.0041 l1 0.0378 ssim 0.8056 N 8000000
Step 23100: Relocated 8403 GSs.
Step 23100: Added 0 GSs. Now having 8000000 GSs.
Step 23200: Relocated 8256 GSs.
Step 23200: Added 0 GSs. Now having 8000000 GSs.
Step 23300: Relocated 8292 GSs.
Step 23300: Added 0 GSs. Now having 8000000 GSs.
Step 23400: Relocated 7857 GSs.
Step 23400: Added 0 GSs. Now having 8000000 GSs.
Step 23500: Relocated 7957 GSs.
Step 23500: Added 0 GSs. Now having 8000000 GSs.
Step 23600: Relocated 7838 GSs.
Step 23600: Added 0 GSs. Now having 8000000 GSs.
Step 23700: Relocated 7866 GSs.
Step 23700: Added 0 GSs. Now having 8000000 GSs.
Step 23800: Relocated 8005 GSs.
Step 23800: Added 0 GSs. Now having 8000000 GSs.
Step 23900: Relocated 7547 GSs.
Step 23900: Added 0 GSs. Now having 8000000 GSs.
Step 24000: Relocated 7949 GSs.
Step 24000: Added 0 GSs. Now having 8000000 GSs.
[24000] loss 0.0030 l1 0.0345 ssim 0.8291 N 8000000
Step 24100: Relocated 7148 GSs.
Step 24100: Added 0 GSs. Now having 8000000 GSs.
Step 24200: Relocated 7921 GSs.
Step 24200: Added 0 GSs. Now having 8000000 GSs.
Step 24300: Relocated 7241 GSs.
Step 24300: Added 0 GSs. Now having 8000000 GSs.
[55000] loss 0.0134 l1 0.0393 ssim 0.8168 N 8000000
Step 24400: Relocated 7184 GSs.
Step 24400: Added 0 GSs. Now having 8000000 GSs.
Step 24500: Relocated 7469 GSs.
Step 24500: Added 0 GSs. Now having 8000000 GSs.
Step 24600: Relocated 6987 GSs.
Step 24600: Added 0 GSs. Now having 8000000 GSs.
Step 24700: Relocated 7425 GSs.
Step 24700: Added 0 GSs. Now having 8000000 GSs.
Step 24800: Relocated 6816 GSs.
Step 24800: Added 0 GSs. Now having 8000000 GSs.
Step 24900: Relocated 6955 GSs.
Step 24900: Added 0 GSs. Now having 8000000 GSs.
Step 25000: Relocated 6977 GSs.
Step 25000: Added 0 GSs. Now having 8000000 GSs.
[25000] loss 0.0040 l1 0.0366 ssim 0.7991 N 8000000
Setting up [LPIPS] perceptual loss: trunk [vgg], v[0.1], spatial [off]
/home/bkai/miniconda3/envs/gsplat/lib/python3.10/site-packages/torchvision/models/_utils.py:208: UserWarning: The parameter 'pretrained' is deprecated since 0.13 and may be removed in the future, please use 'weights' instead.
  warnings.warn(
/home/bkai/miniconda3/envs/gsplat/lib/python3.10/site-packages/torchvision/models/_utils.py:223: UserWarning: Arguments other than a weight enum or `None` for 'weights' are deprecated since 0.13 and may be removed in the future. The current behavior is equivalent to passing `weights=VGG16_Weights.IMAGENET1K_V1`. You can also use `weights=VGG16_Weights.DEFAULT` to get the most up-to-date weights.
  warnings.warn(msg)
Loading model from: /home/bkai/miniconda3/envs/gsplat/lib/python3.10/site-packages/lpips/weights/v0.1/vgg.pth
Step 25100: Relocated 37738 GSs.
Step 25100: Added 0 GSs. Now having 8000000 GSs.
Step 25200: Relocated 12128 GSs.
Step 25200: Added 0 GSs. Now having 8000000 GSs.
Step 25300: Relocated 5170 GSs.
Step 25300: Added 0 GSs. Now having 8000000 GSs.
Step 25400: Relocated 4176 GSs.
Step 25400: Added 0 GSs. Now having 8000000 GSs.
Step 25500: Relocated 2782 GSs.
Step 25500: Added 0 GSs. Now having 8000000 GSs.
Step 25600: Relocated 2037 GSs.
Step 25600: Added 0 GSs. Now having 8000000 GSs.
[56000] loss 0.0149 l1 0.0399 ssim 0.8144 N 8000000
Step 25700: Relocated 2023 GSs.
Step 25700: Added 0 GSs. Now having 8000000 GSs.
Step 25800: Relocated 1586 GSs.
Step 25800: Added 0 GSs. Now having 8000000 GSs.
Step 25900: Relocated 1783 GSs.
Step 25900: Added 0 GSs. Now having 8000000 GSs.
Step 26000: Relocated 1395 GSs.
Step 26000: Added 0 GSs. Now having 8000000 GSs.
[26000] loss 0.0166 l1 0.0372 ssim 0.8146 N 8000000
Step 26100: Relocated 1420 GSs.
Step 26100: Added 0 GSs. Now having 8000000 GSs.
Step 26200: Relocated 1457 GSs.
Step 26200: Added 0 GSs. Now having 8000000 GSs.
Step 26300: Relocated 1190 GSs.
Step 26300: Added 0 GSs. Now having 8000000 GSs.
Step 26400: Relocated 1273 GSs.
Step 26400: Added 0 GSs. Now having 8000000 GSs.
Step 26500: Relocated 1150 GSs.
Step 26500: Added 0 GSs. Now having 8000000 GSs.
Step 26600: Relocated 1285 GSs.
Step 26600: Added 0 GSs. Now having 8000000 GSs.
[57000] loss 0.0138 l1 0.0419 ssim 0.8195 N 8000000
Step 26700: Relocated 1248 GSs.
Step 26700: Added 0 GSs. Now having 8000000 GSs.
Step 26800: Relocated 1257 GSs.
Step 26800: Added 0 GSs. Now having 8000000 GSs.
Step 26900: Relocated 1153 GSs.
Step 26900: Added 0 GSs. Now having 8000000 GSs.
Step 27000: Relocated 1151 GSs.
Step 27000: Added 0 GSs. Now having 8000000 GSs.
[27000] loss 0.0145 l1 0.0341 ssim 0.8183 N 8000000
Step 27100: Relocated 1295 GSs.
Step 27100: Added 0 GSs. Now having 8000000 GSs.
Step 27200: Relocated 1208 GSs.
Step 27200: Added 0 GSs. Now having 8000000 GSs.
Step 27300: Relocated 1204 GSs.
Step 27300: Added 0 GSs. Now having 8000000 GSs.
Step 27400: Relocated 1224 GSs.
Step 27400: Added 0 GSs. Now having 8000000 GSs.
Step 27500: Relocated 1201 GSs.
Step 27500: Added 0 GSs. Now having 8000000 GSs.
Step 27600: Relocated 1303 GSs.
Step 27600: Added 0 GSs. Now having 8000000 GSs.
[58000] loss 0.0130 l1 0.0375 ssim 0.8121 N 8000000
Step 27700: Relocated 1245 GSs.
Step 27700: Added 0 GSs. Now having 8000000 GSs.
Step 27800: Relocated 1280 GSs.
Step 27800: Added 0 GSs. Now having 8000000 GSs.
Step 27900: Relocated 1250 GSs.
Step 27900: Added 0 GSs. Now having 8000000 GSs.
Step 28000: Relocated 1242 GSs.
Step 28000: Added 0 GSs. Now having 8000000 GSs.
[28000] loss 0.0177 l1 0.0377 ssim 0.7632 N 8000000
Step 28100: Relocated 1339 GSs.
Step 28100: Added 0 GSs. Now having 8000000 GSs.
Step 28200: Relocated 1217 GSs.
Step 28200: Added 0 GSs. Now having 8000000 GSs.
Step 28300: Relocated 1325 GSs.
Step 28300: Added 0 GSs. Now having 8000000 GSs.
Step 28400: Relocated 1337 GSs.
Step 28400: Added 0 GSs. Now having 8000000 GSs.
Step 28500: Relocated 1369 GSs.
Step 28500: Added 0 GSs. Now having 8000000 GSs.
Step 28600: Relocated 1388 GSs.
Step 28600: Added 0 GSs. Now having 8000000 GSs.
[59000] loss 0.0119 l1 0.0388 ssim 0.8359 N 8000000
Step 28700: Relocated 1297 GSs.
Step 28700: Added 0 GSs. Now having 8000000 GSs.
Step 28800: Relocated 1487 GSs.
Step 28800: Added 0 GSs. Now having 8000000 GSs.
Step 28900: Relocated 1424 GSs.
Step 28900: Added 0 GSs. Now having 8000000 GSs.
Step 29000: Relocated 1339 GSs.
Step 29000: Added 0 GSs. Now having 8000000 GSs.
[29000] loss 0.0158 l1 0.0388 ssim 0.8085 N 8000000
Step 29100: Relocated 1369 GSs.
Step 29100: Added 0 GSs. Now having 8000000 GSs.
Step 29200: Relocated 1541 GSs.
Step 29200: Added 0 GSs. Now having 8000000 GSs.
Step 29300: Relocated 1516 GSs.
Step 29300: Added 0 GSs. Now having 8000000 GSs.
Step 29400: Relocated 1483 GSs.
Step 29400: Added 0 GSs. Now having 8000000 GSs.
Step 29500: Relocated 1435 GSs.
Step 29500: Added 0 GSs. Now having 8000000 GSs.
Step 29600: Relocated 1393 GSs.
Step 29600: Added 0 GSs. Now having 8000000 GSs.
[59999] loss 0.0168 l1 0.0425 ssim 0.7488 N 8000000
Step 29700: Relocated 1664 GSs.
Step 29700: Added 0 GSs. Now having 8000000 GSs.
Saved 8000000 gaussians to /mnt/d/avv/output/HCM0181_fid_l2reg/ckpt.pt
Step 29800: Relocated 1523 GSs.
Step 29800: Added 0 GSs. Now having 8000000 GSs.
rendered 30 train views -> /mnt/d/avv/output/HCM0181_fid_l2reg/train_png
Step 29900: Relocated 1523 GSs.
Step 29900: Added 0 GSs. Now having 8000000 GSs.
Step 30000: Relocated 1648 GSs.
Step 30000: Added 0 GSs. Now having 8000000 GSs.
[30000] loss 0.0180 l1 0.0438 ssim 0.7384 N 8000000
Wrote 60 images to /mnt/d/avv/output/HCM0181_fid_l2reg/tp
FIDFIT fid_l2reg  TRAIN 24.1377  TEST 23.3199  gap 0.8178
=== fid_l2reg DONE ===
Step 30100: Relocated 1546 GSs.
Step 30100: Added 0 GSs. Now having 8000000 GSs.
Step 30200: Relocated 1625 GSs.
Step 30200: Added 0 GSs. Now having 8000000 GSs.
Step 30300: Relocated 1590 GSs.
Step 30300: Added 0 GSs. Now having 8000000 GSs.
Step 30400: Relocated 1645 GSs.
Step 30400: Added 0 GSs. Now having 8000000 GSs.
Step 30500: Relocated 1662 GSs.
Step 30500: Added 0 GSs. Now having 8000000 GSs.
Step 30600: Relocated 1592 GSs.
Step 30600: Added 0 GSs. Now having 8000000 GSs.
Step 30700: Relocated 1772 GSs.
Step 30700: Added 0 GSs. Now having 8000000 GSs.
Step 30800: Relocated 1699 GSs.
Step 30800: Added 0 GSs. Now having 8000000 GSs.
Step 30900: Relocated 1678 GSs.
Step 30900: Added 0 GSs. Now having 8000000 GSs.
Step 31000: Relocated 1663 GSs.
Step 31000: Added 0 GSs. Now having 8000000 GSs.
[31000] loss 0.0118 l1 0.0336 ssim 0.8602 N 8000000
Step 31100: Relocated 1582 GSs.
Step 31100: Added 0 GSs. Now having 8000000 GSs.
Step 31200: Relocated 1820 GSs.
Step 31200: Added 0 GSs. Now having 8000000 GSs.
Step 31300: Relocated 1746 GSs.
Step 31300: Added 0 GSs. Now having 8000000 GSs.
Step 31400: Relocated 1774 GSs.
Step 31400: Added 0 GSs. Now having 8000000 GSs.
Step 31500: Relocated 1635 GSs.
Step 31500: Added 0 GSs. Now having 8000000 GSs.
Step 31600: Relocated 1809 GSs.
Step 31600: Added 0 GSs. Now having 8000000 GSs.
Step 31700: Relocated 1662 GSs.
Step 31700: Added 0 GSs. Now having 8000000 GSs.
Step 31800: Relocated 1690 GSs.
Step 31800: Added 0 GSs. Now having 8000000 GSs.
Step 31900: Relocated 1818 GSs.
Step 31900: Added 0 GSs. Now having 8000000 GSs.
Step 32000: Relocated 1788 GSs.
Step 32000: Added 0 GSs. Now having 8000000 GSs.
[32000] loss 0.0168 l1 0.0371 ssim 0.7732 N 8000000
Step 32100: Relocated 1872 GSs.
Step 32100: Added 0 GSs. Now having 8000000 GSs.
Step 32200: Relocated 1739 GSs.
Step 32200: Added 0 GSs. Now having 8000000 GSs.
Step 32300: Relocated 1830 GSs.
Step 32300: Added 0 GSs. Now having 8000000 GSs.
Step 32400: Relocated 1807 GSs.
Step 32400: Added 0 GSs. Now having 8000000 GSs.
Step 32500: Relocated 1769 GSs.
Step 32500: Added 0 GSs. Now having 8000000 GSs.
Step 32600: Relocated 1840 GSs.
Step 32600: Added 0 GSs. Now having 8000000 GSs.
Step 32700: Relocated 1940 GSs.
Step 32700: Added 0 GSs. Now having 8000000 GSs.
Step 32800: Relocated 1887 GSs.
Step 32800: Added 0 GSs. Now having 8000000 GSs.
Step 32900: Relocated 1867 GSs.
Step 32900: Added 0 GSs. Now having 8000000 GSs.
Step 33000: Relocated 1891 GSs.
Step 33000: Added 0 GSs. Now having 8000000 GSs.
[33000] loss 0.0112 l1 0.0310 ssim 0.8232 N 8000000
Step 33100: Relocated 1881 GSs.
Step 33100: Added 0 GSs. Now having 8000000 GSs.
Step 33200: Relocated 1973 GSs.
Step 33200: Added 0 GSs. Now having 8000000 GSs.
Step 33300: Relocated 1955 GSs.
Step 33300: Added 0 GSs. Now having 8000000 GSs.
Step 33400: Relocated 1877 GSs.
Step 33400: Added 0 GSs. Now having 8000000 GSs.
Step 33500: Relocated 1955 GSs.
Step 33500: Added 0 GSs. Now having 8000000 GSs.
Step 33600: Relocated 1770 GSs.
Step 33600: Added 0 GSs. Now having 8000000 GSs.
Step 33700: Relocated 1784 GSs.
Step 33700: Added 0 GSs. Now having 8000000 GSs.
Step 33800: Relocated 1799 GSs.
Step 33800: Added 0 GSs. Now having 8000000 GSs.
Step 33900: Relocated 1827 GSs.
Step 33900: Added 0 GSs. Now having 8000000 GSs.
Step 34000: Relocated 1862 GSs.
Step 34000: Added 0 GSs. Now having 8000000 GSs.
[34000] loss 0.0180 l1 0.0431 ssim 0.7781 N 8000000
Step 34100: Relocated 2046 GSs.
Step 34100: Added 0 GSs. Now having 8000000 GSs.
Step 34200: Relocated 1916 GSs.
Step 34200: Added 0 GSs. Now having 8000000 GSs.
Step 34300: Relocated 1962 GSs.
Step 34300: Added 0 GSs. Now having 8000000 GSs.
Step 34400: Relocated 2020 GSs.
Step 34400: Added 0 GSs. Now having 8000000 GSs.
Step 34500: Relocated 2022 GSs.
Step 34500: Added 0 GSs. Now having 8000000 GSs.
Step 34600: Relocated 1782 GSs.
Step 34600: Added 0 GSs. Now having 8000000 GSs.
Step 34700: Relocated 1852 GSs.
Step 34700: Added 0 GSs. Now having 8000000 GSs.
Step 34800: Relocated 2051 GSs.
Step 34800: Added 0 GSs. Now having 8000000 GSs.
Step 34900: Relocated 1847 GSs.
Step 34900: Added 0 GSs. Now having 8000000 GSs.
Step 35000: Relocated 1831 GSs.
Step 35000: Added 0 GSs. Now having 8000000 GSs.
[35000] loss 0.0159 l1 0.0411 ssim 0.7657 N 8000000
Step 35100: Relocated 1933 GSs.
Step 35100: Added 0 GSs. Now having 8000000 GSs.
Step 35200: Relocated 1943 GSs.
Step 35200: Added 0 GSs. Now having 8000000 GSs.
Step 35300: Relocated 1879 GSs.
Step 35300: Added 0 GSs. Now having 8000000 GSs.
Step 35400: Relocated 1770 GSs.
Step 35400: Added 0 GSs. Now having 8000000 GSs.
Step 35500: Relocated 1876 GSs.
Step 35500: Added 0 GSs. Now having 8000000 GSs.
Step 35600: Relocated 1846 GSs.
Step 35600: Added 0 GSs. Now having 8000000 GSs.
Step 35700: Relocated 1950 GSs.
Step 35700: Added 0 GSs. Now having 8000000 GSs.
Step 35800: Relocated 1931 GSs.
Step 35800: Added 0 GSs. Now having 8000000 GSs.
Step 35900: Relocated 1832 GSs.
Step 35900: Added 0 GSs. Now having 8000000 GSs.
Step 36000: Relocated 1938 GSs.
Step 36000: Added 0 GSs. Now having 8000000 GSs.
[36000] loss 0.0171 l1 0.0402 ssim 0.7931 N 8000000
Step 36100: Relocated 1860 GSs.
Step 36100: Added 0 GSs. Now having 8000000 GSs.
Step 36200: Relocated 1833 GSs.
Step 36200: Added 0 GSs. Now having 8000000 GSs.
Step 36300: Relocated 1882 GSs.
Step 36300: Added 0 GSs. Now having 8000000 GSs.
Step 36400: Relocated 1790 GSs.
Step 36400: Added 0 GSs. Now having 8000000 GSs.
Step 36500: Relocated 1893 GSs.
Step 36500: Added 0 GSs. Now having 8000000 GSs.
Step 36600: Relocated 1897 GSs.
Step 36600: Added 0 GSs. Now having 8000000 GSs.
Step 36700: Relocated 1780 GSs.
Step 36700: Added 0 GSs. Now having 8000000 GSs.
Step 36800: Relocated 1854 GSs.
Step 36800: Added 0 GSs. Now having 8000000 GSs.
Step 36900: Relocated 1917 GSs.
Step 36900: Added 0 GSs. Now having 8000000 GSs.
Step 37000: Relocated 1785 GSs.
Step 37000: Added 0 GSs. Now having 8000000 GSs.
[37000] loss 0.0107 l1 0.0320 ssim 0.8478 N 8000000
Step 37100: Relocated 1800 GSs.
Step 37100: Added 0 GSs. Now having 8000000 GSs.
Step 37200: Relocated 1908 GSs.
Step 37200: Added 0 GSs. Now having 8000000 GSs.
Step 37300: Relocated 1887 GSs.
Step 37300: Added 0 GSs. Now having 8000000 GSs.
Step 37400: Relocated 1785 GSs.
Step 37400: Added 0 GSs. Now having 8000000 GSs.
Step 37500: Relocated 1926 GSs.
Step 37500: Added 0 GSs. Now having 8000000 GSs.
Step 37600: Relocated 1825 GSs.
Step 37600: Added 0 GSs. Now having 8000000 GSs.
Step 37700: Relocated 1807 GSs.
Step 37700: Added 0 GSs. Now having 8000000 GSs.
Step 37800: Relocated 1961 GSs.
Step 37800: Added 0 GSs. Now having 8000000 GSs.
Step 37900: Relocated 1781 GSs.
Step 37900: Added 0 GSs. Now having 8000000 GSs.
Step 38000: Relocated 1853 GSs.
Step 38000: Added 0 GSs. Now having 8000000 GSs.
[38000] loss 0.0135 l1 0.0367 ssim 0.7999 N 8000000
Step 38100: Relocated 1807 GSs.
Step 38100: Added 0 GSs. Now having 8000000 GSs.
Step 38200: Relocated 1937 GSs.
Step 38200: Added 0 GSs. Now having 8000000 GSs.
Step 38300: Relocated 1721 GSs.
Step 38300: Added 0 GSs. Now having 8000000 GSs.
Step 38400: Relocated 1739 GSs.
Step 38400: Added 0 GSs. Now having 8000000 GSs.
Step 38500: Relocated 1758 GSs.
Step 38500: Added 0 GSs. Now having 8000000 GSs.
Step 38600: Relocated 1762 GSs.
Step 38600: Added 0 GSs. Now having 8000000 GSs.
Step 38700: Relocated 1722 GSs.
Step 38700: Added 0 GSs. Now having 8000000 GSs.
Step 38800: Relocated 1850 GSs.
Step 38800: Added 0 GSs. Now having 8000000 GSs.
Step 38900: Relocated 1739 GSs.
Step 38900: Added 0 GSs. Now having 8000000 GSs.
Step 39000: Relocated 1757 GSs.
Step 39000: Added 0 GSs. Now having 8000000 GSs.
[39000] loss 0.0139 l1 0.0405 ssim 0.7809 N 8000000
Step 39100: Relocated 1821 GSs.
Step 39100: Added 0 GSs. Now having 8000000 GSs.
Step 39200: Relocated 1763 GSs.
Step 39200: Added 0 GSs. Now having 8000000 GSs.
Step 39300: Relocated 1758 GSs.
Step 39300: Added 0 GSs. Now having 8000000 GSs.
Step 39400: Relocated 1700 GSs.
Step 39400: Added 0 GSs. Now having 8000000 GSs.
Step 39500: Relocated 1887 GSs.
Step 39500: Added 0 GSs. Now having 8000000 GSs.
Step 39600: Relocated 1730 GSs.
Step 39600: Added 0 GSs. Now having 8000000 GSs.
Step 39700: Relocated 1613 GSs.
Step 39700: Added 0 GSs. Now having 8000000 GSs.
Step 39800: Relocated 1821 GSs.
Step 39800: Added 0 GSs. Now having 8000000 GSs.
Step 39900: Relocated 1687 GSs.
Step 39900: Added 0 GSs. Now having 8000000 GSs.
Step 40000: Relocated 1556 GSs.
Step 40000: Added 0 GSs. Now having 8000000 GSs.
[40000] loss 0.0147 l1 0.0368 ssim 0.8050 N 8000000
Step 40100: Relocated 1771 GSs.
Step 40100: Added 0 GSs. Now having 8000000 GSs.
Step 40200: Relocated 1681 GSs.
Step 40200: Added 0 GSs. Now having 8000000 GSs.
Step 40300: Relocated 1759 GSs.
Step 40300: Added 0 GSs. Now having 8000000 GSs.
Step 40400: Relocated 1614 GSs.
Step 40400: Added 0 GSs. Now having 8000000 GSs.
Step 40500: Relocated 1858 GSs.
Step 40500: Added 0 GSs. Now having 8000000 GSs.
Step 40600: Relocated 1664 GSs.
Step 40600: Added 0 GSs. Now having 8000000 GSs.
Step 40700: Relocated 1644 GSs.
Step 40700: Added 0 GSs. Now having 8000000 GSs.
Step 40800: Relocated 1672 GSs.
Step 40800: Added 0 GSs. Now having 8000000 GSs.
Step 40900: Relocated 1614 GSs.
Step 40900: Added 0 GSs. Now having 8000000 GSs.
Step 41000: Relocated 1704 GSs.
Step 41000: Added 0 GSs. Now having 8000000 GSs.
[41000] loss 0.0149 l1 0.0397 ssim 0.7625 N 8000000
Step 41100: Relocated 1611 GSs.
Step 41100: Added 0 GSs. Now having 8000000 GSs.
Step 41200: Relocated 1724 GSs.
Step 41200: Added 0 GSs. Now having 8000000 GSs.
Step 41300: Relocated 1688 GSs.
Step 41300: Added 0 GSs. Now having 8000000 GSs.
Step 41400: Relocated 1581 GSs.
Step 41400: Added 0 GSs. Now having 8000000 GSs.
Step 41500: Relocated 1667 GSs.
Step 41500: Added 0 GSs. Now having 8000000 GSs.
Step 41600: Relocated 1500 GSs.
Step 41600: Added 0 GSs. Now having 8000000 GSs.
Step 41700: Relocated 1577 GSs.
Step 41700: Added 0 GSs. Now having 8000000 GSs.
Step 41800: Relocated 1635 GSs.
Step 41800: Added 0 GSs. Now having 8000000 GSs.
Step 41900: Relocated 1419 GSs.
Step 41900: Added 0 GSs. Now having 8000000 GSs.
Step 42000: Relocated 1669 GSs.
Step 42000: Added 0 GSs. Now having 8000000 GSs.
[42000] loss 0.0100 l1 0.0314 ssim 0.8205 N 8000000
Step 42100: Relocated 1558 GSs.
Step 42100: Added 0 GSs. Now having 8000000 GSs.
Step 42200: Relocated 1585 GSs.
Step 42200: Added 0 GSs. Now having 8000000 GSs.
Step 42300: Relocated 1670 GSs.
Step 42300: Added 0 GSs. Now having 8000000 GSs.
Step 42400: Relocated 1453 GSs.
Step 42400: Added 0 GSs. Now having 8000000 GSs.
Step 42500: Relocated 1590 GSs.
Step 42500: Added 0 GSs. Now having 8000000 GSs.
Step 42600: Relocated 1545 GSs.
Step 42600: Added 0 GSs. Now having 8000000 GSs.
Step 42700: Relocated 1548 GSs.
Step 42700: Added 0 GSs. Now having 8000000 GSs.
Step 42800: Relocated 1453 GSs.
Step 42800: Added 0 GSs. Now having 8000000 GSs.
Step 42900: Relocated 1499 GSs.
Step 42900: Added 0 GSs. Now having 8000000 GSs.
Step 43000: Relocated 1570 GSs.
Step 43000: Added 0 GSs. Now having 8000000 GSs.
[43000] loss 0.0139 l1 0.0398 ssim 0.8218 N 8000000
Step 43100: Relocated 1555 GSs.
Step 43100: Added 0 GSs. Now having 8000000 GSs.
Step 43200: Relocated 1546 GSs.
Step 43200: Added 0 GSs. Now having 8000000 GSs.
Step 43300: Relocated 1475 GSs.
Step 43300: Added 0 GSs. Now having 8000000 GSs.
Step 43400: Relocated 1509 GSs.
Step 43400: Added 0 GSs. Now having 8000000 GSs.
Step 43500: Relocated 1591 GSs.
Step 43500: Added 0 GSs. Now having 8000000 GSs.
Step 43600: Relocated 1432 GSs.
Step 43600: Added 0 GSs. Now having 8000000 GSs.
Step 43700: Relocated 1477 GSs.
Step 43700: Added 0 GSs. Now having 8000000 GSs.
Step 43800: Relocated 1571 GSs.
Step 43800: Added 0 GSs. Now having 8000000 GSs.
Step 43900: Relocated 1483 GSs.
Step 43900: Added 0 GSs. Now having 8000000 GSs.
Step 44000: Relocated 1340 GSs.
Step 44000: Added 0 GSs. Now having 8000000 GSs.
[44000] loss 0.0140 l1 0.0392 ssim 0.7740 N 8000000
Step 44100: Relocated 1383 GSs.
Step 44100: Added 0 GSs. Now having 8000000 GSs.
Step 44200: Relocated 1445 GSs.
Step 44200: Added 0 GSs. Now having 8000000 GSs.
Step 44300: Relocated 1529 GSs.
Step 44300: Added 0 GSs. Now having 8000000 GSs.
Step 44400: Relocated 1398 GSs.
Step 44400: Added 0 GSs. Now having 8000000 GSs.
Step 44500: Relocated 1388 GSs.
Step 44500: Added 0 GSs. Now having 8000000 GSs.
Step 44600: Relocated 1373 GSs.
Step 44600: Added 0 GSs. Now having 8000000 GSs.
Step 44700: Relocated 1500 GSs.
Step 44700: Added 0 GSs. Now having 8000000 GSs.
Step 44800: Relocated 1425 GSs.
Step 44800: Added 0 GSs. Now having 8000000 GSs.
Step 44900: Relocated 1448 GSs.
Step 44900: Added 0 GSs. Now having 8000000 GSs.
Step 45000: Relocated 1330 GSs.
Step 45000: Added 0 GSs. Now having 8000000 GSs.
[45000] loss 0.0108 l1 0.0373 ssim 0.8478 N 8000000
Step 45100: Relocated 1450 GSs.
Step 45100: Added 0 GSs. Now having 8000000 GSs.
Step 45200: Relocated 1361 GSs.
Step 45200: Added 0 GSs. Now having 8000000 GSs.
Step 45300: Relocated 1455 GSs.
Step 45300: Added 0 GSs. Now having 8000000 GSs.
Step 45400: Relocated 1277 GSs.
Step 45400: Added 0 GSs. Now having 8000000 GSs.
Step 45500: Relocated 1277 GSs.
Step 45500: Added 0 GSs. Now having 8000000 GSs.
Step 45600: Relocated 1463 GSs.
Step 45600: Added 0 GSs. Now having 8000000 GSs.
Step 45700: Relocated 1326 GSs.
Step 45700: Added 0 GSs. Now having 8000000 GSs.
Step 45800: Relocated 1362 GSs.
Step 45800: Added 0 GSs. Now having 8000000 GSs.
Step 45900: Relocated 1227 GSs.
Step 45900: Added 0 GSs. Now having 8000000 GSs.
Step 46000: Relocated 1323 GSs.
Step 46000: Added 0 GSs. Now having 8000000 GSs.
[46000] loss 0.0146 l1 0.0413 ssim 0.7414 N 8000000
Step 46100: Relocated 1360 GSs.
Step 46100: Added 0 GSs. Now having 8000000 GSs.
Step 46200: Relocated 1233 GSs.
Step 46200: Added 0 GSs. Now having 8000000 GSs.
Step 46300: Relocated 1232 GSs.
Step 46300: Added 0 GSs. Now having 8000000 GSs.
Step 46400: Relocated 1313 GSs.
Step 46400: Added 0 GSs. Now having 8000000 GSs.
Step 46500: Relocated 1283 GSs.
Step 46500: Added 0 GSs. Now having 8000000 GSs.
Step 46600: Relocated 1298 GSs.
Step 46600: Added 0 GSs. Now having 8000000 GSs.
Step 46700: Relocated 1280 GSs.
Step 46700: Added 0 GSs. Now having 8000000 GSs.
Step 46800: Relocated 1284 GSs.
Step 46800: Added 0 GSs. Now having 8000000 GSs.
Step 46900: Relocated 1225 GSs.
Step 46900: Added 0 GSs. Now having 8000000 GSs.
Step 47000: Relocated 1287 GSs.
Step 47000: Added 0 GSs. Now having 8000000 GSs.
[47000] loss 0.0144 l1 0.0372 ssim 0.8378 N 8000000
Step 47100: Relocated 1225 GSs.
Step 47100: Added 0 GSs. Now having 8000000 GSs.
Step 47200: Relocated 1216 GSs.
Step 47200: Added 0 GSs. Now having 8000000 GSs.
Step 47300: Relocated 1236 GSs.
Step 47300: Added 0 GSs. Now having 8000000 GSs.
Step 47400: Relocated 1243 GSs.
Step 47400: Added 0 GSs. Now having 8000000 GSs.
Step 47500: Relocated 1290 GSs.
Step 47500: Added 0 GSs. Now having 8000000 GSs.
Step 47600: Relocated 1162 GSs.
Step 47600: Added 0 GSs. Now having 8000000 GSs.
Step 47700: Relocated 1230 GSs.
Step 47700: Added 0 GSs. Now having 8000000 GSs.
Step 47800: Relocated 1295 GSs.
Step 47800: Added 0 GSs. Now having 8000000 GSs.
Step 47900: Relocated 1206 GSs.
Step 47900: Added 0 GSs. Now having 8000000 GSs.
Step 48000: Relocated 1097 GSs.
Step 48000: Added 0 GSs. Now having 8000000 GSs.
[48000] loss 0.0090 l1 0.0318 ssim 0.8430 N 8000000
Step 48100: Relocated 1099 GSs.
Step 48100: Added 0 GSs. Now having 8000000 GSs.
Step 48200: Relocated 1240 GSs.
Step 48200: Added 0 GSs. Now having 8000000 GSs.
Step 48300: Relocated 1235 GSs.
Step 48300: Added 0 GSs. Now having 8000000 GSs.
Step 48400: Relocated 1090 GSs.
Step 48400: Added 0 GSs. Now having 8000000 GSs.
Step 48500: Relocated 1151 GSs.
Step 48500: Added 0 GSs. Now having 8000000 GSs.
Step 48600: Relocated 1168 GSs.
Step 48600: Added 0 GSs. Now having 8000000 GSs.
Step 48700: Relocated 1148 GSs.
Step 48700: Added 0 GSs. Now having 8000000 GSs.
Step 48800: Relocated 1087 GSs.
Step 48800: Added 0 GSs. Now having 8000000 GSs.
Step 48900: Relocated 1226 GSs.
Step 48900: Added 0 GSs. Now having 8000000 GSs.
Step 49000: Relocated 1136 GSs.
Step 49000: Added 0 GSs. Now having 8000000 GSs.
[49000] loss 0.0146 l1 0.0426 ssim 0.7827 N 8000000
Step 49100: Relocated 1138 GSs.
Step 49100: Added 0 GSs. Now having 8000000 GSs.
Step 49200: Relocated 1100 GSs.
Step 49200: Added 0 GSs. Now having 8000000 GSs.
Step 49300: Relocated 1119 GSs.
Step 49300: Added 0 GSs. Now having 8000000 GSs.
Step 49400: Relocated 1026 GSs.
Step 49400: Added 0 GSs. Now having 8000000 GSs.
Step 49500: Relocated 1093 GSs.
Step 49500: Added 0 GSs. Now having 8000000 GSs.
Step 49600: Relocated 1114 GSs.
Step 49600: Added 0 GSs. Now having 8000000 GSs.
Step 49700: Relocated 1174 GSs.
Step 49700: Added 0 GSs. Now having 8000000 GSs.
Step 49800: Relocated 1042 GSs.
Step 49800: Added 0 GSs. Now having 8000000 GSs.
Step 49900: Relocated 1075 GSs.
Step 49900: Added 0 GSs. Now having 8000000 GSs.
[50000] loss 0.0139 l1 0.0380 ssim 0.7780 N 8000000
[51000] loss 0.0098 l1 0.0303 ssim 0.8580 N 8000000
[52000] loss 0.0127 l1 0.0382 ssim 0.8204 N 8000000
[53000] loss 0.0129 l1 0.0382 ssim 0.8104 N 8000000
[54000] loss 0.0096 l1 0.0312 ssim 0.8660 N 8000000
[55000] loss 0.0105 l1 0.0350 ssim 0.8461 N 8000000
[56000] loss 0.0127 l1 0.0361 ssim 0.8277 N 8000000
[57000] loss 0.0094 l1 0.0347 ssim 0.8652 N 8000000
[58000] loss 0.0084 l1 0.0296 ssim 0.8674 N 8000000
[59000] loss 0.0092 l1 0.0345 ssim 0.8605 N 8000000
[59999] loss 0.0122 l1 0.0350 ssim 0.8003 N 8000000
Saved 8000000 gaussians to /mnt/d/avv/output/HCM0181_fid_l2off/ckpt.pt
rendered 30 train views -> /mnt/d/avv/output/HCM0181_fid_l2off/train_png
Wrote 60 images to /mnt/d/avv/output/HCM0181_fid_l2off/tp
FIDFIT fid_l2off  TRAIN 25.1260  TEST 23.6210  gap 1.5050
=== fid_l2off DONE ===
FIDFIT DONE
