Using pip 26.1.2 from /home/bkai/miniconda3/envs/gsplat/lib/python3.10/site-packages/pip (python 3.10)
Processing ./.
  Preparing metadata (pyproject.toml): started
  Running command Preparing metadata (pyproject.toml)
  running dist_info
  creating /tmp/pip-modern-metadata-6yigxh6f/gsplat.egg-info
  writing /tmp/pip-modern-metadata-6yigxh6f/gsplat.egg-info/PKG-INFO
  writing dependency_links to /tmp/pip-modern-metadata-6yigxh6f/gsplat.egg-info/dependency_links.txt
  writing requirements to /tmp/pip-modern-metadata-6yigxh6f/gsplat.egg-info/requires.txt
  writing top-level names to /tmp/pip-modern-metadata-6yigxh6f/gsplat.egg-info/top_level.txt
  writing manifest file '/tmp/pip-modern-metadata-6yigxh6f/gsplat.egg-info/SOURCES.txt'
  reading manifest file '/tmp/pip-modern-metadata-6yigxh6f/gsplat.egg-info/SOURCES.txt'
  reading manifest template 'MANIFEST.in'
  adding license file 'LICENSE'
  writing manifest file '/tmp/pip-modern-metadata-6yigxh6f/gsplat.egg-info/SOURCES.txt'
  creating '/tmp/pip-modern-metadata-6yigxh6f/gsplat-1.5.3.dist-info'
  Preparing metadata (pyproject.toml): finished with status 'done'
Requirement already satisfied: ninja in /home/bkai/miniconda3/envs/gsplat/lib/python3.10/site-packages (from gsplat==1.5.3) (1.13.0)
Requirement already satisfied: numpy in /home/bkai/miniconda3/envs/gsplat/lib/python3.10/site-packages (from gsplat==1.5.3) (1.26.4)
  Link requires a different Python (3.10.20 not in: '>=3.11'): https://files.pythonhosted.org/packages/3e/a8/ca69c3d4f7b8230439adb97f8f65ed001192c7fd74701649f06aa332a56e/jaxtyping-0.3.8-py3-none-any.whl (from https://pypi.org/simple/jaxtyping/) (requires-python:>=3.11)
  Link requires a different Python (3.10.20 not in: '>=3.11'): https://files.pythonhosted.org/packages/f2/a1/4ca5e52b4834abedd0815f11ef5a2ec7844fa407586e8eaaa375913c9b7b/jaxtyping-0.3.8.tar.gz (from https://pypi.org/simple/jaxtyping/) (requires-python:>=3.11)
  Link requires a different Python (3.10.20 not in: '>=3.11'): https://files.pythonhosted.org/packages/94/05/3e39d416fb92b2738a76e8265e6bfc5d10542f90a7c32ad1eb831eea3fa3/jaxtyping-0.3.9-py3-none-any.whl (from https://pypi.org/simple/jaxtyping/) (requires-python:>=3.11)
  Link requires a different Python (3.10.20 not in: '>=3.11'): https://files.pythonhosted.org/packages/c2/be/00294e369938937e31b094437d5ea040e4fd1a20b998ebe572c4a1dcfa68/jaxtyping-0.3.9.tar.gz (from https://pypi.org/simple/jaxtyping/) (requires-python:>=3.11)
  Link requires a different Python (3.10.20 not in: '>=3.11'): https://files.pythonhosted.org/packages/61/61/91ffc93953cb2d4ea18db4cf4f3654690a9482443ae3c4c49ca7dc3d2de2/jaxtyping-0.3.10-py3-none-any.whl (from https://pypi.org/simple/jaxtyping/) (requires-python:>=3.11)
  Link requires a different Python (3.10.20 not in: '>=3.11'): https://files.pythonhosted.org/packages/5d/b3/e0be221f95bbf92ea9dd34b04393130ce79fc11357add40bdd0fd4db72c8/jaxtyping-0.3.10.tar.gz (from https://pypi.org/simple/jaxtyping/) (requires-python:>=3.11)
  Link requires a different Python (3.10.20 not in: '>=3.11'): https://files.pythonhosted.org/packages/8b/38/c66bbdc5047f4776c2bd3e47e5295a350e3fa44d5b8942105e71c2a876a0/jaxtyping-0.3.11-py3-none-any.whl (from https://pypi.org/simple/jaxtyping/) (requires-python:>=3.11)
  Link requires a different Python (3.10.20 not in: '>=3.11'): https://files.pythonhosted.org/packages/91/c1/091b8852bd7cbf50bd655543c8506033cf4029300c67f8c176c1286879a9/jaxtyping-0.3.11.tar.gz (from https://pypi.org/simple/jaxtyping/) (requires-python:>=3.11)
Collecting jaxtyping (from gsplat==1.5.3)
  Obtaining dependency information for jaxtyping from https://files.pythonhosted.org/packages/78/42/caf65e9a0576a3abadc537e2f831701ba9081f21317fb3be87d64451587a/jaxtyping-0.3.7-py3-none-any.whl.metadata
  Using cached jaxtyping-0.3.7-py3-none-any.whl.metadata (7.3 kB)
Collecting nvtx (from gsplat==1.5.3)
  Obtaining dependency information for nvtx from https://files.pythonhosted.org/packages/32/8e/b42c05cf3cc43c51f21fdda6f7c4fe28a595c6d2bdb0cfbf0477dc5805f2/nvtx-0.2.15-cp310-cp310-manylinux2014_x86_64.manylinux_2_17_x86_64.manylinux_2_28_x86_64.whl.metadata
  Using cached nvtx-0.2.15-cp310-cp310-manylinux2014_x86_64.manylinux_2_17_x86_64.manylinux_2_28_x86_64.whl.metadata (2.8 kB)
Requirement already satisfied: rich>=12 in /home/bkai/miniconda3/envs/gsplat/lib/python3.10/site-packages (from gsplat==1.5.3) (15.0.0)
Requirement already satisfied: torch>=2.7 in /home/bkai/miniconda3/envs/gsplat/lib/python3.10/site-packages (from gsplat==1.5.3) (2.7.1+cu128)
Requirement already satisfied: markdown-it-py>=2.2.0 in /home/bkai/miniconda3/envs/gsplat/lib/python3.10/site-packages (from rich>=12->gsplat==1.5.3) (4.2.0)
Requirement already satisfied: pygments<3.0.0,>=2.13.0 in /home/bkai/miniconda3/envs/gsplat/lib/python3.10/site-packages (from rich>=12->gsplat==1.5.3) (2.20.0)
Requirement already satisfied: mdurl~=0.1 in /home/bkai/miniconda3/envs/gsplat/lib/python3.10/site-packages (from markdown-it-py>=2.2.0->rich>=12->gsplat==1.5.3) (0.1.2)
Requirement already satisfied: filelock in /home/bkai/miniconda3/envs/gsplat/lib/python3.10/site-packages (from torch>=2.7->gsplat==1.5.3) (3.29.0)
Requirement already satisfied: typing-extensions>=4.10.0 in /home/bkai/miniconda3/envs/gsplat/lib/python3.10/site-packages (from torch>=2.7->gsplat==1.5.3) (4.15.0)
Requirement already satisfied: sympy>=1.13.3 in /home/bkai/miniconda3/envs/gsplat/lib/python3.10/site-packages (from torch>=2.7->gsplat==1.5.3) (1.14.0)
Requirement already satisfied: networkx in /home/bkai/miniconda3/envs/gsplat/lib/python3.10/site-packages (from torch>=2.7->gsplat==1.5.3) (3.4.2)
Requirement already satisfied: jinja2 in /home/bkai/miniconda3/envs/gsplat/lib/python3.10/site-packages (from torch>=2.7->gsplat==1.5.3) (3.1.6)
Requirement already satisfied: fsspec in /home/bkai/miniconda3/envs/gsplat/lib/python3.10/site-packages (from torch>=2.7->gsplat==1.5.3) (2026.4.0)
Requirement already satisfied: nvidia-cuda-nvrtc-cu12==12.8.61 in /home/bkai/miniconda3/envs/gsplat/lib/python3.10/site-packages (from torch>=2.7->gsplat==1.5.3) (12.8.61)
Requirement already satisfied: nvidia-cuda-runtime-cu12==12.8.57 in /home/bkai/miniconda3/envs/gsplat/lib/python3.10/site-packages (from torch>=2.7->gsplat==1.5.3) (12.8.57)
Requirement already satisfied: nvidia-cuda-cupti-cu12==12.8.57 in /home/bkai/miniconda3/envs/gsplat/lib/python3.10/site-packages (from torch>=2.7->gsplat==1.5.3) (12.8.57)
Requirement already satisfied: nvidia-cudnn-cu12==9.7.1.26 in /home/bkai/miniconda3/envs/gsplat/lib/python3.10/site-packages (from torch>=2.7->gsplat==1.5.3) (9.7.1.26)
Requirement already satisfied: nvidia-cublas-cu12==12.8.3.14 in /home/bkai/miniconda3/envs/gsplat/lib/python3.10/site-packages (from torch>=2.7->gsplat==1.5.3) (12.8.3.14)
Requirement already satisfied: nvidia-cufft-cu12==11.3.3.41 in /home/bkai/miniconda3/envs/gsplat/lib/python3.10/site-packages (from torch>=2.7->gsplat==1.5.3) (11.3.3.41)
Requirement already satisfied: nvidia-curand-cu12==10.3.9.55 in /home/bkai/miniconda3/envs/gsplat/lib/python3.10/site-packages (from torch>=2.7->gsplat==1.5.3) (10.3.9.55)
Requirement already satisfied: nvidia-cusolver-cu12==11.7.2.55 in /home/bkai/miniconda3/envs/gsplat/lib/python3.10/site-packages (from torch>=2.7->gsplat==1.5.3) (11.7.2.55)
Requirement already satisfied: nvidia-cusparse-cu12==12.5.7.53 in /home/bkai/miniconda3/envs/gsplat/lib/python3.10/site-packages (from torch>=2.7->gsplat==1.5.3) (12.5.7.53)
Requirement already satisfied: nvidia-cusparselt-cu12==0.6.3 in /home/bkai/miniconda3/envs/gsplat/lib/python3.10/site-packages (from torch>=2.7->gsplat==1.5.3) (0.6.3)
Requirement already satisfied: nvidia-nccl-cu12==2.26.2 in /home/bkai/miniconda3/envs/gsplat/lib/python3.10/site-packages (from torch>=2.7->gsplat==1.5.3) (2.26.2)
Requirement already satisfied: nvidia-nvtx-cu12==12.8.55 in /home/bkai/miniconda3/envs/gsplat/lib/python3.10/site-packages (from torch>=2.7->gsplat==1.5.3) (12.8.55)
Requirement already satisfied: nvidia-nvjitlink-cu12==12.8.61 in /home/bkai/miniconda3/envs/gsplat/lib/python3.10/site-packages (from torch>=2.7->gsplat==1.5.3) (12.8.61)
Requirement already satisfied: nvidia-cufile-cu12==1.13.0.11 in /home/bkai/miniconda3/envs/gsplat/lib/python3.10/site-packages (from torch>=2.7->gsplat==1.5.3) (1.13.0.11)
Requirement already satisfied: triton==3.3.1 in /home/bkai/miniconda3/envs/gsplat/lib/python3.10/site-packages (from torch>=2.7->gsplat==1.5.3) (3.3.1)
Requirement already satisfied: setuptools>=40.8.0 in /home/bkai/miniconda3/envs/gsplat/lib/python3.10/site-packages (from triton==3.3.1->torch>=2.7->gsplat==1.5.3) (82.0.1)
Requirement already satisfied: mpmath<1.4,>=1.1.0 in /home/bkai/miniconda3/envs/gsplat/lib/python3.10/site-packages (from sympy>=1.13.3->torch>=2.7->gsplat==1.5.3) (1.3.0)
Collecting wadler-lindig>=0.1.3 (from jaxtyping->gsplat==1.5.3)
  Obtaining dependency information for wadler-lindig>=0.1.3 from https://files.pythonhosted.org/packages/8d/96/04e7b441807b26b794da5b11e59ed7f83b2cf8af202bd7eba8ad2fa6046e/wadler_lindig-0.1.7-py3-none-any.whl.metadata
  Using cached wadler_lindig-0.1.7-py3-none-any.whl.metadata (17 kB)
Requirement already satisfied: MarkupSafe>=2.0 in /home/bkai/miniconda3/envs/gsplat/lib/python3.10/site-packages (from jinja2->torch>=2.7->gsplat==1.5.3) (3.0.3)
Using cached jaxtyping-0.3.7-py3-none-any.whl (56 kB)
Using cached wadler_lindig-0.1.7-py3-none-any.whl (20 kB)
Using cached nvtx-0.2.15-cp310-cp310-manylinux2014_x86_64.manylinux_2_17_x86_64.manylinux_2_28_x86_64.whl (771 kB)
Building wheels for collected packages: gsplat
  Building wheel for gsplat (pyproject.toml): started
  Running command Building wheel for gsplat (pyproject.toml)
  running bdist_wheel
  running build
  running build_py
  creating build/lib.linux-x86_64-cpython-310/gsplat
  copying gsplat/color_correct.py -> build/lib.linux-x86_64-cpython-310/gsplat
  copying gsplat/distributed.py -> build/lib.linux-x86_64-cpython-310/gsplat
  copying gsplat/exporter.py -> build/lib.linux-x86_64-cpython-310/gsplat
  copying gsplat/init_utils.py -> build/lib.linux-x86_64-cpython-310/gsplat
  copying gsplat/losses.py -> build/lib.linux-x86_64-cpython-310/gsplat
  copying gsplat/losses_fused.py -> build/lib.linux-x86_64-cpython-310/gsplat
  copying gsplat/profile.py -> build/lib.linux-x86_64-cpython-310/gsplat
  copying gsplat/regularizers.py -> build/lib.linux-x86_64-cpython-310/gsplat
  copying gsplat/relocation.py -> build/lib.linux-x86_64-cpython-310/gsplat
  copying gsplat/rendering.py -> build/lib.linux-x86_64-cpython-310/gsplat
  copying gsplat/trace.py -> build/lib.linux-x86_64-cpython-310/gsplat
  copying gsplat/utils.py -> build/lib.linux-x86_64-cpython-310/gsplat
  copying gsplat/version.py -> build/lib.linux-x86_64-cpython-310/gsplat
  copying gsplat/_helper.py -> build/lib.linux-x86_64-cpython-310/gsplat
  copying gsplat/_lazy_backend.py -> build/lib.linux-x86_64-cpython-310/gsplat
  copying gsplat/__init__.py -> build/lib.linux-x86_64-cpython-310/gsplat
  creating build/lib.linux-x86_64-cpython-310/gsplat/compression
  copying gsplat/compression/png_compression.py -> build/lib.linux-x86_64-cpython-310/gsplat/compression
  copying gsplat/compression/sort.py -> build/lib.linux-x86_64-cpython-310/gsplat/compression
  copying gsplat/compression/__init__.py -> build/lib.linux-x86_64-cpython-310/gsplat/compression
  creating build/lib.linux-x86_64-cpython-310/gsplat/contrib
  copying gsplat/contrib/__init__.py -> build/lib.linux-x86_64-cpython-310/gsplat/contrib
  creating build/lib.linux-x86_64-cpython-310/gsplat/cuda
  copying gsplat/cuda/build.py -> build/lib.linux-x86_64-cpython-310/gsplat/cuda
  copying gsplat/cuda/_backend.py -> build/lib.linux-x86_64-cpython-310/gsplat/cuda
  copying gsplat/cuda/_constants.py -> build/lib.linux-x86_64-cpython-310/gsplat/cuda
  copying gsplat/cuda/_lidar.py -> build/lib.linux-x86_64-cpython-310/gsplat/cuda
  copying gsplat/cuda/_losses_wrapper.py -> build/lib.linux-x86_64-cpython-310/gsplat/cuda
  copying gsplat/cuda/_math.py -> build/lib.linux-x86_64-cpython-310/gsplat/cuda
  copying gsplat/cuda/_torch_cameras.py -> build/lib.linux-x86_64-cpython-310/gsplat/cuda
  copying gsplat/cuda/_torch_external_distortion.py -> build/lib.linux-x86_64-cpython-310/gsplat/cuda
  copying gsplat/cuda/_torch_impl.py -> build/lib.linux-x86_64-cpython-310/gsplat/cuda
  copying gsplat/cuda/_torch_impl_2dgs.py -> build/lib.linux-x86_64-cpython-310/gsplat/cuda
  copying gsplat/cuda/_torch_impl_eval3d.py -> build/lib.linux-x86_64-cpython-310/gsplat/cuda
  copying gsplat/cuda/_torch_impl_lidar.py -> build/lib.linux-x86_64-cpython-310/gsplat/cuda
  copying gsplat/cuda/_torch_impl_ut.py -> build/lib.linux-x86_64-cpython-310/gsplat/cuda
  copying gsplat/cuda/_torch_lidars.py -> build/lib.linux-x86_64-cpython-310/gsplat/cuda
  copying gsplat/cuda/_wrapper.py -> build/lib.linux-x86_64-cpython-310/gsplat/cuda
  copying gsplat/cuda/__init__.py -> build/lib.linux-x86_64-cpython-310/gsplat/cuda
  creating build/lib.linux-x86_64-cpython-310/gsplat/experimental
  copying gsplat/experimental/__init__.py -> build/lib.linux-x86_64-cpython-310/gsplat/experimental
  creating build/lib.linux-x86_64-cpython-310/gsplat/geometry
  copying gsplat/geometry/__init__.py -> build/lib.linux-x86_64-cpython-310/gsplat/geometry
  creating build/lib.linux-x86_64-cpython-310/gsplat/optimizers
  copying gsplat/optimizers/selective_adam.py -> build/lib.linux-x86_64-cpython-310/gsplat/optimizers
  copying gsplat/optimizers/__init__.py -> build/lib.linux-x86_64-cpython-310/gsplat/optimizers
  creating build/lib.linux-x86_64-cpython-310/gsplat/scene
  copying gsplat/scene/sh_compression.py -> build/lib.linux-x86_64-cpython-310/gsplat/scene
  copying gsplat/scene/__init__.py -> build/lib.linux-x86_64-cpython-310/gsplat/scene
  creating build/lib.linux-x86_64-cpython-310/gsplat/sensors
  copying gsplat/sensors/__init__.py -> build/lib.linux-x86_64-cpython-310/gsplat/sensors
  creating build/lib.linux-x86_64-cpython-310/gsplat/stage
  copying gsplat/stage/__init__.py -> build/lib.linux-x86_64-cpython-310/gsplat/stage
  creating build/lib.linux-x86_64-cpython-310/gsplat/strategy
  copying gsplat/strategy/base.py -> build/lib.linux-x86_64-cpython-310/gsplat/strategy
  copying gsplat/strategy/default.py -> build/lib.linux-x86_64-cpython-310/gsplat/strategy
  copying gsplat/strategy/mcmc.py -> build/lib.linux-x86_64-cpython-310/gsplat/strategy
  copying gsplat/strategy/ops.py -> build/lib.linux-x86_64-cpython-310/gsplat/strategy
  copying gsplat/strategy/__init__.py -> build/lib.linux-x86_64-cpython-310/gsplat/strategy
  creating build/lib.linux-x86_64-cpython-310/gsplat/training
  copying gsplat/training/schedulers.py -> build/lib.linux-x86_64-cpython-310/gsplat/training
  copying gsplat/training/__init__.py -> build/lib.linux-x86_64-cpython-310/gsplat/training
  creating build/lib.linux-x86_64-cpython-310/gsplat/contrib/dynamic
  copying gsplat/contrib/dynamic/deformation.py -> build/lib.linux-x86_64-cpython-310/gsplat/contrib/dynamic
  copying gsplat/contrib/dynamic/hexplane.py -> build/lib.linux-x86_64-cpython-310/gsplat/contrib/dynamic
  copying gsplat/contrib/dynamic/regulation.py -> build/lib.linux-x86_64-cpython-310/gsplat/contrib/dynamic
  copying gsplat/contrib/dynamic/strategy.py -> build/lib.linux-x86_64-cpython-310/gsplat/contrib/dynamic
  copying gsplat/contrib/dynamic/__init__.py -> build/lib.linux-x86_64-cpython-310/gsplat/contrib/dynamic
  creating build/lib.linux-x86_64-cpython-310/gsplat/experimental/render
  copying gsplat/experimental/render/types.py -> build/lib.linux-x86_64-cpython-310/gsplat/experimental/render
  copying gsplat/experimental/render/_common.py -> build/lib.linux-x86_64-cpython-310/gsplat/experimental/render
  copying gsplat/experimental/render/__init__.py -> build/lib.linux-x86_64-cpython-310/gsplat/experimental/render
  creating build/lib.linux-x86_64-cpython-310/gsplat/experimental/render/components
  copying gsplat/experimental/render/components/gaussian_inference_renderer.py -> build/lib.linux-x86_64-cpython-310/gsplat/experimental/render/components
  copying gsplat/experimental/render/components/__init__.py -> build/lib.linux-x86_64-cpython-310/gsplat/experimental/render/components
  creating build/lib.linux-x86_64-cpython-310/gsplat/experimental/render/functional
  copying gsplat/experimental/render/functional/gaussian_inference.py -> build/lib.linux-x86_64-cpython-310/gsplat/experimental/render/functional
  copying gsplat/experimental/render/functional/render_scene.py -> build/lib.linux-x86_64-cpython-310/gsplat/experimental/render/functional
  copying gsplat/experimental/render/functional/__init__.py -> build/lib.linux-x86_64-cpython-310/gsplat/experimental/render/functional
  creating build/lib.linux-x86_64-cpython-310/gsplat/experimental/render/kernels
  copying gsplat/experimental/render/kernels/gaussian_inference_ops.py -> build/lib.linux-x86_64-cpython-310/gsplat/experimental/render/kernels
  copying gsplat/experimental/render/kernels/_backend.py -> build/lib.linux-x86_64-cpython-310/gsplat/experimental/render/kernels
  copying gsplat/experimental/render/kernels/__init__.py -> build/lib.linux-x86_64-cpython-310/gsplat/experimental/render/kernels
  creating build/lib.linux-x86_64-cpython-310/gsplat/experimental/render/kernels/cuda
  copying gsplat/experimental/render/kernels/cuda/build.py -> build/lib.linux-x86_64-cpython-310/gsplat/experimental/render/kernels/cuda
  copying gsplat/experimental/render/kernels/cuda/__init__.py -> build/lib.linux-x86_64-cpython-310/gsplat/experimental/render/kernels/cuda
  creating build/lib.linux-x86_64-cpython-310/gsplat/geometry/functional
  copying gsplat/geometry/functional/pose.py -> build/lib.linux-x86_64-cpython-310/gsplat/geometry/functional
  copying gsplat/geometry/functional/quaternion.py -> build/lib.linux-x86_64-cpython-310/gsplat/geometry/functional
  copying gsplat/geometry/functional/__init__.py -> build/lib.linux-x86_64-cpython-310/gsplat/geometry/functional
  creating build/lib.linux-x86_64-cpython-310/gsplat/geometry/kernels
  copying gsplat/geometry/kernels/pose_ops.py -> build/lib.linux-x86_64-cpython-310/gsplat/geometry/kernels
  copying gsplat/geometry/kernels/quaternion_ops.py -> build/lib.linux-x86_64-cpython-310/gsplat/geometry/kernels
  copying gsplat/geometry/kernels/_backend.py -> build/lib.linux-x86_64-cpython-310/gsplat/geometry/kernels
  copying gsplat/geometry/kernels/__init__.py -> build/lib.linux-x86_64-cpython-310/gsplat/geometry/kernels
  creating build/lib.linux-x86_64-cpython-310/gsplat/geometry/kernels/cuda
  copying gsplat/geometry/kernels/cuda/build.py -> build/lib.linux-x86_64-cpython-310/gsplat/geometry/kernels/cuda
  copying gsplat/geometry/kernels/cuda/__init__.py -> build/lib.linux-x86_64-cpython-310/gsplat/geometry/kernels/cuda
  creating build/lib.linux-x86_64-cpython-310/gsplat/scene/components
  copying gsplat/scene/components/base.py -> build/lib.linux-x86_64-cpython-310/gsplat/scene/components
  copying gsplat/scene/components/gaussian_inference_scene.py -> build/lib.linux-x86_64-cpython-310/gsplat/scene/components
  copying gsplat/scene/components/gaussian_scene.py -> build/lib.linux-x86_64-cpython-310/gsplat/scene/components
  copying gsplat/scene/components/__init__.py -> build/lib.linux-x86_64-cpython-310/gsplat/scene/components
  creating build/lib.linux-x86_64-cpython-310/gsplat/scene/functional
  copying gsplat/scene/functional/gaussian_inference.py -> build/lib.linux-x86_64-cpython-310/gsplat/scene/functional
  copying gsplat/scene/functional/__init__.py -> build/lib.linux-x86_64-cpython-310/gsplat/scene/functional
  creating build/lib.linux-x86_64-cpython-310/gsplat/scene/kernels
  copying gsplat/scene/kernels/gaussian_inference_ops.py -> build/lib.linux-x86_64-cpython-310/gsplat/scene/kernels
  copying gsplat/scene/kernels/_backend.py -> build/lib.linux-x86_64-cpython-310/gsplat/scene/kernels
  copying gsplat/scene/kernels/__init__.py -> build/lib.linux-x86_64-cpython-310/gsplat/scene/kernels
  creating build/lib.linux-x86_64-cpython-310/gsplat/scene/kernels/cuda
  copying gsplat/scene/kernels/cuda/build.py -> build/lib.linux-x86_64-cpython-310/gsplat/scene/kernels/cuda
  copying gsplat/scene/kernels/cuda/__init__.py -> build/lib.linux-x86_64-cpython-310/gsplat/scene/kernels/cuda
  creating build/lib.linux-x86_64-cpython-310/gsplat/sensors/functional
  copying gsplat/sensors/functional/cameras.py -> build/lib.linux-x86_64-cpython-310/gsplat/sensors/functional
  copying gsplat/sensors/functional/lidars.py -> build/lib.linux-x86_64-cpython-310/gsplat/sensors/functional
  copying gsplat/sensors/functional/return_types.py -> build/lib.linux-x86_64-cpython-310/gsplat/sensors/functional
  copying gsplat/sensors/functional/__init__.py -> build/lib.linux-x86_64-cpython-310/gsplat/sensors/functional
  creating build/lib.linux-x86_64-cpython-310/gsplat/sensors/kernels
  copying gsplat/sensors/kernels/projective_sensor_ops.py -> build/lib.linux-x86_64-cpython-310/gsplat/sensors/kernels
  copying gsplat/sensors/kernels/_backend.py -> build/lib.linux-x86_64-cpython-310/gsplat/sensors/kernels
  copying gsplat/sensors/kernels/__init__.py -> build/lib.linux-x86_64-cpython-310/gsplat/sensors/kernels
  creating build/lib.linux-x86_64-cpython-310/gsplat/sensors/models
  copying gsplat/sensors/models/__init__.py -> build/lib.linux-x86_64-cpython-310/gsplat/sensors/models
  creating build/lib.linux-x86_64-cpython-310/gsplat/sensors/kernels/cameras
  copying gsplat/sensors/kernels/cameras/ops.py -> build/lib.linux-x86_64-cpython-310/gsplat/sensors/kernels/cameras
  copying gsplat/sensors/kernels/cameras/types.py -> build/lib.linux-x86_64-cpython-310/gsplat/sensors/kernels/cameras
  copying gsplat/sensors/kernels/cameras/windshield.py -> build/lib.linux-x86_64-cpython-310/gsplat/sensors/kernels/cameras
  copying gsplat/sensors/kernels/cameras/_projection_validate.py -> build/lib.linux-x86_64-cpython-310/gsplat/sensors/kernels/cameras
  copying gsplat/sensors/kernels/cameras/__init__.py -> build/lib.linux-x86_64-cpython-310/gsplat/sensors/kernels/cameras
  creating build/lib.linux-x86_64-cpython-310/gsplat/sensors/kernels/common
  copying gsplat/sensors/kernels/common/pose.py -> build/lib.linux-x86_64-cpython-310/gsplat/sensors/kernels/common
  copying gsplat/sensors/kernels/common/pose_interp.py -> build/lib.linux-x86_64-cpython-310/gsplat/sensors/kernels/common
  copying gsplat/sensors/kernels/common/tensor_ops.py -> build/lib.linux-x86_64-cpython-310/gsplat/sensors/kernels/common
  copying gsplat/sensors/kernels/common/utils.py -> build/lib.linux-x86_64-cpython-310/gsplat/sensors/kernels/common
  copying gsplat/sensors/kernels/common/__init__.py -> build/lib.linux-x86_64-cpython-310/gsplat/sensors/kernels/common
  creating build/lib.linux-x86_64-cpython-310/gsplat/sensors/kernels/cuda
  copying gsplat/sensors/kernels/cuda/build.py -> build/lib.linux-x86_64-cpython-310/gsplat/sensors/kernels/cuda
  copying gsplat/sensors/kernels/cuda/__init__.py -> build/lib.linux-x86_64-cpython-310/gsplat/sensors/kernels/cuda
  creating build/lib.linux-x86_64-cpython-310/gsplat/sensors/kernels/lidars
  copying gsplat/sensors/kernels/lidars/dispatch.py -> build/lib.linux-x86_64-cpython-310/gsplat/sensors/kernels/lidars
  copying gsplat/sensors/kernels/lidars/ops.py -> build/lib.linux-x86_64-cpython-310/gsplat/sensors/kernels/lidars
  copying gsplat/sensors/kernels/lidars/types.py -> build/lib.linux-x86_64-cpython-310/gsplat/sensors/kernels/lidars
  copying gsplat/sensors/kernels/lidars/_projection_validate.py -> build/lib.linux-x86_64-cpython-310/gsplat/sensors/kernels/lidars
  copying gsplat/sensors/kernels/lidars/__init__.py -> build/lib.linux-x86_64-cpython-310/gsplat/sensors/kernels/lidars
  creating build/lib.linux-x86_64-cpython-310/gsplat/sensors/models/cameras
  copying gsplat/sensors/models/cameras/camera_model.py -> build/lib.linux-x86_64-cpython-310/gsplat/sensors/models/cameras
  copying gsplat/sensors/models/cameras/image_frame.py -> build/lib.linux-x86_64-cpython-310/gsplat/sensors/models/cameras
  copying gsplat/sensors/models/cameras/__init__.py -> build/lib.linux-x86_64-cpython-310/gsplat/sensors/models/cameras
  creating build/lib.linux-x86_64-cpython-310/gsplat/sensors/models/common
  copying gsplat/sensors/models/common/frame.py -> build/lib.linux-x86_64-cpython-310/gsplat/sensors/models/common
  copying gsplat/sensors/models/common/utils.py -> build/lib.linux-x86_64-cpython-310/gsplat/sensors/models/common
  copying gsplat/sensors/models/common/__init__.py -> build/lib.linux-x86_64-cpython-310/gsplat/sensors/models/common
  creating build/lib.linux-x86_64-cpython-310/gsplat/sensors/models/lidars
  copying gsplat/sensors/models/lidars/lidar_frame.py -> build/lib.linux-x86_64-cpython-310/gsplat/sensors/models/lidars
  copying gsplat/sensors/models/lidars/lidar_model.py -> build/lib.linux-x86_64-cpython-310/gsplat/sensors/models/lidars
  copying gsplat/sensors/models/lidars/__init__.py -> build/lib.linux-x86_64-cpython-310/gsplat/sensors/models/lidars
  creating build/lib.linux-x86_64-cpython-310/gsplat/stage/components
  copying gsplat/stage/components/stage.py -> build/lib.linux-x86_64-cpython-310/gsplat/stage/components
  copying gsplat/stage/components/__init__.py -> build/lib.linux-x86_64-cpython-310/gsplat/stage/components
  running egg_info
  creating gsplat.egg-info
  writing gsplat.egg-info/PKG-INFO
  writing dependency_links to gsplat.egg-info/dependency_links.txt
  writing requirements to gsplat.egg-info/requires.txt
  writing top-level names to gsplat.egg-info/top_level.txt
  writing manifest file 'gsplat.egg-info/SOURCES.txt'
  reading manifest file 'gsplat.egg-info/SOURCES.txt'
  reading manifest template 'MANIFEST.in'
  adding license file 'LICENSE'
  writing manifest file 'gsplat.egg-info/SOURCES.txt'
  /home/bkai/miniconda3/envs/gsplat/lib/python3.10/site-packages/setuptools/command/build_py.py:215: _Warning: Package 'gsplat.cuda.csrc' is absent from the `packages` configuration.
  !!

          ********************************************************************************
          ############################
          # Package would be ignored #
          ############################
          Python recognizes 'gsplat.cuda.csrc' as an importable package[^1],
          but it is absent from setuptools' `packages` configuration.

          This leads to an ambiguous overall configuration. If you want to distribute this
          package, please make sure that 'gsplat.cuda.csrc' is explicitly added
          to the `packages` configuration field.

          Alternatively, you can also rely on setuptools' discovery methods
          (for example by using `find_namespace_packages(...)`/`find_namespace:`
          instead of `find_packages(...)`/`find:`).

          You can read more about "package discovery" on setuptools documentation page:

          - https://setuptools.pypa.io/en/latest/userguide/package_discovery.html

          If you don't want 'gsplat.cuda.csrc' to be distributed and are
          already explicitly excluding 'gsplat.cuda.csrc' via
          `find_namespace_packages(...)/find_namespace` or `find_packages(...)/find`,
          you can try to use `exclude_package_data`, or `include-package-data=False` in
          combination with a more fine grained `package-data` configuration.

          You can read more about "package data files" on setuptools documentation page:

          - https://setuptools.pypa.io/en/latest/userguide/datafiles.html


          [^1]: For Python, any directory (with suitable naming) can be imported,
                even if it does not contain any `.py` files.
                On the other hand, currently there is no concept of package data
                directory, all directories are treated like packages.
          ********************************************************************************

  !!
    check.warn(importable)
  /home/bkai/miniconda3/envs/gsplat/lib/python3.10/site-packages/setuptools/command/build_py.py:215: _Warning: Package 'gsplat.cuda.csrc.third_party.glm' is absent from the `packages` configuration.
  !!

          ********************************************************************************
          ############################
          # Package would be ignored #
          ############################
          Python recognizes 'gsplat.cuda.csrc.third_party.glm' as an importable package[^1],
          but it is absent from setuptools' `packages` configuration.

          This leads to an ambiguous overall configuration. If you want to distribute this
          package, please make sure that 'gsplat.cuda.csrc.third_party.glm' is explicitly added
          to the `packages` configuration field.

          Alternatively, you can also rely on setuptools' discovery methods
          (for example by using `find_namespace_packages(...)`/`find_namespace:`
          instead of `find_packages(...)`/`find:`).

          You can read more about "package discovery" on setuptools documentation page:

          - https://setuptools.pypa.io/en/latest/userguide/package_discovery.html

          If you don't want 'gsplat.cuda.csrc.third_party.glm' to be distributed and are
          already explicitly excluding 'gsplat.cuda.csrc.third_party.glm' via
          `find_namespace_packages(...)/find_namespace` or `find_packages(...)/find`,
          you can try to use `exclude_package_data`, or `include-package-data=False` in
          combination with a more fine grained `package-data` configuration.

          You can read more about "package data files" on setuptools documentation page:

          - https://setuptools.pypa.io/en/latest/userguide/datafiles.html


          [^1]: For Python, any directory (with suitable naming) can be imported,
                even if it does not contain any `.py` files.
                On the other hand, currently there is no concept of package data
                directory, all directories are treated like packages.
          ********************************************************************************

  !!
    check.warn(importable)
  /home/bkai/miniconda3/envs/gsplat/lib/python3.10/site-packages/setuptools/command/build_py.py:215: _Warning: Package 'gsplat.cuda.csrc.third_party.glm.cmake' is absent from the `packages` configuration.
  !!

          ********************************************************************************
          ############################
          # Package would be ignored #
          ############################
          Python recognizes 'gsplat.cuda.csrc.third_party.glm.cmake' as an importable package[^1],
          but it is absent from setuptools' `packages` configuration.

          This leads to an ambiguous overall configuration. If you want to distribute this
          package, please make sure that 'gsplat.cuda.csrc.third_party.glm.cmake' is explicitly added
          to the `packages` configuration field.

          Alternatively, you can also rely on setuptools' discovery methods
          (for example by using `find_namespace_packages(...)`/`find_namespace:`
          instead of `find_packages(...)`/`find:`).

          You can read more about "package discovery" on setuptools documentation page:

          - https://setuptools.pypa.io/en/latest/userguide/package_discovery.html

          If you don't want 'gsplat.cuda.csrc.third_party.glm.cmake' to be distributed and are
          already explicitly excluding 'gsplat.cuda.csrc.third_party.glm.cmake' via
          `find_namespace_packages(...)/find_namespace` or `find_packages(...)/find`,
          you can try to use `exclude_package_data`, or `include-package-data=False` in
          combination with a more fine grained `package-data` configuration.

          You can read more about "package data files" on setuptools documentation page:

          - https://setuptools.pypa.io/en/latest/userguide/datafiles.html


          [^1]: For Python, any directory (with suitable naming) can be imported,
                even if it does not contain any `.py` files.
                On the other hand, currently there is no concept of package data
                directory, all directories are treated like packages.
          ********************************************************************************

  !!
    check.warn(importable)
  /home/bkai/miniconda3/envs/gsplat/lib/python3.10/site-packages/setuptools/command/build_py.py:215: _Warning: Package 'gsplat.cuda.csrc.third_party.glm.doc' is absent from the `packages` configuration.
  !!

          ********************************************************************************
          ############################
          # Package would be ignored #
          ############################
          Python recognizes 'gsplat.cuda.csrc.third_party.glm.doc' as an importable package[^1],
          but it is absent from setuptools' `packages` configuration.

          This leads to an ambiguous overall configuration. If you want to distribute this
          package, please make sure that 'gsplat.cuda.csrc.third_party.glm.doc' is explicitly added
          to the `packages` configuration field.

          Alternatively, you can also rely on setuptools' discovery methods
          (for example by using `find_namespace_packages(...)`/`find_namespace:`
          instead of `find_packages(...)`/`find:`).

          You can read more about "package discovery" on setuptools documentation page:

          - https://setuptools.pypa.io/en/latest/userguide/package_discovery.html

          If you don't want 'gsplat.cuda.csrc.third_party.glm.doc' to be distributed and are
          already explicitly excluding 'gsplat.cuda.csrc.third_party.glm.doc' via
          `find_namespace_packages(...)/find_namespace` or `find_packages(...)/find`,
          you can try to use `exclude_package_data`, or `include-package-data=False` in
          combination with a more fine grained `package-data` configuration.

          You can read more about "package data files" on setuptools documentation page:

          - https://setuptools.pypa.io/en/latest/userguide/datafiles.html


          [^1]: For Python, any directory (with suitable naming) can be imported,
                even if it does not contain any `.py` files.
                On the other hand, currently there is no concept of package data
                directory, all directories are treated like packages.
          ********************************************************************************

  !!
    check.warn(importable)
  /home/bkai/miniconda3/envs/gsplat/lib/python3.10/site-packages/setuptools/command/build_py.py:215: _Warning: Package 'gsplat.cuda.csrc.third_party.glm.doc.api' is absent from the `packages` configuration.
  !!

          ********************************************************************************
          ############################
          # Package would be ignored #
          ############################
          Python recognizes 'gsplat.cuda.csrc.third_party.glm.doc.api' as an importable package[^1],
          but it is absent from setuptools' `packages` configuration.

          This leads to an ambiguous overall configuration. If you want to distribute this
          package, please make sure that 'gsplat.cuda.csrc.third_party.glm.doc.api' is explicitly added
          to the `packages` configuration field.

          Alternatively, you can also rely on setuptools' discovery methods
          (for example by using `find_namespace_packages(...)`/`find_namespace:`
          instead of `find_packages(...)`/`find:`).

          You can read more about "package discovery" on setuptools documentation page:

          - https://setuptools.pypa.io/en/latest/userguide/package_discovery.html

          If you don't want 'gsplat.cuda.csrc.third_party.glm.doc.api' to be distributed and are
          already explicitly excluding 'gsplat.cuda.csrc.third_party.glm.doc.api' via
          `find_namespace_packages(...)/find_namespace` or `find_packages(...)/find`,
          you can try to use `exclude_package_data`, or `include-package-data=False` in
          combination with a more fine grained `package-data` configuration.

          You can read more about "package data files" on setuptools documentation page:

          - https://setuptools.pypa.io/en/latest/userguide/datafiles.html


          [^1]: For Python, any directory (with suitable naming) can be imported,
                even if it does not contain any `.py` files.
                On the other hand, currently there is no concept of package data
                directory, all directories are treated like packages.
          ********************************************************************************

  !!
    check.warn(importable)
  /home/bkai/miniconda3/envs/gsplat/lib/python3.10/site-packages/setuptools/command/build_py.py:215: _Warning: Package 'gsplat.cuda.csrc.third_party.glm.doc.api.search' is absent from the `packages` configuration.
  !!

          ********************************************************************************
          ############################
          # Package would be ignored #
          ############################
          Python recognizes 'gsplat.cuda.csrc.third_party.glm.doc.api.search' as an importable package[^1],
          but it is absent from setuptools' `packages` configuration.

          This leads to an ambiguous overall configuration. If you want to distribute this
          package, please make sure that 'gsplat.cuda.csrc.third_party.glm.doc.api.search' is explicitly added
          to the `packages` configuration field.

          Alternatively, you can also rely on setuptools' discovery methods
          (for example by using `find_namespace_packages(...)`/`find_namespace:`
          instead of `find_packages(...)`/`find:`).

          You can read more about "package discovery" on setuptools documentation page:

          - https://setuptools.pypa.io/en/latest/userguide/package_discovery.html

          If you don't want 'gsplat.cuda.csrc.third_party.glm.doc.api.search' to be distributed and are
          already explicitly excluding 'gsplat.cuda.csrc.third_party.glm.doc.api.search' via
          `find_namespace_packages(...)/find_namespace` or `find_packages(...)/find`,
          you can try to use `exclude_package_data`, or `include-package-data=False` in
          combination with a more fine grained `package-data` configuration.

          You can read more about "package data files" on setuptools documentation page:

          - https://setuptools.pypa.io/en/latest/userguide/datafiles.html


          [^1]: For Python, any directory (with suitable naming) can be imported,
                even if it does not contain any `.py` files.
                On the other hand, currently there is no concept of package data
                directory, all directories are treated like packages.
          ********************************************************************************

  !!
    check.warn(importable)
  /home/bkai/miniconda3/envs/gsplat/lib/python3.10/site-packages/setuptools/command/build_py.py:215: _Warning: Package 'gsplat.cuda.csrc.third_party.glm.doc.manual' is absent from the `packages` configuration.
  !!

          ********************************************************************************
          ############################
          # Package would be ignored #
          ############################
          Python recognizes 'gsplat.cuda.csrc.third_party.glm.doc.manual' as an importable package[^1],
          but it is absent from setuptools' `packages` configuration.

          This leads to an ambiguous overall configuration. If you want to distribute this
          package, please make sure that 'gsplat.cuda.csrc.third_party.glm.doc.manual' is explicitly added
          to the `packages` configuration field.

          Alternatively, you can also rely on setuptools' discovery methods
          (for example by using `find_namespace_packages(...)`/`find_namespace:`
          instead of `find_packages(...)`/`find:`).

          You can read more about "package discovery" on setuptools documentation page:

          - https://setuptools.pypa.io/en/latest/userguide/package_discovery.html

          If you don't want 'gsplat.cuda.csrc.third_party.glm.doc.manual' to be distributed and are
          already explicitly excluding 'gsplat.cuda.csrc.third_party.glm.doc.manual' via
          `find_namespace_packages(...)/find_namespace` or `find_packages(...)/find`,
          you can try to use `exclude_package_data`, or `include-package-data=False` in
          combination with a more fine grained `package-data` configuration.

          You can read more about "package data files" on setuptools documentation page:

          - https://setuptools.pypa.io/en/latest/userguide/datafiles.html


          [^1]: For Python, any directory (with suitable naming) can be imported,
                even if it does not contain any `.py` files.
                On the other hand, currently there is no concept of package data
                directory, all directories are treated like packages.
          ********************************************************************************

  !!
    check.warn(importable)
  /home/bkai/miniconda3/envs/gsplat/lib/python3.10/site-packages/setuptools/command/build_py.py:215: _Warning: Package 'gsplat.cuda.csrc.third_party.glm.doc.theme' is absent from the `packages` configuration.
  !!

          ********************************************************************************
          ############################
          # Package would be ignored #
          ############################
          Python recognizes 'gsplat.cuda.csrc.third_party.glm.doc.theme' as an importable package[^1],
          but it is absent from setuptools' `packages` configuration.

          This leads to an ambiguous overall configuration. If you want to distribute this
          package, please make sure that 'gsplat.cuda.csrc.third_party.glm.doc.theme' is explicitly added
          to the `packages` configuration field.

          Alternatively, you can also rely on setuptools' discovery methods
          (for example by using `find_namespace_packages(...)`/`find_namespace:`
          instead of `find_packages(...)`/`find:`).

          You can read more about "package discovery" on setuptools documentation page:

          - https://setuptools.pypa.io/en/latest/userguide/package_discovery.html

          If you don't want 'gsplat.cuda.csrc.third_party.glm.doc.theme' to be distributed and are
          already explicitly excluding 'gsplat.cuda.csrc.third_party.glm.doc.theme' via
          `find_namespace_packages(...)/find_namespace` or `find_packages(...)/find`,
          you can try to use `exclude_package_data`, or `include-package-data=False` in
          combination with a more fine grained `package-data` configuration.

          You can read more about "package data files" on setuptools documentation page:

          - https://setuptools.pypa.io/en/latest/userguide/datafiles.html


          [^1]: For Python, any directory (with suitable naming) can be imported,
                even if it does not contain any `.py` files.
                On the other hand, currently there is no concept of package data
                directory, all directories are treated like packages.
          ********************************************************************************

  !!
    check.warn(importable)
  /home/bkai/miniconda3/envs/gsplat/lib/python3.10/site-packages/setuptools/command/build_py.py:215: _Warning: Package 'gsplat.cuda.csrc.third_party.glm.glm' is absent from the `packages` configuration.
  !!

          ********************************************************************************
          ############################
          # Package would be ignored #
          ############################
          Python recognizes 'gsplat.cuda.csrc.third_party.glm.glm' as an importable package[^1],
          but it is absent from setuptools' `packages` configuration.

          This leads to an ambiguous overall configuration. If you want to distribute this
          package, please make sure that 'gsplat.cuda.csrc.third_party.glm.glm' is explicitly added
          to the `packages` configuration field.

          Alternatively, you can also rely on setuptools' discovery methods
          (for example by using `find_namespace_packages(...)`/`find_namespace:`
          instead of `find_packages(...)`/`find:`).

          You can read more about "package discovery" on setuptools documentation page:

          - https://setuptools.pypa.io/en/latest/userguide/package_discovery.html

          If you don't want 'gsplat.cuda.csrc.third_party.glm.glm' to be distributed and are
          already explicitly excluding 'gsplat.cuda.csrc.third_party.glm.glm' via
          `find_namespace_packages(...)/find_namespace` or `find_packages(...)/find`,
          you can try to use `exclude_package_data`, or `include-package-data=False` in
          combination with a more fine grained `package-data` configuration.

          You can read more about "package data files" on setuptools documentation page:

          - https://setuptools.pypa.io/en/latest/userguide/datafiles.html


          [^1]: For Python, any directory (with suitable naming) can be imported,
                even if it does not contain any `.py` files.
                On the other hand, currently there is no concept of package data
                directory, all directories are treated like packages.
          ********************************************************************************

  !!
    check.warn(importable)
  /home/bkai/miniconda3/envs/gsplat/lib/python3.10/site-packages/setuptools/command/build_py.py:215: _Warning: Package 'gsplat.cuda.csrc.third_party.glm.glm.detail' is absent from the `packages` configuration.
  !!

          ********************************************************************************
          ############################
          # Package would be ignored #
          ############################
          Python recognizes 'gsplat.cuda.csrc.third_party.glm.glm.detail' as an importable package[^1],
          but it is absent from setuptools' `packages` configuration.

          This leads to an ambiguous overall configuration. If you want to distribute this
          package, please make sure that 'gsplat.cuda.csrc.third_party.glm.glm.detail' is explicitly added
          to the `packages` configuration field.

          Alternatively, you can also rely on setuptools' discovery methods
          (for example by using `find_namespace_packages(...)`/`find_namespace:`
          instead of `find_packages(...)`/`find:`).

          You can read more about "package discovery" on setuptools documentation page:

          - https://setuptools.pypa.io/en/latest/userguide/package_discovery.html

          If you don't want 'gsplat.cuda.csrc.third_party.glm.glm.detail' to be distributed and are
          already explicitly excluding 'gsplat.cuda.csrc.third_party.glm.glm.detail' via
          `find_namespace_packages(...)/find_namespace` or `find_packages(...)/find`,
          you can try to use `exclude_package_data`, or `include-package-data=False` in
          combination with a more fine grained `package-data` configuration.

          You can read more about "package data files" on setuptools documentation page:

          - https://setuptools.pypa.io/en/latest/userguide/datafiles.html


          [^1]: For Python, any directory (with suitable naming) can be imported,
                even if it does not contain any `.py` files.
                On the other hand, currently there is no concept of package data
                directory, all directories are treated like packages.
          ********************************************************************************

  !!
    check.warn(importable)
  /home/bkai/miniconda3/envs/gsplat/lib/python3.10/site-packages/setuptools/command/build_py.py:215: _Warning: Package 'gsplat.cuda.csrc.third_party.glm.glm.ext' is absent from the `packages` configuration.
  !!

          ********************************************************************************
          ############################
          # Package would be ignored #
          ############################
          Python recognizes 'gsplat.cuda.csrc.third_party.glm.glm.ext' as an importable package[^1],
          but it is absent from setuptools' `packages` configuration.

          This leads to an ambiguous overall configuration. If you want to distribute this
          package, please make sure that 'gsplat.cuda.csrc.third_party.glm.glm.ext' is explicitly added
          to the `packages` configuration field.

          Alternatively, you can also rely on setuptools' discovery methods
          (for example by using `find_namespace_packages(...)`/`find_namespace:`
          instead of `find_packages(...)`/`find:`).

          You can read more about "package discovery" on setuptools documentation page:

          - https://setuptools.pypa.io/en/latest/userguide/package_discovery.html

          If you don't want 'gsplat.cuda.csrc.third_party.glm.glm.ext' to be distributed and are
          already explicitly excluding 'gsplat.cuda.csrc.third_party.glm.glm.ext' via
          `find_namespace_packages(...)/find_namespace` or `find_packages(...)/find`,
          you can try to use `exclude_package_data`, or `include-package-data=False` in
          combination with a more fine grained `package-data` configuration.

          You can read more about "package data files" on setuptools documentation page:

          - https://setuptools.pypa.io/en/latest/userguide/datafiles.html


          [^1]: For Python, any directory (with suitable naming) can be imported,
                even if it does not contain any `.py` files.
                On the other hand, currently there is no concept of package data
                directory, all directories are treated like packages.
          ********************************************************************************

  !!
    check.warn(importable)
  /home/bkai/miniconda3/envs/gsplat/lib/python3.10/site-packages/setuptools/command/build_py.py:215: _Warning: Package 'gsplat.cuda.csrc.third_party.glm.glm.gtc' is absent from the `packages` configuration.
  !!

          ********************************************************************************
          ############################
          # Package would be ignored #
          ############################
          Python recognizes 'gsplat.cuda.csrc.third_party.glm.glm.gtc' as an importable package[^1],
          but it is absent from setuptools' `packages` configuration.

          This leads to an ambiguous overall configuration. If you want to distribute this
          package, please make sure that 'gsplat.cuda.csrc.third_party.glm.glm.gtc' is explicitly added
          to the `packages` configuration field.

          Alternatively, you can also rely on setuptools' discovery methods
          (for example by using `find_namespace_packages(...)`/`find_namespace:`
          instead of `find_packages(...)`/`find:`).

          You can read more about "package discovery" on setuptools documentation page:

          - https://setuptools.pypa.io/en/latest/userguide/package_discovery.html

          If you don't want 'gsplat.cuda.csrc.third_party.glm.glm.gtc' to be distributed and are
          already explicitly excluding 'gsplat.cuda.csrc.third_party.glm.glm.gtc' via
          `find_namespace_packages(...)/find_namespace` or `find_packages(...)/find`,
          you can try to use `exclude_package_data`, or `include-package-data=False` in
          combination with a more fine grained `package-data` configuration.

          You can read more about "package data files" on setuptools documentation page:

          - https://setuptools.pypa.io/en/latest/userguide/datafiles.html


          [^1]: For Python, any directory (with suitable naming) can be imported,
                even if it does not contain any `.py` files.
                On the other hand, currently there is no concept of package data
                directory, all directories are treated like packages.
          ********************************************************************************

  !!
    check.warn(importable)
  /home/bkai/miniconda3/envs/gsplat/lib/python3.10/site-packages/setuptools/command/build_py.py:215: _Warning: Package 'gsplat.cuda.csrc.third_party.glm.glm.gtx' is absent from the `packages` configuration.
  !!

          ********************************************************************************
          ############################
          # Package would be ignored #
          ############################
          Python recognizes 'gsplat.cuda.csrc.third_party.glm.glm.gtx' as an importable package[^1],
          but it is absent from setuptools' `packages` configuration.

          This leads to an ambiguous overall configuration. If you want to distribute this
          package, please make sure that 'gsplat.cuda.csrc.third_party.glm.glm.gtx' is explicitly added
          to the `packages` configuration field.

          Alternatively, you can also rely on setuptools' discovery methods
          (for example by using `find_namespace_packages(...)`/`find_namespace:`
          instead of `find_packages(...)`/`find:`).

          You can read more about "package discovery" on setuptools documentation page:

          - https://setuptools.pypa.io/en/latest/userguide/package_discovery.html

          If you don't want 'gsplat.cuda.csrc.third_party.glm.glm.gtx' to be distributed and are
          already explicitly excluding 'gsplat.cuda.csrc.third_party.glm.glm.gtx' via
          `find_namespace_packages(...)/find_namespace` or `find_packages(...)/find`,
          you can try to use `exclude_package_data`, or `include-package-data=False` in
          combination with a more fine grained `package-data` configuration.

          You can read more about "package data files" on setuptools documentation page:

          - https://setuptools.pypa.io/en/latest/userguide/datafiles.html


          [^1]: For Python, any directory (with suitable naming) can be imported,
                even if it does not contain any `.py` files.
                On the other hand, currently there is no concept of package data
                directory, all directories are treated like packages.
          ********************************************************************************

  !!
    check.warn(importable)
  /home/bkai/miniconda3/envs/gsplat/lib/python3.10/site-packages/setuptools/command/build_py.py:215: _Warning: Package 'gsplat.cuda.csrc.third_party.glm.glm.simd' is absent from the `packages` configuration.
  !!

          ********************************************************************************
          ############################
          # Package would be ignored #
          ############################
          Python recognizes 'gsplat.cuda.csrc.third_party.glm.glm.simd' as an importable package[^1],
          but it is absent from setuptools' `packages` configuration.

          This leads to an ambiguous overall configuration. If you want to distribute this
          package, please make sure that 'gsplat.cuda.csrc.third_party.glm.glm.simd' is explicitly added
          to the `packages` configuration field.

          Alternatively, you can also rely on setuptools' discovery methods
          (for example by using `find_namespace_packages(...)`/`find_namespace:`
          instead of `find_packages(...)`/`find:`).

          You can read more about "package discovery" on setuptools documentation page:

          - https://setuptools.pypa.io/en/latest/userguide/package_discovery.html

          If you don't want 'gsplat.cuda.csrc.third_party.glm.glm.simd' to be distributed and are
          already explicitly excluding 'gsplat.cuda.csrc.third_party.glm.glm.simd' via
          `find_namespace_packages(...)/find_namespace` or `find_packages(...)/find`,
          you can try to use `exclude_package_data`, or `include-package-data=False` in
          combination with a more fine grained `package-data` configuration.

          You can read more about "package data files" on setuptools documentation page:

          - https://setuptools.pypa.io/en/latest/userguide/datafiles.html


          [^1]: For Python, any directory (with suitable naming) can be imported,
                even if it does not contain any `.py` files.
                On the other hand, currently there is no concept of package data
                directory, all directories are treated like packages.
          ********************************************************************************

  !!
    check.warn(importable)
  /home/bkai/miniconda3/envs/gsplat/lib/python3.10/site-packages/setuptools/command/build_py.py:215: _Warning: Package 'gsplat.cuda.csrc.third_party.glm.test' is absent from the `packages` configuration.
  !!

          ********************************************************************************
          ############################
          # Package would be ignored #
          ############################
          Python recognizes 'gsplat.cuda.csrc.third_party.glm.test' as an importable package[^1],
          but it is absent from setuptools' `packages` configuration.

          This leads to an ambiguous overall configuration. If you want to distribute this
          package, please make sure that 'gsplat.cuda.csrc.third_party.glm.test' is explicitly added
          to the `packages` configuration field.

          Alternatively, you can also rely on setuptools' discovery methods
          (for example by using `find_namespace_packages(...)`/`find_namespace:`
          instead of `find_packages(...)`/`find:`).

          You can read more about "package discovery" on setuptools documentation page:

          - https://setuptools.pypa.io/en/latest/userguide/package_discovery.html

          If you don't want 'gsplat.cuda.csrc.third_party.glm.test' to be distributed and are
          already explicitly excluding 'gsplat.cuda.csrc.third_party.glm.test' via
          `find_namespace_packages(...)/find_namespace` or `find_packages(...)/find`,
          you can try to use `exclude_package_data`, or `include-package-data=False` in
          combination with a more fine grained `package-data` configuration.

          You can read more about "package data files" on setuptools documentation page:

          - https://setuptools.pypa.io/en/latest/userguide/datafiles.html


          [^1]: For Python, any directory (with suitable naming) can be imported,
                even if it does not contain any `.py` files.
                On the other hand, currently there is no concept of package data
                directory, all directories are treated like packages.
          ********************************************************************************

  !!
    check.warn(importable)
  /home/bkai/miniconda3/envs/gsplat/lib/python3.10/site-packages/setuptools/command/build_py.py:215: _Warning: Package 'gsplat.cuda.csrc.third_party.glm.test.bug' is absent from the `packages` configuration.
  !!

          ********************************************************************************
          ############################
          # Package would be ignored #
          ############################
          Python recognizes 'gsplat.cuda.csrc.third_party.glm.test.bug' as an importable package[^1],
          but it is absent from setuptools' `packages` configuration.

          This leads to an ambiguous overall configuration. If you want to distribute this
          package, please make sure that 'gsplat.cuda.csrc.third_party.glm.test.bug' is explicitly added
          to the `packages` configuration field.

          Alternatively, you can also rely on setuptools' discovery methods
          (for example by using `find_namespace_packages(...)`/`find_namespace:`
          instead of `find_packages(...)`/`find:`).

          You can read more about "package discovery" on setuptools documentation page:

          - https://setuptools.pypa.io/en/latest/userguide/package_discovery.html

          If you don't want 'gsplat.cuda.csrc.third_party.glm.test.bug' to be distributed and are
          already explicitly excluding 'gsplat.cuda.csrc.third_party.glm.test.bug' via
          `find_namespace_packages(...)/find_namespace` or `find_packages(...)/find`,
          you can try to use `exclude_package_data`, or `include-package-data=False` in
          combination with a more fine grained `package-data` configuration.

          You can read more about "package data files" on setuptools documentation page:

          - https://setuptools.pypa.io/en/latest/userguide/datafiles.html


          [^1]: For Python, any directory (with suitable naming) can be imported,
                even if it does not contain any `.py` files.
                On the other hand, currently there is no concept of package data
                directory, all directories are treated like packages.
          ********************************************************************************

  !!
    check.warn(importable)
  /home/bkai/miniconda3/envs/gsplat/lib/python3.10/site-packages/setuptools/command/build_py.py:215: _Warning: Package 'gsplat.cuda.csrc.third_party.glm.test.cmake' is absent from the `packages` configuration.
  !!

          ********************************************************************************
          ############################
          # Package would be ignored #
          ############################
          Python recognizes 'gsplat.cuda.csrc.third_party.glm.test.cmake' as an importable package[^1],
          but it is absent from setuptools' `packages` configuration.

          This leads to an ambiguous overall configuration. If you want to distribute this
          package, please make sure that 'gsplat.cuda.csrc.third_party.glm.test.cmake' is explicitly added
          to the `packages` configuration field.

          Alternatively, you can also rely on setuptools' discovery methods
          (for example by using `find_namespace_packages(...)`/`find_namespace:`
          instead of `find_packages(...)`/`find:`).

          You can read more about "package discovery" on setuptools documentation page:

          - https://setuptools.pypa.io/en/latest/userguide/package_discovery.html

          If you don't want 'gsplat.cuda.csrc.third_party.glm.test.cmake' to be distributed and are
          already explicitly excluding 'gsplat.cuda.csrc.third_party.glm.test.cmake' via
          `find_namespace_packages(...)/find_namespace` or `find_packages(...)/find`,
          you can try to use `exclude_package_data`, or `include-package-data=False` in
          combination with a more fine grained `package-data` configuration.

          You can read more about "package data files" on setuptools documentation page:

          - https://setuptools.pypa.io/en/latest/userguide/datafiles.html


          [^1]: For Python, any directory (with suitable naming) can be imported,
                even if it does not contain any `.py` files.
                On the other hand, currently there is no concept of package data
                directory, all directories are treated like packages.
          ********************************************************************************

  !!
    check.warn(importable)
  /home/bkai/miniconda3/envs/gsplat/lib/python3.10/site-packages/setuptools/command/build_py.py:215: _Warning: Package 'gsplat.cuda.csrc.third_party.glm.test.core' is absent from the `packages` configuration.
  !!

          ********************************************************************************
          ############################
          # Package would be ignored #
          ############################
          Python recognizes 'gsplat.cuda.csrc.third_party.glm.test.core' as an importable package[^1],
          but it is absent from setuptools' `packages` configuration.

          This leads to an ambiguous overall configuration. If you want to distribute this
          package, please make sure that 'gsplat.cuda.csrc.third_party.glm.test.core' is explicitly added
          to the `packages` configuration field.

          Alternatively, you can also rely on setuptools' discovery methods
          (for example by using `find_namespace_packages(...)`/`find_namespace:`
          instead of `find_packages(...)`/`find:`).

          You can read more about "package discovery" on setuptools documentation page:

          - https://setuptools.pypa.io/en/latest/userguide/package_discovery.html

          If you don't want 'gsplat.cuda.csrc.third_party.glm.test.core' to be distributed and are
          already explicitly excluding 'gsplat.cuda.csrc.third_party.glm.test.core' via
          `find_namespace_packages(...)/find_namespace` or `find_packages(...)/find`,
          you can try to use `exclude_package_data`, or `include-package-data=False` in
          combination with a more fine grained `package-data` configuration.

          You can read more about "package data files" on setuptools documentation page:

          - https://setuptools.pypa.io/en/latest/userguide/datafiles.html


          [^1]: For Python, any directory (with suitable naming) can be imported,
                even if it does not contain any `.py` files.
                On the other hand, currently there is no concept of package data
                directory, all directories are treated like packages.
          ********************************************************************************

  !!
    check.warn(importable)
  /home/bkai/miniconda3/envs/gsplat/lib/python3.10/site-packages/setuptools/command/build_py.py:215: _Warning: Package 'gsplat.cuda.csrc.third_party.glm.test.ext' is absent from the `packages` configuration.
  !!

          ********************************************************************************
          ############################
          # Package would be ignored #
          ############################
          Python recognizes 'gsplat.cuda.csrc.third_party.glm.test.ext' as an importable package[^1],
          but it is absent from setuptools' `packages` configuration.

          This leads to an ambiguous overall configuration. If you want to distribute this
          package, please make sure that 'gsplat.cuda.csrc.third_party.glm.test.ext' is explicitly added
          to the `packages` configuration field.

          Alternatively, you can also rely on setuptools' discovery methods
          (for example by using `find_namespace_packages(...)`/`find_namespace:`
          instead of `find_packages(...)`/`find:`).

          You can read more about "package discovery" on setuptools documentation page:

          - https://setuptools.pypa.io/en/latest/userguide/package_discovery.html

          If you don't want 'gsplat.cuda.csrc.third_party.glm.test.ext' to be distributed and are
          already explicitly excluding 'gsplat.cuda.csrc.third_party.glm.test.ext' via
          `find_namespace_packages(...)/find_namespace` or `find_packages(...)/find`,
          you can try to use `exclude_package_data`, or `include-package-data=False` in
          combination with a more fine grained `package-data` configuration.

          You can read more about "package data files" on setuptools documentation page:

          - https://setuptools.pypa.io/en/latest/userguide/datafiles.html


          [^1]: For Python, any directory (with suitable naming) can be imported,
                even if it does not contain any `.py` files.
                On the other hand, currently there is no concept of package data
                directory, all directories are treated like packages.
          ********************************************************************************

  !!
    check.warn(importable)
  /home/bkai/miniconda3/envs/gsplat/lib/python3.10/site-packages/setuptools/command/build_py.py:215: _Warning: Package 'gsplat.cuda.csrc.third_party.glm.test.gtc' is absent from the `packages` configuration.
  !!

          ********************************************************************************
          ############################
          # Package would be ignored #
          ############################
          Python recognizes 'gsplat.cuda.csrc.third_party.glm.test.gtc' as an importable package[^1],
          but it is absent from setuptools' `packages` configuration.

          This leads to an ambiguous overall configuration. If you want to distribute this
          package, please make sure that 'gsplat.cuda.csrc.third_party.glm.test.gtc' is explicitly added
          to the `packages` configuration field.

          Alternatively, you can also rely on setuptools' discovery methods
          (for example by using `find_namespace_packages(...)`/`find_namespace:`
          instead of `find_packages(...)`/`find:`).

          You can read more about "package discovery" on setuptools documentation page:

          - https://setuptools.pypa.io/en/latest/userguide/package_discovery.html

          If you don't want 'gsplat.cuda.csrc.third_party.glm.test.gtc' to be distributed and are
          already explicitly excluding 'gsplat.cuda.csrc.third_party.glm.test.gtc' via
          `find_namespace_packages(...)/find_namespace` or `find_packages(...)/find`,
          you can try to use `exclude_package_data`, or `include-package-data=False` in
          combination with a more fine grained `package-data` configuration.

          You can read more about "package data files" on setuptools documentation page:

          - https://setuptools.pypa.io/en/latest/userguide/datafiles.html


          [^1]: For Python, any directory (with suitable naming) can be imported,
                even if it does not contain any `.py` files.
                On the other hand, currently there is no concept of package data
                directory, all directories are treated like packages.
          ********************************************************************************

  !!
    check.warn(importable)
  /home/bkai/miniconda3/envs/gsplat/lib/python3.10/site-packages/setuptools/command/build_py.py:215: _Warning: Package 'gsplat.cuda.csrc.third_party.glm.test.gtx' is absent from the `packages` configuration.
  !!

          ********************************************************************************
          ############################
          # Package would be ignored #
          ############################
          Python recognizes 'gsplat.cuda.csrc.third_party.glm.test.gtx' as an importable package[^1],
          but it is absent from setuptools' `packages` configuration.

          This leads to an ambiguous overall configuration. If you want to distribute this
          package, please make sure that 'gsplat.cuda.csrc.third_party.glm.test.gtx' is explicitly added
          to the `packages` configuration field.

          Alternatively, you can also rely on setuptools' discovery methods
          (for example by using `find_namespace_packages(...)`/`find_namespace:`
          instead of `find_packages(...)`/`find:`).

          You can read more about "package discovery" on setuptools documentation page:

          - https://setuptools.pypa.io/en/latest/userguide/package_discovery.html

          If you don't want 'gsplat.cuda.csrc.third_party.glm.test.gtx' to be distributed and are
          already explicitly excluding 'gsplat.cuda.csrc.third_party.glm.test.gtx' via
          `find_namespace_packages(...)/find_namespace` or `find_packages(...)/find`,
          you can try to use `exclude_package_data`, or `include-package-data=False` in
          combination with a more fine grained `package-data` configuration.

          You can read more about "package data files" on setuptools documentation page:

          - https://setuptools.pypa.io/en/latest/userguide/datafiles.html


          [^1]: For Python, any directory (with suitable naming) can be imported,
                even if it does not contain any `.py` files.
                On the other hand, currently there is no concept of package data
                directory, all directories are treated like packages.
          ********************************************************************************

  !!
    check.warn(importable)
  /home/bkai/miniconda3/envs/gsplat/lib/python3.10/site-packages/setuptools/command/build_py.py:215: _Warning: Package 'gsplat.cuda.csrc.third_party.glm.test.perf' is absent from the `packages` configuration.
  !!

          ********************************************************************************
          ############################
          # Package would be ignored #
          ############################
          Python recognizes 'gsplat.cuda.csrc.third_party.glm.test.perf' as an importable package[^1],
          but it is absent from setuptools' `packages` configuration.

          This leads to an ambiguous overall configuration. If you want to distribute this
          package, please make sure that 'gsplat.cuda.csrc.third_party.glm.test.perf' is explicitly added
          to the `packages` configuration field.

          Alternatively, you can also rely on setuptools' discovery methods
          (for example by using `find_namespace_packages(...)`/`find_namespace:`
          instead of `find_packages(...)`/`find:`).

          You can read more about "package discovery" on setuptools documentation page:

          - https://setuptools.pypa.io/en/latest/userguide/package_discovery.html

          If you don't want 'gsplat.cuda.csrc.third_party.glm.test.perf' to be distributed and are
          already explicitly excluding 'gsplat.cuda.csrc.third_party.glm.test.perf' via
          `find_namespace_packages(...)/find_namespace` or `find_packages(...)/find`,
          you can try to use `exclude_package_data`, or `include-package-data=False` in
          combination with a more fine grained `package-data` configuration.

          You can read more about "package data files" on setuptools documentation page:

          - https://setuptools.pypa.io/en/latest/userguide/datafiles.html


          [^1]: For Python, any directory (with suitable naming) can be imported,
                even if it does not contain any `.py` files.
                On the other hand, currently there is no concept of package data
                directory, all directories are treated like packages.
          ********************************************************************************

  !!
    check.warn(importable)
  /home/bkai/miniconda3/envs/gsplat/lib/python3.10/site-packages/setuptools/command/build_py.py:215: _Warning: Package 'gsplat.cuda.csrc.third_party.glm.util' is absent from the `packages` configuration.
  !!

          ********************************************************************************
          ############################
          # Package would be ignored #
          ############################
          Python recognizes 'gsplat.cuda.csrc.third_party.glm.util' as an importable package[^1],
          but it is absent from setuptools' `packages` configuration.

          This leads to an ambiguous overall configuration. If you want to distribute this
          package, please make sure that 'gsplat.cuda.csrc.third_party.glm.util' is explicitly added
          to the `packages` configuration field.

          Alternatively, you can also rely on setuptools' discovery methods
          (for example by using `find_namespace_packages(...)`/`find_namespace:`
          instead of `find_packages(...)`/`find:`).

          You can read more about "package discovery" on setuptools documentation page:

          - https://setuptools.pypa.io/en/latest/userguide/package_discovery.html

          If you don't want 'gsplat.cuda.csrc.third_party.glm.util' to be distributed and are
          already explicitly excluding 'gsplat.cuda.csrc.third_party.glm.util' via
          `find_namespace_packages(...)/find_namespace` or `find_packages(...)/find`,
          you can try to use `exclude_package_data`, or `include-package-data=False` in
          combination with a more fine grained `package-data` configuration.

          You can read more about "package data files" on setuptools documentation page:

          - https://setuptools.pypa.io/en/latest/userguide/datafiles.html


          [^1]: For Python, any directory (with suitable naming) can be imported,
                even if it does not contain any `.py` files.
                On the other hand, currently there is no concept of package data
                directory, all directories are treated like packages.
          ********************************************************************************

  !!
    check.warn(importable)
  /home/bkai/miniconda3/envs/gsplat/lib/python3.10/site-packages/setuptools/command/build_py.py:215: _Warning: Package 'gsplat.cuda.include' is absent from the `packages` configuration.
  !!

          ********************************************************************************
          ############################
          # Package would be ignored #
          ############################
          Python recognizes 'gsplat.cuda.include' as an importable package[^1],
          but it is absent from setuptools' `packages` configuration.

          This leads to an ambiguous overall configuration. If you want to distribute this
          package, please make sure that 'gsplat.cuda.include' is explicitly added
          to the `packages` configuration field.

          Alternatively, you can also rely on setuptools' discovery methods
          (for example by using `find_namespace_packages(...)`/`find_namespace:`
          instead of `find_packages(...)`/`find:`).

          You can read more about "package discovery" on setuptools documentation page:

          - https://setuptools.pypa.io/en/latest/userguide/package_discovery.html

          If you don't want 'gsplat.cuda.include' to be distributed and are
          already explicitly excluding 'gsplat.cuda.include' via
          `find_namespace_packages(...)/find_namespace` or `find_packages(...)/find`,
          you can try to use `exclude_package_data`, or `include-package-data=False` in
          combination with a more fine grained `package-data` configuration.

          You can read more about "package data files" on setuptools documentation page:

          - https://setuptools.pypa.io/en/latest/userguide/datafiles.html


          [^1]: For Python, any directory (with suitable naming) can be imported,
                even if it does not contain any `.py` files.
                On the other hand, currently there is no concept of package data
                directory, all directories are treated like packages.
          ********************************************************************************

  !!
    check.warn(importable)
  /home/bkai/miniconda3/envs/gsplat/lib/python3.10/site-packages/setuptools/command/build_py.py:215: _Warning: Package 'gsplat.experimental.render.kernels.cuda.__pycache__' is absent from the `packages` configuration.
  !!

          ********************************************************************************
          ############################
          # Package would be ignored #
          ############################
          Python recognizes 'gsplat.experimental.render.kernels.cuda.__pycache__' as an importable package[^1],
          but it is absent from setuptools' `packages` configuration.

          This leads to an ambiguous overall configuration. If you want to distribute this
          package, please make sure that 'gsplat.experimental.render.kernels.cuda.__pycache__' is explicitly added
          to the `packages` configuration field.

          Alternatively, you can also rely on setuptools' discovery methods
          (for example by using `find_namespace_packages(...)`/`find_namespace:`
          instead of `find_packages(...)`/`find:`).

          You can read more about "package discovery" on setuptools documentation page:

          - https://setuptools.pypa.io/en/latest/userguide/package_discovery.html

          If you don't want 'gsplat.experimental.render.kernels.cuda.__pycache__' to be distributed and are
          already explicitly excluding 'gsplat.experimental.render.kernels.cuda.__pycache__' via
          `find_namespace_packages(...)/find_namespace` or `find_packages(...)/find`,
          you can try to use `exclude_package_data`, or `include-package-data=False` in
          combination with a more fine grained `package-data` configuration.

          You can read more about "package data files" on setuptools documentation page:

          - https://setuptools.pypa.io/en/latest/userguide/datafiles.html


          [^1]: For Python, any directory (with suitable naming) can be imported,
                even if it does not contain any `.py` files.
                On the other hand, currently there is no concept of package data
                directory, all directories are treated like packages.
          ********************************************************************************

  !!
    check.warn(importable)
  /home/bkai/miniconda3/envs/gsplat/lib/python3.10/site-packages/setuptools/command/build_py.py:215: _Warning: Package 'gsplat.experimental.render.kernels.cuda.csrc.gaussian_inference' is absent from the `packages` configuration.
  !!

          ********************************************************************************
          ############################
          # Package would be ignored #
          ############################
          Python recognizes 'gsplat.experimental.render.kernels.cuda.csrc.gaussian_inference' as an importable package[^1],
          but it is absent from setuptools' `packages` configuration.

          This leads to an ambiguous overall configuration. If you want to distribute this
          package, please make sure that 'gsplat.experimental.render.kernels.cuda.csrc.gaussian_inference' is explicitly added
          to the `packages` configuration field.

          Alternatively, you can also rely on setuptools' discovery methods
          (for example by using `find_namespace_packages(...)`/`find_namespace:`
          instead of `find_packages(...)`/`find:`).

          You can read more about "package discovery" on setuptools documentation page:

          - https://setuptools.pypa.io/en/latest/userguide/package_discovery.html

          If you don't want 'gsplat.experimental.render.kernels.cuda.csrc.gaussian_inference' to be distributed and are
          already explicitly excluding 'gsplat.experimental.render.kernels.cuda.csrc.gaussian_inference' via
          `find_namespace_packages(...)/find_namespace` or `find_packages(...)/find`,
          you can try to use `exclude_package_data`, or `include-package-data=False` in
          combination with a more fine grained `package-data` configuration.

          You can read more about "package data files" on setuptools documentation page:

          - https://setuptools.pypa.io/en/latest/userguide/datafiles.html


          [^1]: For Python, any directory (with suitable naming) can be imported,
                even if it does not contain any `.py` files.
                On the other hand, currently there is no concept of package data
                directory, all directories are treated like packages.
          ********************************************************************************

  !!
    check.warn(importable)
  /home/bkai/miniconda3/envs/gsplat/lib/python3.10/site-packages/setuptools/command/build_py.py:215: _Warning: Package 'gsplat.geometry.kernels.cuda.csrc' is absent from the `packages` configuration.
  !!

          ********************************************************************************
          ############################
          # Package would be ignored #
          ############################
          Python recognizes 'gsplat.geometry.kernels.cuda.csrc' as an importable package[^1],
          but it is absent from setuptools' `packages` configuration.

          This leads to an ambiguous overall configuration. If you want to distribute this
          package, please make sure that 'gsplat.geometry.kernels.cuda.csrc' is explicitly added
          to the `packages` configuration field.

          Alternatively, you can also rely on setuptools' discovery methods
          (for example by using `find_namespace_packages(...)`/`find_namespace:`
          instead of `find_packages(...)`/`find:`).

          You can read more about "package discovery" on setuptools documentation page:

          - https://setuptools.pypa.io/en/latest/userguide/package_discovery.html

          If you don't want 'gsplat.geometry.kernels.cuda.csrc' to be distributed and are
          already explicitly excluding 'gsplat.geometry.kernels.cuda.csrc' via
          `find_namespace_packages(...)/find_namespace` or `find_packages(...)/find`,
          you can try to use `exclude_package_data`, or `include-package-data=False` in
          combination with a more fine grained `package-data` configuration.

          You can read more about "package data files" on setuptools documentation page:

          - https://setuptools.pypa.io/en/latest/userguide/datafiles.html


          [^1]: For Python, any directory (with suitable naming) can be imported,
                even if it does not contain any `.py` files.
                On the other hand, currently there is no concept of package data
                directory, all directories are treated like packages.
          ********************************************************************************

  !!
    check.warn(importable)
  /home/bkai/miniconda3/envs/gsplat/lib/python3.10/site-packages/setuptools/command/build_py.py:215: _Warning: Package 'gsplat.scene.kernels.cuda.csrc' is absent from the `packages` configuration.
  !!

          ********************************************************************************
          ############################
          # Package would be ignored #
          ############################
          Python recognizes 'gsplat.scene.kernels.cuda.csrc' as an importable package[^1],
          but it is absent from setuptools' `packages` configuration.

          This leads to an ambiguous overall configuration. If you want to distribute this
          package, please make sure that 'gsplat.scene.kernels.cuda.csrc' is explicitly added
          to the `packages` configuration field.

          Alternatively, you can also rely on setuptools' discovery methods
          (for example by using `find_namespace_packages(...)`/`find_namespace:`
          instead of `find_packages(...)`/`find:`).

          You can read more about "package discovery" on setuptools documentation page:

          - https://setuptools.pypa.io/en/latest/userguide/package_discovery.html

          If you don't want 'gsplat.scene.kernels.cuda.csrc' to be distributed and are
          already explicitly excluding 'gsplat.scene.kernels.cuda.csrc' via
          `find_namespace_packages(...)/find_namespace` or `find_packages(...)/find`,
          you can try to use `exclude_package_data`, or `include-package-data=False` in
          combination with a more fine grained `package-data` configuration.

          You can read more about "package data files" on setuptools documentation page:

          - https://setuptools.pypa.io/en/latest/userguide/datafiles.html


          [^1]: For Python, any directory (with suitable naming) can be imported,
                even if it does not contain any `.py` files.
                On the other hand, currently there is no concept of package data
                directory, all directories are treated like packages.
          ********************************************************************************

  !!
    check.warn(importable)
  /home/bkai/miniconda3/envs/gsplat/lib/python3.10/site-packages/setuptools/command/build_py.py:215: _Warning: Package 'gsplat.sensors.kernels.cuda.csrc' is absent from the `packages` configuration.
  !!

          ********************************************************************************
          ############################
          # Package would be ignored #
          ############################
          Python recognizes 'gsplat.sensors.kernels.cuda.csrc' as an importable package[^1],
          but it is absent from setuptools' `packages` configuration.

          This leads to an ambiguous overall configuration. If you want to distribute this
          package, please make sure that 'gsplat.sensors.kernels.cuda.csrc' is explicitly added
          to the `packages` configuration field.

          Alternatively, you can also rely on setuptools' discovery methods
          (for example by using `find_namespace_packages(...)`/`find_namespace:`
          instead of `find_packages(...)`/`find:`).

          You can read more about "package discovery" on setuptools documentation page:

          - https://setuptools.pypa.io/en/latest/userguide/package_discovery.html

          If you don't want 'gsplat.sensors.kernels.cuda.csrc' to be distributed and are
          already explicitly excluding 'gsplat.sensors.kernels.cuda.csrc' via
          `find_namespace_packages(...)/find_namespace` or `find_packages(...)/find`,
          you can try to use `exclude_package_data`, or `include-package-data=False` in
          combination with a more fine grained `package-data` configuration.

          You can read more about "package data files" on setuptools documentation page:

          - https://setuptools.pypa.io/en/latest/userguide/datafiles.html


          [^1]: For Python, any directory (with suitable naming) can be imported,
                even if it does not contain any `.py` files.
                On the other hand, currently there is no concept of package data
                directory, all directories are treated like packages.
          ********************************************************************************

  !!
    check.warn(importable)
  copying gsplat/cuda/ext.cpp -> build/lib.linux-x86_64-cpython-310/gsplat/cuda
  creating build/lib.linux-x86_64-cpython-310/gsplat/cuda/csrc
  copying gsplat/cuda/csrc/Adam.cpp -> build/lib.linux-x86_64-cpython-310/gsplat/cuda/csrc
  copying gsplat/cuda/csrc/Adam.h -> build/lib.linux-x86_64-cpython-310/gsplat/cuda/csrc
  copying gsplat/cuda/csrc/AdamCUDA.cu -> build/lib.linux-x86_64-cpython-310/gsplat/cuda/csrc
  copying gsplat/cuda/csrc/CameraWrappers.cu -> build/lib.linux-x86_64-cpython-310/gsplat/cuda/csrc
  copying gsplat/cuda/csrc/Config.h -> build/lib.linux-x86_64-cpython-310/gsplat/cuda/csrc
  copying gsplat/cuda/csrc/DistributedCollectives.cpp -> build/lib.linux-x86_64-cpython-310/gsplat/cuda/csrc
  copying gsplat/cuda/csrc/DistributedCollectives.h -> build/lib.linux-x86_64-cpython-310/gsplat/cuda/csrc
  copying gsplat/cuda/csrc/ExternalDistortionWrappers.cu -> build/lib.linux-x86_64-cpython-310/gsplat/cuda/csrc
  copying gsplat/cuda/csrc/GaussianLosses.cpp -> build/lib.linux-x86_64-cpython-310/gsplat/cuda/csrc
  copying gsplat/cuda/csrc/GaussianLosses.h -> build/lib.linux-x86_64-cpython-310/gsplat/cuda/csrc
  copying gsplat/cuda/csrc/GaussianLossesCUDA.cu -> build/lib.linux-x86_64-cpython-310/gsplat/cuda/csrc
  copying gsplat/cuda/csrc/Intersect.cpp -> build/lib.linux-x86_64-cpython-310/gsplat/cuda/csrc
  copying gsplat/cuda/csrc/Intersect.h -> build/lib.linux-x86_64-cpython-310/gsplat/cuda/csrc
  copying gsplat/cuda/csrc/IntersectTile.cu -> build/lib.linux-x86_64-cpython-310/gsplat/cuda/csrc
  copying gsplat/cuda/csrc/IntersectTileLidar.cu -> build/lib.linux-x86_64-cpython-310/gsplat/cuda/csrc
  copying gsplat/cuda/csrc/IntersectTileSparse.cu -> build/lib.linux-x86_64-cpython-310/gsplat/cuda/csrc
  copying gsplat/cuda/csrc/Lidar.cpp -> build/lib.linux-x86_64-cpython-310/gsplat/cuda/csrc
  copying gsplat/cuda/csrc/MCMCPerturb.cpp -> build/lib.linux-x86_64-cpython-310/gsplat/cuda/csrc
  copying gsplat/cuda/csrc/MCMCPerturb.h -> build/lib.linux-x86_64-cpython-310/gsplat/cuda/csrc
  copying gsplat/cuda/csrc/MCMCPerturbCUDA.cu -> build/lib.linux-x86_64-cpython-310/gsplat/cuda/csrc
  copying gsplat/cuda/csrc/MathUtils.h -> build/lib.linux-x86_64-cpython-310/gsplat/cuda/csrc
  copying gsplat/cuda/csrc/Null.cpp -> build/lib.linux-x86_64-cpython-310/gsplat/cuda/csrc
  copying gsplat/cuda/csrc/Null.h -> build/lib.linux-x86_64-cpython-310/gsplat/cuda/csrc
  copying gsplat/cuda/csrc/NullCUDA.cu -> build/lib.linux-x86_64-cpython-310/gsplat/cuda/csrc
  copying gsplat/cuda/csrc/PrimingChainEncoding.cu -> build/lib.linux-x86_64-cpython-310/gsplat/cuda/csrc
  copying gsplat/cuda/csrc/PrimingChainEncoding.cuh -> build/lib.linux-x86_64-cpython-310/gsplat/cuda/csrc
  copying gsplat/cuda/csrc/PrimingChainEncoding.h -> build/lib.linux-x86_64-cpython-310/gsplat/cuda/csrc
  copying gsplat/cuda/csrc/Projection.cpp -> build/lib.linux-x86_64-cpython-310/gsplat/cuda/csrc
  copying gsplat/cuda/csrc/Projection.h -> build/lib.linux-x86_64-cpython-310/gsplat/cuda/csrc
  copying gsplat/cuda/csrc/Projection2DGS.cuh -> build/lib.linux-x86_64-cpython-310/gsplat/cuda/csrc
  copying gsplat/cuda/csrc/Projection2DGSFused.cu -> build/lib.linux-x86_64-cpython-310/gsplat/cuda/csrc
  copying gsplat/cuda/csrc/Projection2DGSPacked.cu -> build/lib.linux-x86_64-cpython-310/gsplat/cuda/csrc
  copying gsplat/cuda/csrc/ProjectionEWA3DGSFused.cu -> build/lib.linux-x86_64-cpython-310/gsplat/cuda/csrc
  copying gsplat/cuda/csrc/ProjectionEWA3DGSPacked.cu -> build/lib.linux-x86_64-cpython-310/gsplat/cuda/csrc
  copying gsplat/cuda/csrc/ProjectionEWASimple.cu -> build/lib.linux-x86_64-cpython-310/gsplat/cuda/csrc
  copying gsplat/cuda/csrc/ProjectionUT3DGSFused.cu -> build/lib.linux-x86_64-cpython-310/gsplat/cuda/csrc
  copying gsplat/cuda/csrc/QuatScaleToCovar.cpp -> build/lib.linux-x86_64-cpython-310/gsplat/cuda/csrc
  copying gsplat/cuda/csrc/QuatScaleToCovar.h -> build/lib.linux-x86_64-cpython-310/gsplat/cuda/csrc
  copying gsplat/cuda/csrc/QuatScaleToCovarCUDA.cu -> build/lib.linux-x86_64-cpython-310/gsplat/cuda/csrc
  copying gsplat/cuda/csrc/Rasterization.cpp -> build/lib.linux-x86_64-cpython-310/gsplat/cuda/csrc
  copying gsplat/cuda/csrc/Rasterization.h -> build/lib.linux-x86_64-cpython-310/gsplat/cuda/csrc
  copying gsplat/cuda/csrc/RasterizeCSR.cuh -> build/lib.linux-x86_64-cpython-310/gsplat/cuda/csrc
  copying gsplat/cuda/csrc/RasterizeContributingCommon.cuh -> build/lib.linux-x86_64-cpython-310/gsplat/cuda/csrc
  copying gsplat/cuda/csrc/RasterizeContributingCommonSparse.cuh -> build/lib.linux-x86_64-cpython-310/gsplat/cuda/csrc
  copying gsplat/cuda/csrc/RasterizeContributingGaussianIds.cu -> build/lib.linux-x86_64-cpython-310/gsplat/cuda/csrc
  copying gsplat/cuda/csrc/RasterizeContributingLaunch.cuh -> build/lib.linux-x86_64-cpython-310/gsplat/cuda/csrc
  copying gsplat/cuda/csrc/RasterizeNumContributingGaussians.cu -> build/lib.linux-x86_64-cpython-310/gsplat/cuda/csrc
  copying gsplat/cuda/csrc/RasterizeSparseAddressing.cuh -> build/lib.linux-x86_64-cpython-310/gsplat/cuda/csrc
  copying gsplat/cuda/csrc/RasterizeToIndices2DGSSerialBatch.cu -> build/lib.linux-x86_64-cpython-310/gsplat/cuda/csrc
  copying gsplat/cuda/csrc/RasterizeToIndices3DGSSerialBatch.cu -> build/lib.linux-x86_64-cpython-310/gsplat/cuda/csrc
  copying gsplat/cuda/csrc/RasterizeToPixels2DGSSerialBatchBwd.cu -> build/lib.linux-x86_64-cpython-310/gsplat/cuda/csrc
  copying gsplat/cuda/csrc/RasterizeToPixels2DGSSerialBatchFwd.cu -> build/lib.linux-x86_64-cpython-310/gsplat/cuda/csrc
  copying gsplat/cuda/csrc/RasterizeToPixels3DGSDevice.cuh -> build/lib.linux-x86_64-cpython-310/gsplat/cuda/csrc
  copying gsplat/cuda/csrc/RasterizeToPixels3DGSSerialBatchBwd.cu -> build/lib.linux-x86_64-cpython-310/gsplat/cuda/csrc
  copying gsplat/cuda/csrc/RasterizeToPixels3DGSSerialBatchFwd.cu -> build/lib.linux-x86_64-cpython-310/gsplat/cuda/csrc
  copying gsplat/cuda/csrc/RasterizeToPixelsFromWorld3DGS.cuh -> build/lib.linux-x86_64-cpython-310/gsplat/cuda/csrc
  copying gsplat/cuda/csrc/RasterizeToPixelsFromWorld3DGS.h -> build/lib.linux-x86_64-cpython-310/gsplat/cuda/csrc
  copying gsplat/cuda/csrc/RasterizeToPixelsFromWorld3DGSParallelBatchBwd.cu -> build/lib.linux-x86_64-cpython-310/gsplat/cuda/csrc
  copying gsplat/cuda/csrc/RasterizeToPixelsFromWorld3DGSParallelBatchFwd.cu -> build/lib.linux-x86_64-cpython-310/gsplat/cuda/csrc
  copying gsplat/cuda/csrc/RasterizeToPixelsFromWorld3DGSSerialBatchFwd.cu -> build/lib.linux-x86_64-cpython-310/gsplat/cuda/csrc
  copying gsplat/cuda/csrc/RasterizeToPixelsSparseBwd.cu -> build/lib.linux-x86_64-cpython-310/gsplat/cuda/csrc
  copying gsplat/cuda/csrc/RasterizeToPixelsSparseFwd.cu -> build/lib.linux-x86_64-cpython-310/gsplat/cuda/csrc
  copying gsplat/cuda/csrc/RasterizeTopContributingGaussianIds.cu -> build/lib.linux-x86_64-cpython-310/gsplat/cuda/csrc
  copying gsplat/cuda/csrc/Relocation.cpp -> build/lib.linux-x86_64-cpython-310/gsplat/cuda/csrc
  copying gsplat/cuda/csrc/Relocation.h -> build/lib.linux-x86_64-cpython-310/gsplat/cuda/csrc
  copying gsplat/cuda/csrc/RelocationCUDA.cu -> build/lib.linux-x86_64-cpython-310/gsplat/cuda/csrc
  copying gsplat/cuda/csrc/Rendering.cpp -> build/lib.linux-x86_64-cpython-310/gsplat/cuda/csrc
  copying gsplat/cuda/csrc/SparseTileLayout.cu -> build/lib.linux-x86_64-cpython-310/gsplat/cuda/csrc
  copying gsplat/cuda/csrc/SphericalHarmonics.cpp -> build/lib.linux-x86_64-cpython-310/gsplat/cuda/csrc
  copying gsplat/cuda/csrc/SphericalHarmonics.h -> build/lib.linux-x86_64-cpython-310/gsplat/cuda/csrc
  copying gsplat/cuda/csrc/SphericalHarmonicsCUDA.cu -> build/lib.linux-x86_64-cpython-310/gsplat/cuda/csrc
  copying gsplat/cuda/csrc/TensorView.h -> build/lib.linux-x86_64-cpython-310/gsplat/cuda/csrc
  copying gsplat/cuda/csrc/Utils.cpp -> build/lib.linux-x86_64-cpython-310/gsplat/cuda/csrc
  creating build/lib.linux-x86_64-cpython-310/gsplat/cuda/csrc/third_party/glm
  copying gsplat/cuda/csrc/third_party/glm/.git -> build/lib.linux-x86_64-cpython-310/gsplat/cuda/csrc/third_party/glm
  copying gsplat/cuda/csrc/third_party/glm/.gitignore -> build/lib.linux-x86_64-cpython-310/gsplat/cuda/csrc/third_party/glm
  copying gsplat/cuda/csrc/third_party/glm/CMakeLists.txt -> build/lib.linux-x86_64-cpython-310/gsplat/cuda/csrc/third_party/glm
  copying gsplat/cuda/csrc/third_party/glm/copying.txt -> build/lib.linux-x86_64-cpython-310/gsplat/cuda/csrc/third_party/glm
  copying gsplat/cuda/csrc/third_party/glm/manual.md -> build/lib.linux-x86_64-cpython-310/gsplat/cuda/csrc/third_party/glm
  copying gsplat/cuda/csrc/third_party/glm/readme.md -> build/lib.linux-x86_64-cpython-310/gsplat/cuda/csrc/third_party/glm
  creating build/lib.linux-x86_64-cpython-310/gsplat/cuda/csrc/third_party/glm/.github/workflows
  copying gsplat/cuda/csrc/third_party/glm/.github/workflows/ci.yml -> build/lib.linux-x86_64-cpython-310/gsplat/cuda/csrc/third_party/glm/.github/workflows
  copying gsplat/cuda/csrc/third_party/glm/.github/workflows/make_light_release.yml -> build/lib.linux-x86_64-cpython-310/gsplat/cuda/csrc/third_party/glm/.github/workflows
  creating build/lib.linux-x86_64-cpython-310/gsplat/cuda/csrc/third_party/glm/cmake
  copying gsplat/cuda/csrc/third_party/glm/cmake/cmake_uninstall.cmake.in -> build/lib.linux-x86_64-cpython-310/gsplat/cuda/csrc/third_party/glm/cmake
  creating build/lib.linux-x86_64-cpython-310/gsplat/cuda/csrc/third_party/glm/doc
  copying gsplat/cuda/csrc/third_party/glm/doc/man.doxy -> build/lib.linux-x86_64-cpython-310/gsplat/cuda/csrc/third_party/glm/doc
  copying gsplat/cuda/csrc/third_party/glm/doc/manual.pdf -> build/lib.linux-x86_64-cpython-310/gsplat/cuda/csrc/third_party/glm/doc
  creating build/lib.linux-x86_64-cpython-310/gsplat/cuda/csrc/third_party/glm/doc/api
  copying gsplat/cuda/csrc/third_party/glm/doc/api/a00002.html -> build/lib.linux-x86_64-cpython-310/gsplat/cuda/csrc/third_party/glm/doc/api
  copying gsplat/cuda/csrc/third_party/glm/doc/api/a00002_source.html -> build/lib.linux-x86_64-cpython-310/gsplat/cuda/csrc/third_party/glm/doc/api
  copying gsplat/cuda/csrc/third_party/glm/doc/api/a00005_source.html -> build/lib.linux-x86_64-cpython-310/gsplat/cuda/csrc/third_party/glm/doc/api
  copying gsplat/cuda/csrc/third_party/glm/doc/api/a00008_source.html -> build/lib.linux-x86_64-cpython-310/gsplat/cuda/csrc/third_party/glm/doc/api
  copying gsplat/cuda/csrc/third_party/glm/doc/api/a00011_source.html -> build/lib.linux-x86_64-cpython-310/gsplat/cuda/csrc/third_party/glm/doc/api
  copying gsplat/cuda/csrc/third_party/glm/doc/api/a00014_source.html -> build/lib.linux-x86_64-cpython-310/gsplat/cuda/csrc/third_party/glm/doc/api
  copying gsplat/cuda/csrc/third_party/glm/doc/api/a00017_source.html -> build/lib.linux-x86_64-cpython-310/gsplat/cuda/csrc/third_party/glm/doc/api
  copying gsplat/cuda/csrc/third_party/glm/doc/api/a00020_source.html -> build/lib.linux-x86_64-cpython-310/gsplat/cuda/csrc/third_party/glm/doc/api
  copying gsplat/cuda/csrc/third_party/glm/doc/api/a00023_source.html -> build/lib.linux-x86_64-cpython-310/gsplat/cuda/csrc/third_party/glm/doc/api
  copying gsplat/cuda/csrc/third_party/glm/doc/api/a00026_source.html -> build/lib.linux-x86_64-cpython-310/gsplat/cuda/csrc/third_party/glm/doc/api
  copying gsplat/cuda/csrc/third_party/glm/doc/api/a00029_source.html -> build/lib.linux-x86_64-cpython-310/gsplat/cuda/csrc/third_party/glm/doc/api
  copying gsplat/cuda/csrc/third_party/glm/doc/api/a00032_source.html -> build/lib.linux-x86_64-cpython-310/gsplat/cuda/csrc/third_party/glm/doc/api
  copying gsplat/cuda/csrc/third_party/glm/doc/api/a00035_source.html -> build/lib.linux-x86_64-cpython-310/gsplat/cuda/csrc/third_party/glm/doc/api
  copying gsplat/cuda/csrc/third_party/glm/doc/api/a00038_source.html -> build/lib.linux-x86_64-cpython-310/gsplat/cuda/csrc/third_party/glm/doc/api
  copying gsplat/cuda/csrc/third_party/glm/doc/api/a00041.html -> build/lib.linux-x86_64-cpython-310/gsplat/cuda/csrc/third_party/glm/doc/api
  copying gsplat/cuda/csrc/third_party/glm/doc/api/a00041_source.html -> build/lib.linux-x86_64-cpython-310/gsplat/cuda/csrc/third_party/glm/doc/api
  copying gsplat/cuda/csrc/third_party/glm/doc/api/a00044.html -> build/lib.linux-x86_64-cpython-310/gsplat/cuda/csrc/third_party/glm/doc/api
  copying gsplat/cuda/csrc/third_party/glm/doc/api/a00044_source.html -> build/lib.linux-x86_64-cpython-310/gsplat/cuda/csrc/third_party/glm/doc/api
  copying gsplat/cuda/csrc/third_party/glm/doc/api/a00047.html -> build/lib.linux-x86_64-cpython-310/gsplat/cuda/csrc/third_party/glm/doc/api
  copying gsplat/cuda/csrc/third_party/glm/doc/api/a00047_source.html -> build/lib.linux-x86_64-cpython-310/gsplat/cuda/csrc/third_party/glm/doc/api
  copying gsplat/cuda/csrc/third_party/glm/doc/api/a00050.html -> build/lib.linux-x86_64-cpython-310/gsplat/cuda/csrc/third_party/glm/doc/api
  copying gsplat/cuda/csrc/third_party/glm/doc/api/a00050_source.html -> build/lib.linux-x86_64-cpython-310/gsplat/cuda/csrc/third_party/glm/doc/api
  copying gsplat/cuda/csrc/third_party/glm/doc/api/a00053.html -> build/lib.linux-x86_64-cpython-310/gsplat/cuda/csrc/third_party/glm/doc/api
  copying gsplat/cuda/csrc/third_party/glm/doc/api/a00053_source.html -> build/lib.linux-x86_64-cpython-310/gsplat/cuda/csrc/third_party/glm/doc/api
  copying gsplat/cuda/csrc/third_party/glm/doc/api/a00056.html -> build/lib.linux-x86_64-cpython-310/gsplat/cuda/csrc/third_party/glm/doc/api
  copying gsplat/cuda/csrc/third_party/glm/doc/api/a00056_source.html -> build/lib.linux-x86_64-cpython-310/gsplat/cuda/csrc/third_party/glm/doc/api
  copying gsplat/cuda/csrc/third_party/glm/doc/api/a00059.html -> build/lib.linux-x86_64-cpython-310/gsplat/cuda/csrc/third_party/glm/doc/api
  copying gsplat/cuda/csrc/third_party/glm/doc/api/a00059_source.html -> build/lib.linux-x86_64-cpython-310/gsplat/cuda/csrc/third_party/glm/doc/api
  copying gsplat/cuda/csrc/third_party/glm/doc/api/a00062.html -> build/lib.linux-x86_64-cpython-310/gsplat/cuda/csrc/third_party/glm/doc/api
  copying gsplat/cuda/csrc/third_party/glm/doc/api/a00062_source.html -> build/lib.linux-x86_64-cpython-310/gsplat/cuda/csrc/third_party/glm/doc/api
  copying gsplat/cuda/csrc/third_party/glm/doc/api/a00065.html -> build/lib.linux-x86_64-cpython-310/gsplat/cuda/csrc/third_party/glm/doc/api
  copying gsplat/cuda/csrc/third_party/glm/doc/api/a00065_source.html -> build/lib.linux-x86_64-cpython-310/gsplat/cuda/csrc/third_party/glm/doc/api
  copying gsplat/cuda/csrc/third_party/glm/doc/api/a00068.html -> build/lib.linux-x86_64-cpython-310/gsplat/cuda/csrc/third_party/glm/doc/api
  copying gsplat/cuda/csrc/third_party/glm/doc/api/a00068_source.html -> build/lib.linux-x86_64-cpython-310/gsplat/cuda/csrc/third_party/glm/doc/api
  copying gsplat/cuda/csrc/third_party/glm/doc/api/a00071.html -> build/lib.linux-x86_64-cpython-310/gsplat/cuda/csrc/third_party/glm/doc/api
  copying gsplat/cuda/csrc/third_party/glm/doc/api/a00071_source.html -> build/lib.linux-x86_64-cpython-310/gsplat/cuda/csrc/third_party/glm/doc/api
  copying gsplat/cuda/csrc/third_party/glm/doc/api/a00074.html -> build/lib.linux-x86_64-cpython-310/gsplat/cuda/csrc/third_party/glm/doc/api
  copying gsplat/cuda/csrc/third_party/glm/doc/api/a00074_source.html -> build/lib.linux-x86_64-cpython-310/gsplat/cuda/csrc/third_party/glm/doc/api
  copying gsplat/cuda/csrc/third_party/glm/doc/api/a00077.html -> build/lib.linux-x86_64-cpython-310/gsplat/cuda/csrc/third_party/glm/doc/api
  copying gsplat/cuda/csrc/third_party/glm/doc/api/a00077_source.html -> build/lib.linux-x86_64-cpython-310/gsplat/cuda/csrc/third_party/glm/doc/api
  copying gsplat/cuda/csrc/third_party/glm/doc/api/a00080.html -> build/lib.linux-x86_64-cpython-310/gsplat/cuda/csrc/third_party/glm/doc/api
  copying gsplat/cuda/csrc/third_party/glm/doc/api/a00080_source.html -> build/lib.linux-x86_64-cpython-310/gsplat/cuda/csrc/third_party/glm/doc/api
  copying gsplat/cuda/csrc/third_party/glm/doc/api/a00083.html -> build/lib.linux-x86_64-cpython-310/gsplat/cuda/csrc/third_party/glm/doc/api
  copying gsplat/cuda/csrc/third_party/glm/doc/api/a00083_source.html -> build/lib.linux-x86_64-cpython-310/gsplat/cuda/csrc/third_party/glm/doc/api
  copying gsplat/cuda/csrc/third_party/glm/doc/api/a00086_source.html -> build/lib.linux-x86_64-cpython-310/gsplat/cuda/csrc/third_party/glm/doc/api
  copying gsplat/cuda/csrc/third_party/glm/doc/api/a00089.html -> build/lib.linux-x86_64-cpython-310/gsplat/cuda/csrc/third_party/glm/doc/api
  copying gsplat/cuda/csrc/third_party/glm/doc/api/a00089_source.html -> build/lib.linux-x86_64-cpython-310/gsplat/cuda/csrc/third_party/glm/doc/api
  copying gsplat/cuda/csrc/third_party/glm/doc/api/a00092.html -> build/lib.linux-x86_64-cpython-310/gsplat/cuda/csrc/third_party/glm/doc/api
  copying gsplat/cuda/csrc/third_party/glm/doc/api/a00092_source.html -> build/lib.linux-x86_64-cpython-310/gsplat/cuda/csrc/third_party/glm/doc/api
  copying gsplat/cuda/csrc/third_party/glm/doc/api/a00095.html -> build/lib.linux-x86_64-cpython-310/gsplat/cuda/csrc/third_party/glm/doc/api
  copying gsplat/cuda/csrc/third_party/glm/doc/api/a00095_source.html -> build/lib.linux-x86_64-cpython-310/gsplat/cuda/csrc/third_party/glm/doc/api
  copying gsplat/cuda/csrc/third_party/glm/doc/api/a00098.html -> build/lib.linux-x86_64-cpython-310/gsplat/cuda/csrc/third_party/glm/doc/api
  copying gsplat/cuda/csrc/third_party/glm/doc/api/a00098_source.html -> build/lib.linux-x86_64-cpython-310/gsplat/cuda/csrc/third_party/glm/doc/api
  copying gsplat/cuda/csrc/third_party/glm/doc/api/a00101.html -> build/lib.linux-x86_64-cpython-310/gsplat/cuda/csrc/third_party/glm/doc/api
  copying gsplat/cuda/csrc/third_party/glm/doc/api/a00101_source.html -> build/lib.linux-x86_64-cpython-310/gsplat/cuda/csrc/third_party/glm/doc/api
  copying gsplat/cuda/csrc/third_party/glm/doc/api/a00104.html -> build/lib.linux-x86_64-cpython-310/gsplat/cuda/csrc/third_party/glm/doc/api
  copying gsplat/cuda/csrc/third_party/glm/doc/api/a00104_source.html -> build/lib.linux-x86_64-cpython-310/gsplat/cuda/csrc/third_party/glm/doc/api
  copying gsplat/cuda/csrc/third_party/glm/doc/api/a00107.html -> build/lib.linux-x86_64-cpython-310/gsplat/cuda/csrc/third_party/glm/doc/api
  copying gsplat/cuda/csrc/third_party/glm/doc/api/a00107_source.html -> build/lib.linux-x86_64-cpython-310/gsplat/cuda/csrc/third_party/glm/doc/api
  copying gsplat/cuda/csrc/third_party/glm/doc/api/a00110.html -> build/lib.linux-x86_64-cpython-310/gsplat/cuda/csrc/third_party/glm/doc/api
  copying gsplat/cuda/csrc/third_party/glm/doc/api/a00110_source.html -> build/lib.linux-x86_64-cpython-310/gsplat/cuda/csrc/third_party/glm/doc/api
  copying gsplat/cuda/csrc/third_party/glm/doc/api/a00113.html -> build/lib.linux-x86_64-cpython-310/gsplat/cuda/csrc/third_party/glm/doc/api
  copying gsplat/cuda/csrc/third_party/glm/doc/api/a00113_source.html -> build/lib.linux-x86_64-cpython-310/gsplat/cuda/csrc/third_party/glm/doc/api
  copying gsplat/cuda/csrc/third_party/glm/doc/api/a00116.html -> build/lib.linux-x86_64-cpython-310/gsplat/cuda/csrc/third_party/glm/doc/api
  copying gsplat/cuda/csrc/third_party/glm/doc/api/a00116_source.html -> build/lib.linux-x86_64-cpython-310/gsplat/cuda/csrc/third_party/glm/doc/api
  copying gsplat/cuda/csrc/third_party/glm/doc/api/a00119.html -> build/lib.linux-x86_64-cpython-310/gsplat/cuda/csrc/third_party/glm/doc/api
  copying gsplat/cuda/csrc/third_party/glm/doc/api/a00119_source.html -> build/lib.linux-x86_64-cpython-310/gsplat/cuda/csrc/third_party/glm/doc/api
  copying gsplat/cuda/csrc/third_party/glm/doc/api/a00122.html -> build/lib.linux-x86_64-cpython-310/gsplat/cuda/csrc/third_party/glm/doc/api
  copying gsplat/cuda/csrc/third_party/glm/doc/api/a00122_source.html -> build/lib.linux-x86_64-cpython-310/gsplat/cuda/csrc/third_party/glm/doc/api
  copying gsplat/cuda/csrc/third_party/glm/doc/api/a00125.html -> build/lib.linux-x86_64-cpython-310/gsplat/cuda/csrc/third_party/glm/doc/api
  copying gsplat/cuda/csrc/third_party/glm/doc/api/a00125_source.html -> build/lib.linux-x86_64-cpython-310/gsplat/cuda/csrc/third_party/glm/doc/api
  copying gsplat/cuda/csrc/third_party/glm/doc/api/a00128.html -> build/lib.linux-x86_64-cpython-310/gsplat/cuda/csrc/third_party/glm/doc/api
  copying gsplat/cuda/csrc/third_party/glm/doc/api/a00128_source.html -> build/lib.linux-x86_64-cpython-310/gsplat/cuda/csrc/third_party/glm/doc/api
  copying gsplat/cuda/csrc/third_party/glm/doc/api/a00131.html -> build/lib.linux-x86_64-cpython-310/gsplat/cuda/csrc/third_party/glm/doc/api
  copying gsplat/cuda/csrc/third_party/glm/doc/api/a00131_source.html -> build/lib.linux-x86_64-cpython-310/gsplat/cuda/csrc/third_party/glm/doc/api
  copying gsplat/cuda/csrc/third_party/glm/doc/api/a00134.html -> build/lib.linux-x86_64-cpython-310/gsplat/cuda/csrc/third_party/glm/doc/api
  copying gsplat/cuda/csrc/third_party/glm/doc/api/a00134_source.html -> build/lib.linux-x86_64-cpython-310/gsplat/cuda/csrc/third_party/glm/doc/api
  copying gsplat/cuda/csrc/third_party/glm/doc/api/a00137.html -> build/lib.linux-x86_64-cpython-310/gsplat/cuda/csrc/third_party/glm/doc/api
  copying gsplat/cuda/csrc/third_party/glm/doc/api/a00137_source.html -> build/lib.linux-x86_64-cpython-310/gsplat/cuda/csrc/third_party/glm/doc/api
  copying gsplat/cuda/csrc/third_party/glm/doc/api/a00140.html -> build/lib.linux-x86_64-cpython-310/gsplat/cuda/csrc/third_party/glm/doc/api
  copying gsplat/cuda/csrc/third_party/glm/doc/api/a00140_source.html -> build/lib.linux-x86_64-cpython-310/gsplat/cuda/csrc/third_party/glm/doc/api
  copying gsplat/cuda/csrc/third_party/glm/doc/api/a00143.html -> build/lib.linux-x86_64-cpython-310/gsplat/cuda/csrc/third_party/glm/doc/api
  copying gsplat/cuda/csrc/third_party/glm/doc/api/a00143_source.html -> build/lib.linux-x86_64-cpython-310/gsplat/cuda/csrc/third_party/glm/doc/api
  copying gsplat/cuda/csrc/third_party/glm/doc/api/a00146.html -> build/lib.linux-x86_64-cpython-310/gsplat/cuda/csrc/third_party/glm/doc/api
  copying gsplat/cuda/csrc/third_party/glm/doc/api/a00146_source.html -> build/lib.linux-x86_64-cpython-310/gsplat/cuda/csrc/third_party/glm/doc/api
  copying gsplat/cuda/csrc/third_party/glm/doc/api/a00149.html -> build/lib.linux-x86_64-cpython-310/gsplat/cuda/csrc/third_party/glm/doc/api
  copying gsplat/cuda/csrc/third_party/glm/doc/api/a00149_source.html -> build/lib.linux-x86_64-cpython-310/gsplat/cuda/csrc/third_party/glm/doc/api
  copying gsplat/cuda/csrc/third_party/glm/doc/api/a00152.html -> build/lib.linux-x86_64-cpython-310/gsplat/cuda/csrc/third_party/glm/doc/api
  copying gsplat/cuda/csrc/third_party/glm/doc/api/a00152_source.html -> build/lib.linux-x86_64-cpython-310/gsplat/cuda/csrc/third_party/glm/doc/api
  copying gsplat/cuda/csrc/third_party/glm/doc/api/a00155.html -> build/lib.linux-x86_64-cpython-310/gsplat/cuda/csrc/third_party/glm/doc/api
  copying gsplat/cuda/csrc/third_party/glm/doc/api/a00155_source.html -> build/lib.linux-x86_64-cpython-310/gsplat/cuda/csrc/third_party/glm/doc/api
  copying gsplat/cuda/csrc/third_party/glm/doc/api/a00158.html -> build/lib.linux-x86_64-cpython-310/gsplat/cuda/csrc/third_party/glm/doc/api
  copying gsplat/cuda/csrc/third_party/glm/doc/api/a00158_source.html -> build/lib.linux-x86_64-cpython-310/gsplat/cuda/csrc/third_party/glm/doc/api
  copying gsplat/cuda/csrc/third_party/glm/doc/api/a00161.html -> build/lib.linux-x86_64-cpython-310/gsplat/cuda/csrc/third_party/glm/doc/api
  copying gsplat/cuda/csrc/third_party/glm/doc/api/a00161_source.html -> build/lib.linux-x86_64-cpython-310/gsplat/cuda/csrc/third_party/glm/doc/api
  copying gsplat/cuda/csrc/third_party/glm/doc/api/a00164.html -> build/lib.linux-x86_64-cpython-310/gsplat/cuda/csrc/third_party/glm/doc/api
  copying gsplat/cuda/csrc/third_party/glm/doc/api/a00164_source.html -> build/lib.linux-x86_64-cpython-310/gsplat/cuda/csrc/third_party/glm/doc/api
  copying gsplat/cuda/csrc/third_party/glm/doc/api/a00167.html -> build/lib.linux-x86_64-cpython-310/gsplat/cuda/csrc/third_party/glm/doc/api
  copying gsplat/cuda/csrc/third_party/glm/doc/api/a00167_source.html -> build/lib.linux-x86_64-cpython-310/gsplat/cuda/csrc/third_party/glm/doc/api
  copying gsplat/cuda/csrc/third_party/glm/doc/api/a00170.html -> build/lib.linux-x86_64-cpython-310/gsplat/cuda/csrc/third_party/glm/doc/api
  copying gsplat/cuda/csrc/third_party/glm/doc/api/a00170_source.html -> build/lib.linux-x86_64-cpython-310/gsplat/cuda/csrc/third_party/glm/doc/api
  copying gsplat/cuda/csrc/third_party/glm/doc/api/a00173.html -> build/lib.linux-x86_64-cpython-310/gsplat/cuda/csrc/third_party/glm/doc/api
  copying gsplat/cuda/csrc/third_party/glm/doc/api/a00173_source.html -> build/lib.linux-x86_64-cpython-310/gsplat/cuda/csrc/third_party/glm/doc/api
  copying gsplat/cuda/csrc/third_party/glm/doc/api/a00176.html -> build/lib.linux-x86_64-cpython-310/gsplat/cuda/csrc/third_party/glm/doc/api
  copying gsplat/cuda/csrc/third_party/glm/doc/api/a00176_source.html -> build/lib.linux-x86_64-cpython-310/gsplat/cuda/csrc/third_party/glm/doc/api
  copying gsplat/cuda/csrc/third_party/glm/doc/api/a00179.html -> build/lib.linux-x86_64-cpython-310/gsplat/cuda/csrc/third_party/glm/doc/api
  copying gsplat/cuda/csrc/third_party/glm/doc/api/a00179_source.html -> build/lib.linux-x86_64-cpython-310/gsplat/cuda/csrc/third_party/glm/doc/api
  copying gsplat/cuda/csrc/third_party/glm/doc/api/a00182.html -> build/lib.linux-x86_64-cpython-310/gsplat/cuda/csrc/third_party/glm/doc/api
  copying gsplat/cuda/csrc/third_party/glm/doc/api/a00182_source.html -> build/lib.linux-x86_64-cpython-310/gsplat/cuda/csrc/third_party/glm/doc/api
  copying gsplat/cuda/csrc/third_party/glm/doc/api/a00185.html -> build/lib.linux-x86_64-cpython-310/gsplat/cuda/csrc/third_party/glm/doc/api
  copying gsplat/cuda/csrc/third_party/glm/doc/api/a00185_source.html -> build/lib.linux-x86_64-cpython-310/gsplat/cuda/csrc/third_party/glm/doc/api
  copying gsplat/cuda/csrc/third_party/glm/doc/api/a00188_source.html -> build/lib.linux-x86_64-cpython-310/gsplat/cuda/csrc/third_party/glm/doc/api
  copying gsplat/cuda/csrc/third_party/glm/doc/api/a00191.html -> build/lib.linux-x86_64-cpython-310/gsplat/cuda/csrc/third_party/glm/doc/api
  copying gsplat/cuda/csrc/third_party/glm/doc/api/a00191_source.html -> build/lib.linux-x86_64-cpython-310/gsplat/cuda/csrc/third_party/glm/doc/api
  copying gsplat/cuda/csrc/third_party/glm/doc/api/a00194.html -> build/lib.linux-x86_64-cpython-310/gsplat/cuda/csrc/third_party/glm/doc/api
  copying gsplat/cuda/csrc/third_party/glm/doc/api/a00194_source.html -> build/lib.linux-x86_64-cpython-310/gsplat/cuda/csrc/third_party/glm/doc/api
  copying gsplat/cuda/csrc/third_party/glm/doc/api/a00197.html -> build/lib.linux-x86_64-cpython-310/gsplat/cuda/csrc/third_party/glm/doc/api
  copying gsplat/cuda/csrc/third_party/glm/doc/api/a00197_source.html -> build/lib.linux-x86_64-cpython-310/gsplat/cuda/csrc/third_party/glm/doc/api
  copying gsplat/cuda/csrc/third_party/glm/doc/api/a00200.html -> build/lib.linux-x86_64-cpython-310/gsplat/cuda/csrc/third_party/glm/doc/api
  copying gsplat/cuda/csrc/third_party/glm/doc/api/a00200_source.html -> build/lib.linux-x86_64-cpython-310/gsplat/cuda/csrc/third_party/glm/doc/api
  copying gsplat/cuda/csrc/third_party/glm/doc/api/a00203.html -> build/lib.linux-x86_64-cpython-310/gsplat/cuda/csrc/third_party/glm/doc/api
  copying gsplat/cuda/csrc/third_party/glm/doc/api/a00203_source.html -> build/lib.linux-x86_64-cpython-310/gsplat/cuda/csrc/third_party/glm/doc/api
  copying gsplat/cuda/csrc/third_party/glm/doc/api/a00206.html -> build/lib.linux-x86_64-cpython-310/gsplat/cuda/csrc/third_party/glm/doc/api
  copying gsplat/cuda/csrc/third_party/glm/doc/api/a00206_source.html -> build/lib.linux-x86_64-cpython-310/gsplat/cuda/csrc/third_party/glm/doc/api
  copying gsplat/cuda/csrc/third_party/glm/doc/api/a00209.html -> build/lib.linux-x86_64-cpython-310/gsplat/cuda/csrc/third_party/glm/doc/api
  copying gsplat/cuda/csrc/third_party/glm/doc/api/a00209_source.html -> build/lib.linux-x86_64-cpython-310/gsplat/cuda/csrc/third_party/glm/doc/api
  copying gsplat/cuda/csrc/third_party/glm/doc/api/a00212.html -> build/lib.linux-x86_64-cpython-310/gsplat/cuda/csrc/third_party/glm/doc/api
  copying gsplat/cuda/csrc/third_party/glm/doc/api/a00212_source.html -> build/lib.linux-x86_64-cpython-310/gsplat/cuda/csrc/third_party/glm/doc/api
  copying gsplat/cuda/csrc/third_party/glm/doc/api/a00215.html -> build/lib.linux-x86_64-cpython-310/gsplat/cuda/csrc/third_party/glm/doc/api
  copying gsplat/cuda/csrc/third_party/glm/doc/api/a00215_source.html -> build/lib.linux-x86_64-cpython-310/gsplat/cuda/csrc/third_party/glm/doc/api
  copying gsplat/cuda/csrc/third_party/glm/doc/api/a00218.html -> build/lib.linux-x86_64-cpython-310/gsplat/cuda/csrc/third_party/glm/doc/api
  copying gsplat/cuda/csrc/third_party/glm/doc/api/a00218_source.html -> build/lib.linux-x86_64-cpython-310/gsplat/cuda/csrc/third_party/glm/doc/api
  copying gsplat/cuda/csrc/third_party/glm/doc/api/a00221.html -> build/lib.linux-x86_64-cpython-310/gsplat/cuda/csrc/third_party/glm/doc/api
  copying gsplat/cuda/csrc/third_party/glm/doc/api/a00221_source.html -> build/lib.linux-x86_64-cpython-310/gsplat/cuda/csrc/third_party/glm/doc/api
  copying gsplat/cuda/csrc/third_party/glm/doc/api/a00224.html -> build/lib.linux-x86_64-cpython-310/gsplat/cuda/csrc/third_party/glm/doc/api
  copying gsplat/cuda/csrc/third_party/glm/doc/api/a00224_source.html -> build/lib.linux-x86_64-cpython-310/gsplat/cuda/csrc/third_party/glm/doc/api
  copying gsplat/cuda/csrc/third_party/glm/doc/api/a00227.html -> build/lib.linux-x86_64-cpython-310/gsplat/cuda/csrc/third_party/glm/doc/api
  copying gsplat/cuda/csrc/third_party/glm/doc/api/a00227_source.html -> build/lib.linux-x86_64-cpython-310/gsplat/cuda/csrc/third_party/glm/doc/api
  copying gsplat/cuda/csrc/third_party/glm/doc/api/a00230.html -> build/lib.linux-x86_64-cpython-310/gsplat/cuda/csrc/third_party/glm/doc/api
  copying gsplat/cuda/csrc/third_party/glm/doc/api/a00230_source.html -> build/lib.linux-x86_64-cpython-310/gsplat/cuda/csrc/third_party/glm/doc/api
  copying gsplat/cuda/csrc/third_party/glm/doc/api/a00233.html -> build/lib.linux-x86_64-cpython-310/gsplat/cuda/csrc/third_party/glm/doc/api
  copying gsplat/cuda/csrc/third_party/glm/doc/api/a00233_source.html -> build/lib.linux-x86_64-cpython-310/gsplat/cuda/csrc/third_party/glm/doc/api
  copying gsplat/cuda/csrc/third_party/glm/doc/api/a00236_source.html -> build/lib.linux-x86_64-cpython-310/gsplat/cuda/csrc/third_party/glm/doc/api
  copying gsplat/cuda/csrc/third_party/glm/doc/api/a00239.html -> build/lib.linux-x86_64-cpython-310/gsplat/cuda/csrc/third_party/glm/doc/api
  copying gsplat/cuda/csrc/third_party/glm/doc/api/a00239_source.html -> build/lib.linux-x86_64-cpython-310/gsplat/cuda/csrc/third_party/glm/doc/api
  copying gsplat/cuda/csrc/third_party/glm/doc/api/a00242.html -> build/lib.linux-x86_64-cpython-310/gsplat/cuda/csrc/third_party/glm/doc/api
  copying gsplat/cuda/csrc/third_party/glm/doc/api/a00242_source.html -> build/lib.linux-x86_64-cpython-310/gsplat/cuda/csrc/third_party/glm/doc/api
  copying gsplat/cuda/csrc/third_party/glm/doc/api/a00245.html -> build/lib.linux-x86_64-cpython-310/gsplat/cuda/csrc/third_party/glm/doc/api
  copying gsplat/cuda/csrc/third_party/glm/doc/api/a00245_source.html -> build/lib.linux-x86_64-cpython-310/gsplat/cuda/csrc/third_party/glm/doc/api
  copying gsplat/cuda/csrc/third_party/glm/doc/api/a00248.html -> build/lib.linux-x86_64-cpython-310/gsplat/cuda/csrc/third_party/glm/doc/api
  copying gsplat/cuda/csrc/third_party/glm/doc/api/a00248_source.html -> build/lib.linux-x86_64-cpython-310/gsplat/cuda/csrc/third_party/glm/doc/api
  copying gsplat/cuda/csrc/third_party/glm/doc/api/a00251.html -> build/lib.linux-x86_64-cpython-310/gsplat/cuda/csrc/third_party/glm/doc/api
  copying gsplat/cuda/csrc/third_party/glm/doc/api/a00251_source.html -> build/lib.linux-x86_64-cpython-310/gsplat/cuda/csrc/third_party/glm/doc/api
  copying gsplat/cuda/csrc/third_party/glm/doc/api/a00254.html -> build/lib.linux-x86_64-cpython-310/gsplat/cuda/csrc/third_party/glm/doc/api
  copying gsplat/cuda/csrc/third_party/glm/doc/api/a00254_source.html -> build/lib.linux-x86_64-cpython-310/gsplat/cuda/csrc/third_party/glm/doc/api
  copying gsplat/cuda/csrc/third_party/glm/doc/api/a00260.html -> build/lib.linux-x86_64-cpython-310/gsplat/cuda/csrc/third_party/glm/doc/api
  copying gsplat/cuda/csrc/third_party/glm/doc/api/a00260_source.html -> build/lib.linux-x86_64-cpython-310/gsplat/cuda/csrc/third_party/glm/doc/api
  copying gsplat/cuda/csrc/third_party/glm/doc/api/a00263.html -> build/lib.linux-x86_64-cpython-310/gsplat/cuda/csrc/third_party/glm/doc/api
  copying gsplat/cuda/csrc/third_party/glm/doc/api/a00263_source.html -> build/lib.linux-x86_64-cpython-310/gsplat/cuda/csrc/third_party/glm/doc/api
  copying gsplat/cuda/csrc/third_party/glm/doc/api/a00269.html -> build/lib.linux-x86_64-cpython-310/gsplat/cuda/csrc/third_party/glm/doc/api
  copying gsplat/cuda/csrc/third_party/glm/doc/api/a00269_source.html -> build/lib.linux-x86_64-cpython-310/gsplat/cuda/csrc/third_party/glm/doc/api
  copying gsplat/cuda/csrc/third_party/glm/doc/api/a00272.html -> build/lib.linux-x86_64-cpython-310/gsplat/cuda/csrc/third_party/glm/doc/api
  copying gsplat/cuda/csrc/third_party/glm/doc/api/a00272_source.html -> build/lib.linux-x86_64-cpython-310/gsplat/cuda/csrc/third_party/glm/doc/api
  copying gsplat/cuda/csrc/third_party/glm/doc/api/a00275.html -> build/lib.linux-x86_64-cpython-310/gsplat/cuda/csrc/third_party/glm/doc/api
  copying gsplat/cuda/csrc/third_party/glm/doc/api/a00275_source.html -> build/lib.linux-x86_64-cpython-310/gsplat/cuda/csrc/third_party/glm/doc/api
  copying gsplat/cuda/csrc/third_party/glm/doc/api/a00278.html -> build/lib.linux-x86_64-cpython-310/gsplat/cuda/csrc/third_party/glm/doc/api
  copying gsplat/cuda/csrc/third_party/glm/doc/api/a00278_source.html -> build/lib.linux-x86_64-cpython-310/gsplat/cuda/csrc/third_party/glm/doc/api
  copying gsplat/cuda/csrc/third_party/glm/doc/api/a00281.html -> build/lib.linux-x86_64-cpython-310/gsplat/cuda/csrc/third_party/glm/doc/api
  copying gsplat/cuda/csrc/third_party/glm/doc/api/a00281_source.html -> build/lib.linux-x86_64-cpython-310/gsplat/cuda/csrc/third_party/glm/doc/api
  copying gsplat/cuda/csrc/third_party/glm/doc/api/a00284.html -> build/lib.linux-x86_64-cpython-310/gsplat/cuda/csrc/third_party/glm/doc/api
  copying gsplat/cuda/csrc/third_party/glm/doc/api/a00284_source.html -> build/lib.linux-x86_64-cpython-310/gsplat/cuda/csrc/third_party/glm/doc/api
  copying gsplat/cuda/csrc/third_party/glm/doc/api/a00287.html -> build/lib.linux-x86_64-cpython-310/gsplat/cuda/csrc/third_party/glm/doc/api
  copying gsplat/cuda/csrc/third_party/glm/doc/api/a00287_source.html -> build/lib.linux-x86_64-cpython-310/gsplat/cuda/csrc/third_party/glm/doc/api
  copying gsplat/cuda/csrc/third_party/glm/doc/api/a00290.html -> build/lib.linux-x86_64-cpython-310/gsplat/cuda/csrc/third_party/glm/doc/api
  copying gsplat/cuda/csrc/third_party/glm/doc/api/a00290_source.html -> build/lib.linux-x86_64-cpython-310/gsplat/cuda/csrc/third_party/glm/doc/api
  copying gsplat/cuda/csrc/third_party/glm/doc/api/a00293.html -> build/lib.linux-x86_64-cpython-310/gsplat/cuda/csrc/third_party/glm/doc/api
  copying gsplat/cuda/csrc/third_party/glm/doc/api/a00293_source.html -> build/lib.linux-x86_64-cpython-310/gsplat/cuda/csrc/third_party/glm/doc/api
  copying gsplat/cuda/csrc/third_party/glm/doc/api/a00296.html -> build/lib.linux-x86_64-cpython-310/gsplat/cuda/csrc/third_party/glm/doc/api
  copying gsplat/cuda/csrc/third_party/glm/doc/api/a00296_source.html -> build/lib.linux-x86_64-cpython-310/gsplat/cuda/csrc/third_party/glm/doc/api
  copying gsplat/cuda/csrc/third_party/glm/doc/api/a00299.html -> build/lib.linux-x86_64-cpython-310/gsplat/cuda/csrc/third_party/glm/doc/api
  copying gsplat/cuda/csrc/third_party/glm/doc/api/a00299_source.html -> build/lib.linux-x86_64-cpython-310/gsplat/cuda/csrc/third_party/glm/doc/api
  copying gsplat/cuda/csrc/third_party/glm/doc/api/a00302_source.html -> build/lib.linux-x86_64-cpython-310/gsplat/cuda/csrc/third_party/glm/doc/api
  copying gsplat/cuda/csrc/third_party/glm/doc/api/a00305.html -> build/lib.linux-x86_64-cpython-310/gsplat/cuda/csrc/third_party/glm/doc/api
  copying gsplat/cuda/csrc/third_party/glm/doc/api/a00305_source.html -> build/lib.linux-x86_64-cpython-310/gsplat/cuda/csrc/third_party/glm/doc/api
  copying gsplat/cuda/csrc/third_party/glm/doc/api/a00308.html -> build/lib.linux-x86_64-cpython-310/gsplat/cuda/csrc/third_party/glm/doc/api
  copying gsplat/cuda/csrc/third_party/glm/doc/api/a00308_source.html -> build/lib.linux-x86_64-cpython-310/gsplat/cuda/csrc/third_party/glm/doc/api
  copying gsplat/cuda/csrc/third_party/glm/doc/api/a00311.html -> build/lib.linux-x86_64-cpython-310/gsplat/cuda/csrc/third_party/glm/doc/api
  copying gsplat/cuda/csrc/third_party/glm/doc/api/a00311_source.html -> build/lib.linux-x86_64-cpython-310/gsplat/cuda/csrc/third_party/glm/doc/api
  copying gsplat/cuda/csrc/third_party/glm/doc/api/a00314.html -> build/lib.linux-x86_64-cpython-310/gsplat/cuda/csrc/third_party/glm/doc/api
  copying gsplat/cuda/csrc/third_party/glm/doc/api/a00314_source.html -> build/lib.linux-x86_64-cpython-310/gsplat/cuda/csrc/third_party/glm/doc/api
  copying gsplat/cuda/csrc/third_party/glm/doc/api/a00317.html -> build/lib.linux-x86_64-cpython-310/gsplat/cuda/csrc/third_party/glm/doc/api
  copying gsplat/cuda/csrc/third_party/glm/doc/api/a00317_source.html -> build/lib.linux-x86_64-cpython-310/gsplat/cuda/csrc/third_party/glm/doc/api
  copying gsplat/cuda/csrc/third_party/glm/doc/api/a00320.html -> build/lib.linux-x86_64-cpython-310/gsplat/cuda/csrc/third_party/glm/doc/api
  copying gsplat/cuda/csrc/third_party/glm/doc/api/a00320_source.html -> build/lib.linux-x86_64-cpython-310/gsplat/cuda/csrc/third_party/glm/doc/api
  copying gsplat/cuda/csrc/third_party/glm/doc/api/a00323.html -> build/lib.linux-x86_64-cpython-310/gsplat/cuda/csrc/third_party/glm/doc/api
  copying gsplat/cuda/csrc/third_party/glm/doc/api/a00323_source.html -> build/lib.linux-x86_64-cpython-310/gsplat/cuda/csrc/third_party/glm/doc/api
  copying gsplat/cuda/csrc/third_party/glm/doc/api/a00326.html -> build/lib.linux-x86_64-cpython-310/gsplat/cuda/csrc/third_party/glm/doc/api
  copying gsplat/cuda/csrc/third_party/glm/doc/api/a00326_source.html -> build/lib.linux-x86_64-cpython-310/gsplat/cuda/csrc/third_party/glm/doc/api
  copying gsplat/cuda/csrc/third_party/glm/doc/api/a00329.html -> build/lib.linux-x86_64-cpython-310/gsplat/cuda/csrc/third_party/glm/doc/api
  copying gsplat/cuda/csrc/third_party/glm/doc/api/a00329_source.html -> build/lib.linux-x86_64-cpython-310/gsplat/cuda/csrc/third_party/glm/doc/api
  copying gsplat/cuda/csrc/third_party/glm/doc/api/a00332.html -> build/lib.linux-x86_64-cpython-310/gsplat/cuda/csrc/third_party/glm/doc/api
  copying gsplat/cuda/csrc/third_party/glm/doc/api/a00332_source.html -> build/lib.linux-x86_64-cpython-310/gsplat/cuda/csrc/third_party/glm/doc/api
  copying gsplat/cuda/csrc/third_party/glm/doc/api/a00335.html -> build/lib.linux-x86_64-cpython-310/gsplat/cuda/csrc/third_party/glm/doc/api
  copying gsplat/cuda/csrc/third_party/glm/doc/api/a00335_source.html -> build/lib.linux-x86_64-cpython-310/gsplat/cuda/csrc/third_party/glm/doc/api
  copying gsplat/cuda/csrc/third_party/glm/doc/api/a00338.html -> build/lib.linux-x86_64-cpython-310/gsplat/cuda/csrc/third_party/glm/doc/api
  copying gsplat/cuda/csrc/third_party/glm/doc/api/a00338_source.html -> build/lib.linux-x86_64-cpython-310/gsplat/cuda/csrc/third_party/glm/doc/api
  copying gsplat/cuda/csrc/third_party/glm/doc/api/a00341.html -> build/lib.linux-x86_64-cpython-310/gsplat/cuda/csrc/third_party/glm/doc/api
  copying gsplat/cuda/csrc/third_party/glm/doc/api/a00341_source.html -> build/lib.linux-x86_64-cpython-310/gsplat/cuda/csrc/third_party/glm/doc/api
  copying gsplat/cuda/csrc/third_party/glm/doc/api/a00344.html -> build/lib.linux-x86_64-cpython-310/gsplat/cuda/csrc/third_party/glm/doc/api
  copying gsplat/cuda/csrc/third_party/glm/doc/api/a00344_source.html -> build/lib.linux-x86_64-cpython-310/gsplat/cuda/csrc/third_party/glm/doc/api
  copying gsplat/cuda/csrc/third_party/glm/doc/api/a00347.html -> build/lib.linux-x86_64-cpython-310/gsplat/cuda/csrc/third_party/glm/doc/api
  copying gsplat/cuda/csrc/third_party/glm/doc/api/a00347_source.html -> build/lib.linux-x86_64-cpython-310/gsplat/cuda/csrc/third_party/glm/doc/api
  copying gsplat/cuda/csrc/third_party/glm/doc/api/a00350.html -> build/lib.linux-x86_64-cpython-310/gsplat/cuda/csrc/third_party/glm/doc/api
  copying gsplat/cuda/csrc/third_party/glm/doc/api/a00350_source.html -> build/lib.linux-x86_64-cpython-310/gsplat/cuda/csrc/third_party/glm/doc/api
  copying gsplat/cuda/csrc/third_party/glm/doc/api/a00353.html -> build/lib.linux-x86_64-cpython-310/gsplat/cuda/csrc/third_party/glm/doc/api
  copying gsplat/cuda/csrc/third_party/glm/doc/api/a00353_source.html -> build/lib.linux-x86_64-cpython-310/gsplat/cuda/csrc/third_party/glm/doc/api
  copying gsplat/cuda/csrc/third_party/glm/doc/api/a00356.html -> build/lib.linux-x86_64-cpython-310/gsplat/cuda/csrc/third_party/glm/doc/api
  copying gsplat/cuda/csrc/third_party/glm/doc/api/a00356_source.html -> build/lib.linux-x86_64-cpython-310/gsplat/cuda/csrc/third_party/glm/doc/api
  copying gsplat/cuda/csrc/third_party/glm/doc/api/a00359.html -> build/lib.linux-x86_64-cpython-310/gsplat/cuda/csrc/third_party/glm/doc/api
  copying gsplat/cuda/csrc/third_party/glm/doc/api/a00359_source.html -> build/lib.linux-x86_64-cpython-310/gsplat/cuda/csrc/third_party/glm/doc/api
  copying gsplat/cuda/csrc/third_party/glm/doc/api/a00362.html -> build/lib.linux-x86_64-cpython-310/gsplat/cuda/csrc/third_party/glm/doc/api
  copying gsplat/cuda/csrc/third_party/glm/doc/api/a00362_source.html -> build/lib.linux-x86_64-cpython-310/gsplat/cuda/csrc/third_party/glm/doc/api
  copying gsplat/cuda/csrc/third_party/glm/doc/api/a00365.html -> build/lib.linux-x86_64-cpython-310/gsplat/cuda/csrc/third_party/glm/doc/api
  copying gsplat/cuda/csrc/third_party/glm/doc/api/a00365_source.html -> build/lib.linux-x86_64-cpython-310/gsplat/cuda/csrc/third_party/glm/doc/api
  copying gsplat/cuda/csrc/third_party/glm/doc/api/a00368.html -> build/lib.linux-x86_64-cpython-310/gsplat/cuda/csrc/third_party/glm/doc/api
  copying gsplat/cuda/csrc/third_party/glm/doc/api/a00368_source.html -> build/lib.linux-x86_64-cpython-310/gsplat/cuda/csrc/third_party/glm/doc/api
  copying gsplat/cuda/csrc/third_party/glm/doc/api/a00374.html -> build/lib.linux-x86_64-cpython-310/gsplat/cuda/csrc/third_party/glm/doc/api
  copying gsplat/cuda/csrc/third_party/glm/doc/api/a00374_source.html -> build/lib.linux-x86_64-cpython-310/gsplat/cuda/csrc/third_party/glm/doc/api
  copying gsplat/cuda/csrc/third_party/glm/doc/api/a00377.html -> build/lib.linux-x86_64-cpython-310/gsplat/cuda/csrc/third_party/glm/doc/api
  copying gsplat/cuda/csrc/third_party/glm/doc/api/a00377_source.html -> build/lib.linux-x86_64-cpython-310/gsplat/cuda/csrc/third_party/glm/doc/api
  copying gsplat/cuda/csrc/third_party/glm/doc/api/a00380.html -> build/lib.linux-x86_64-cpython-310/gsplat/cuda/csrc/third_party/glm/doc/api
  copying gsplat/cuda/csrc/third_party/glm/doc/api/a00380_source.html -> build/lib.linux-x86_64-cpython-310/gsplat/cuda/csrc/third_party/glm/doc/api
  copying gsplat/cuda/csrc/third_party/glm/doc/api/a00383.html -> build/lib.linux-x86_64-cpython-310/gsplat/cuda/csrc/third_party/glm/doc/api
  copying gsplat/cuda/csrc/third_party/glm/doc/api/a00383_source.html -> build/lib.linux-x86_64-cpython-310/gsplat/cuda/csrc/third_party/glm/doc/api
  copying gsplat/cuda/csrc/third_party/glm/doc/api/a00386.html -> build/lib.linux-x86_64-cpython-310/gsplat/cuda/csrc/third_party/glm/doc/api
  copying gsplat/cuda/csrc/third_party/glm/doc/api/a00386_source.html -> build/lib.linux-x86_64-cpython-310/gsplat/cuda/csrc/third_party/glm/doc/api
  copying gsplat/cuda/csrc/third_party/glm/doc/api/a00389.html -> build/lib.linux-x86_64-cpython-310/gsplat/cuda/csrc/third_party/glm/doc/api
  copying gsplat/cuda/csrc/third_party/glm/doc/api/a00389_source.html -> build/lib.linux-x86_64-cpython-310/gsplat/cuda/csrc/third_party/glm/doc/api
  copying gsplat/cuda/csrc/third_party/glm/doc/api/a00392.html -> build/lib.linux-x86_64-cpython-310/gsplat/cuda/csrc/third_party/glm/doc/api
  copying gsplat/cuda/csrc/third_party/glm/doc/api/a00392_source.html -> build/lib.linux-x86_64-cpython-310/gsplat/cuda/csrc/third_party/glm/doc/api
  copying gsplat/cuda/csrc/third_party/glm/doc/api/a00395.html -> build/lib.linux-x86_64-cpython-310/gsplat/cuda/csrc/third_party/glm/doc/api
  copying gsplat/cuda/csrc/third_party/glm/doc/api/a00395_source.html -> build/lib.linux-x86_64-cpython-310/gsplat/cuda/csrc/third_party/glm/doc/api
  copying gsplat/cuda/csrc/third_party/glm/doc/api/a00398.html -> build/lib.linux-x86_64-cpython-310/gsplat/cuda/csrc/third_party/glm/doc/api
  copying gsplat/cuda/csrc/third_party/glm/doc/api/a00398_source.html -> build/lib.linux-x86_64-cpython-310/gsplat/cuda/csrc/third_party/glm/doc/api
  copying gsplat/cuda/csrc/third_party/glm/doc/api/a00401.html -> build/lib.linux-x86_64-cpython-310/gsplat/cuda/csrc/third_party/glm/doc/api
  copying gsplat/cuda/csrc/third_party/glm/doc/api/a00401_source.html -> build/lib.linux-x86_64-cpython-310/gsplat/cuda/csrc/third_party/glm/doc/api
  copying gsplat/cuda/csrc/third_party/glm/doc/api/a00404.html -> build/lib.linux-x86_64-cpython-310/gsplat/cuda/csrc/third_party/glm/doc/api
  copying gsplat/cuda/csrc/third_party/glm/doc/api/a00404_source.html -> build/lib.linux-x86_64-cpython-310/gsplat/cuda/csrc/third_party/glm/doc/api
  copying gsplat/cuda/csrc/third_party/glm/doc/api/a00407.html -> build/lib.linux-x86_64-cpython-310/gsplat/cuda/csrc/third_party/glm/doc/api
  copying gsplat/cuda/csrc/third_party/glm/doc/api/a00407_source.html -> build/lib.linux-x86_64-cpython-310/gsplat/cuda/csrc/third_party/glm/doc/api
  copying gsplat/cuda/csrc/third_party/glm/doc/api/a00410.html -> build/lib.linux-x86_64-cpython-310/gsplat/cuda/csrc/third_party/glm/doc/api
  copying gsplat/cuda/csrc/third_party/glm/doc/api/a00410_source.html -> build/lib.linux-x86_64-cpython-310/gsplat/cuda/csrc/third_party/glm/doc/api
  copying gsplat/cuda/csrc/third_party/glm/doc/api/a00413.html -> build/lib.linux-x86_64-cpython-310/gsplat/cuda/csrc/third_party/glm/doc/api
  copying gsplat/cuda/csrc/third_party/glm/doc/api/a00413_source.html -> build/lib.linux-x86_64-cpython-310/gsplat/cuda/csrc/third_party/glm/doc/api
  copying gsplat/cuda/csrc/third_party/glm/doc/api/a00416.html -> build/lib.linux-x86_64-cpython-310/gsplat/cuda/csrc/third_party/glm/doc/api
  copying gsplat/cuda/csrc/third_party/glm/doc/api/a00416_source.html -> build/lib.linux-x86_64-cpython-310/gsplat/cuda/csrc/third_party/glm/doc/api
  copying gsplat/cuda/csrc/third_party/glm/doc/api/a00419.html -> build/lib.linux-x86_64-cpython-310/gsplat/cuda/csrc/third_party/glm/doc/api
  copying gsplat/cuda/csrc/third_party/glm/doc/api/a00419_source.html -> build/lib.linux-x86_64-cpython-310/gsplat/cuda/csrc/third_party/glm/doc/api
  copying gsplat/cuda/csrc/third_party/glm/doc/api/a00422.html -> build/lib.linux-x86_64-cpython-310/gsplat/cuda/csrc/third_party/glm/doc/api
  copying gsplat/cuda/csrc/third_party/glm/doc/api/a00422_source.html -> build/lib.linux-x86_64-cpython-310/gsplat/cuda/csrc/third_party/glm/doc/api
  copying gsplat/cuda/csrc/third_party/glm/doc/api/a00425.html -> build/lib.linux-x86_64-cpython-310/gsplat/cuda/csrc/third_party/glm/doc/api
  copying gsplat/cuda/csrc/third_party/glm/doc/api/a00425_source.html -> build/lib.linux-x86_64-cpython-310/gsplat/cuda/csrc/third_party/glm/doc/api
  copying gsplat/cuda/csrc/third_party/glm/doc/api/a00428.html -> build/lib.linux-x86_64-cpython-310/gsplat/cuda/csrc/third_party/glm/doc/api
  copying gsplat/cuda/csrc/third_party/glm/doc/api/a00428_source.html -> build/lib.linux-x86_64-cpython-310/gsplat/cuda/csrc/third_party/glm/doc/api
  copying gsplat/cuda/csrc/third_party/glm/doc/api/a00431.html -> build/lib.linux-x86_64-cpython-310/gsplat/cuda/csrc/third_party/glm/doc/api
  copying gsplat/cuda/csrc/third_party/glm/doc/api/a00431_source.html -> build/lib.linux-x86_64-cpython-310/gsplat/cuda/csrc/third_party/glm/doc/api
  copying gsplat/cuda/csrc/third_party/glm/doc/api/a00434.html -> build/lib.linux-x86_64-cpython-310/gsplat/cuda/csrc/third_party/glm/doc/api
  copying gsplat/cuda/csrc/third_party/glm/doc/api/a00434_source.html -> build/lib.linux-x86_64-cpython-310/gsplat/cuda/csrc/third_party/glm/doc/api
  copying gsplat/cuda/csrc/third_party/glm/doc/api/a00437.html -> build/lib.linux-x86_64-cpython-310/gsplat/cuda/csrc/third_party/glm/doc/api
  copying gsplat/cuda/csrc/third_party/glm/doc/api/a00437_source.html -> build/lib.linux-x86_64-cpython-310/gsplat/cuda/csrc/third_party/glm/doc/api
  copying gsplat/cuda/csrc/third_party/glm/doc/api/a00440.html -> build/lib.linux-x86_64-cpython-310/gsplat/cuda/csrc/third_party/glm/doc/api
  copying gsplat/cuda/csrc/third_party/glm/doc/api/a00440_source.html -> build/lib.linux-x86_64-cpython-310/gsplat/cuda/csrc/third_party/glm/doc/api
  copying gsplat/cuda/csrc/third_party/glm/doc/api/a00443.html -> build/lib.linux-x86_64-cpython-310/gsplat/cuda/csrc/third_party/glm/doc/api
  copying gsplat/cuda/csrc/third_party/glm/doc/api/a00443_source.html -> build/lib.linux-x86_64-cpython-310/gsplat/cuda/csrc/third_party/glm/doc/api
  copying gsplat/cuda/csrc/third_party/glm/doc/api/a00446.html -> build/lib.linux-x86_64-cpython-310/gsplat/cuda/csrc/third_party/glm/doc/api
  copying gsplat/cuda/csrc/third_party/glm/doc/api/a00446_source.html -> build/lib.linux-x86_64-cpython-310/gsplat/cuda/csrc/third_party/glm/doc/api
  copying gsplat/cuda/csrc/third_party/glm/doc/api/a00449.html -> build/lib.linux-x86_64-cpython-310/gsplat/cuda/csrc/third_party/glm/doc/api
  copying gsplat/cuda/csrc/third_party/glm/doc/api/a00449_source.html -> build/lib.linux-x86_64-cpython-310/gsplat/cuda/csrc/third_party/glm/doc/api
  copying gsplat/cuda/csrc/third_party/glm/doc/api/a00452.html -> build/lib.linux-x86_64-cpython-310/gsplat/cuda/csrc/third_party/glm/doc/api
  copying gsplat/cuda/csrc/third_party/glm/doc/api/a00452_source.html -> build/lib.linux-x86_64-cpython-310/gsplat/cuda/csrc/third_party/glm/doc/api
  copying gsplat/cuda/csrc/third_party/glm/doc/api/a00455.html -> build/lib.linux-x86_64-cpython-310/gsplat/cuda/csrc/third_party/glm/doc/api
  copying gsplat/cuda/csrc/third_party/glm/doc/api/a00455_source.html -> build/lib.linux-x86_64-cpython-310/gsplat/cuda/csrc/third_party/glm/doc/api
  copying gsplat/cuda/csrc/third_party/glm/doc/api/a00458.html -> build/lib.linux-x86_64-cpython-310/gsplat/cuda/csrc/third_party/glm/doc/api
  copying gsplat/cuda/csrc/third_party/glm/doc/api/a00458_source.html -> build/lib.linux-x86_64-cpython-310/gsplat/cuda/csrc/third_party/glm/doc/api
  copying gsplat/cuda/csrc/third_party/glm/doc/api/a00461.html -> build/lib.linux-x86_64-cpython-310/gsplat/cuda/csrc/third_party/glm/doc/api
  copying gsplat/cuda/csrc/third_party/glm/doc/api/a00461_source.html -> build/lib.linux-x86_64-cpython-310/gsplat/cuda/csrc/third_party/glm/doc/api
  copying gsplat/cuda/csrc/third_party/glm/doc/api/a00464.html -> build/lib.linux-x86_64-cpython-310/gsplat/cuda/csrc/third_party/glm/doc/api
  copying gsplat/cuda/csrc/third_party/glm/doc/api/a00464_source.html -> build/lib.linux-x86_64-cpython-310/gsplat/cuda/csrc/third_party/glm/doc/api
  copying gsplat/cuda/csrc/third_party/glm/doc/api/a00467.html -> build/lib.linux-x86_64-cpython-310/gsplat/cuda/csrc/third_party/glm/doc/api
  copying gsplat/cuda/csrc/third_party/glm/doc/api/a00467_source.html -> build/lib.linux-x86_64-cpython-310/gsplat/cuda/csrc/third_party/glm/doc/api
  copying gsplat/cuda/csrc/third_party/glm/doc/api/a00470.html -> build/lib.linux-x86_64-cpython-310/gsplat/cuda/csrc/third_party/glm/doc/api
  copying gsplat/cuda/csrc/third_party/glm/doc/api/a00470_source.html -> build/lib.linux-x86_64-cpython-310/gsplat/cuda/csrc/third_party/glm/doc/api
  copying gsplat/cuda/csrc/third_party/glm/doc/api/a00473.html -> build/lib.linux-x86_64-cpython-310/gsplat/cuda/csrc/third_party/glm/doc/api
  copying gsplat/cuda/csrc/third_party/glm/doc/api/a00473_source.html -> build/lib.linux-x86_64-cpython-310/gsplat/cuda/csrc/third_party/glm/doc/api
  copying gsplat/cuda/csrc/third_party/glm/doc/api/a00476.html -> build/lib.linux-x86_64-cpython-310/gsplat/cuda/csrc/third_party/glm/doc/api
  copying gsplat/cuda/csrc/third_party/glm/doc/api/a00476_source.html -> build/lib.linux-x86_64-cpython-310/gsplat/cuda/csrc/third_party/glm/doc/api
  copying gsplat/cuda/csrc/third_party/glm/doc/api/a00479.html -> build/lib.linux-x86_64-cpython-310/gsplat/cuda/csrc/third_party/glm/doc/api
  copying gsplat/cuda/csrc/third_party/glm/doc/api/a00479_source.html -> build/lib.linux-x86_64-cpython-310/gsplat/cuda/csrc/third_party/glm/doc/api
  copying gsplat/cuda/csrc/third_party/glm/doc/api/a00482.html -> build/lib.linux-x86_64-cpython-310/gsplat/cuda/csrc/third_party/glm/doc/api
  copying gsplat/cuda/csrc/third_party/glm/doc/api/a00482_source.html -> build/lib.linux-x86_64-cpython-310/gsplat/cuda/csrc/third_party/glm/doc/api
  copying gsplat/cuda/csrc/third_party/glm/doc/api/a00485.html -> build/lib.linux-x86_64-cpython-310/gsplat/cuda/csrc/third_party/glm/doc/api
  copying gsplat/cuda/csrc/third_party/glm/doc/api/a00485_source.html -> build/lib.linux-x86_64-cpython-310/gsplat/cuda/csrc/third_party/glm/doc/api
  copying gsplat/cuda/csrc/third_party/glm/doc/api/a00488.html -> build/lib.linux-x86_64-cpython-310/gsplat/cuda/csrc/third_party/glm/doc/api
  copying gsplat/cuda/csrc/third_party/glm/doc/api/a00488_source.html -> build/lib.linux-x86_64-cpython-310/gsplat/cuda/csrc/third_party/glm/doc/api
  copying gsplat/cuda/csrc/third_party/glm/doc/api/a00491.html -> build/lib.linux-x86_64-cpython-310/gsplat/cuda/csrc/third_party/glm/doc/api
  copying gsplat/cuda/csrc/third_party/glm/doc/api/a00491_source.html -> build/lib.linux-x86_64-cpython-310/gsplat/cuda/csrc/third_party/glm/doc/api
  copying gsplat/cuda/csrc/third_party/glm/doc/api/a00494.html -> build/lib.linux-x86_64-cpython-310/gsplat/cuda/csrc/third_party/glm/doc/api
  copying gsplat/cuda/csrc/third_party/glm/doc/api/a00494_source.html -> build/lib.linux-x86_64-cpython-310/gsplat/cuda/csrc/third_party/glm/doc/api
  copying gsplat/cuda/csrc/third_party/glm/doc/api/a00497.html -> build/lib.linux-x86_64-cpython-310/gsplat/cuda/csrc/third_party/glm/doc/api
  copying gsplat/cuda/csrc/third_party/glm/doc/api/a00497_source.html -> build/lib.linux-x86_64-cpython-310/gsplat/cuda/csrc/third_party/glm/doc/api
  copying gsplat/cuda/csrc/third_party/glm/doc/api/a00500.html -> build/lib.linux-x86_64-cpython-310/gsplat/cuda/csrc/third_party/glm/doc/api
  copying gsplat/cuda/csrc/third_party/glm/doc/api/a00500_source.html -> build/lib.linux-x86_64-cpython-310/gsplat/cuda/csrc/third_party/glm/doc/api
  copying gsplat/cuda/csrc/third_party/glm/doc/api/a00503.html -> build/lib.linux-x86_64-cpython-310/gsplat/cuda/csrc/third_party/glm/doc/api
  copying gsplat/cuda/csrc/third_party/glm/doc/api/a00503_source.html -> build/lib.linux-x86_64-cpython-310/gsplat/cuda/csrc/third_party/glm/doc/api
  copying gsplat/cuda/csrc/third_party/glm/doc/api/a00506.html -> build/lib.linux-x86_64-cpython-310/gsplat/cuda/csrc/third_party/glm/doc/api
  copying gsplat/cuda/csrc/third_party/glm/doc/api/a00506_source.html -> build/lib.linux-x86_64-cpython-310/gsplat/cuda/csrc/third_party/glm/doc/api
  copying gsplat/cuda/csrc/third_party/glm/doc/api/a00509.html -> build/lib.linux-x86_64-cpython-310/gsplat/cuda/csrc/third_party/glm/doc/api
  copying gsplat/cuda/csrc/third_party/glm/doc/api/a00509_source.html -> build/lib.linux-x86_64-cpython-310/gsplat/cuda/csrc/third_party/glm/doc/api
  copying gsplat/cuda/csrc/third_party/glm/doc/api/a00512.html -> build/lib.linux-x86_64-cpython-310/gsplat/cuda/csrc/third_party/glm/doc/api
  copying gsplat/cuda/csrc/third_party/glm/doc/api/a00512_source.html -> build/lib.linux-x86_64-cpython-310/gsplat/cuda/csrc/third_party/glm/doc/api
  copying gsplat/cuda/csrc/third_party/glm/doc/api/a00515.html -> build/lib.linux-x86_64-cpython-310/gsplat/cuda/csrc/third_party/glm/doc/api
  copying gsplat/cuda/csrc/third_party/glm/doc/api/a00515_source.html -> build/lib.linux-x86_64-cpython-310/gsplat/cuda/csrc/third_party/glm/doc/api
  copying gsplat/cuda/csrc/third_party/glm/doc/api/a00518.html -> build/lib.linux-x86_64-cpython-310/gsplat/cuda/csrc/third_party/glm/doc/api
  copying gsplat/cuda/csrc/third_party/glm/doc/api/a00518_source.html -> build/lib.linux-x86_64-cpython-310/gsplat/cuda/csrc/third_party/glm/doc/api
  copying gsplat/cuda/csrc/third_party/glm/doc/api/a00521_source.html -> build/lib.linux-x86_64-cpython-310/gsplat/cuda/csrc/third_party/glm/doc/api
  copying gsplat/cuda/csrc/third_party/glm/doc/api/a00524.html -> build/lib.linux-x86_64-cpython-310/gsplat/cuda/csrc/third_party/glm/doc/api
  copying gsplat/cuda/csrc/third_party/glm/doc/api/a00524_source.html -> build/lib.linux-x86_64-cpython-310/gsplat/cuda/csrc/third_party/glm/doc/api
  copying gsplat/cuda/csrc/third_party/glm/doc/api/a00527_source.html -> build/lib.linux-x86_64-cpython-310/gsplat/cuda/csrc/third_party/glm/doc/api
  copying gsplat/cuda/csrc/third_party/glm/doc/api/a00530.html -> build/lib.linux-x86_64-cpython-310/gsplat/cuda/csrc/third_party/glm/doc/api
  copying gsplat/cuda/csrc/third_party/glm/doc/api/a00530_source.html -> build/lib.linux-x86_64-cpython-310/gsplat/cuda/csrc/third_party/glm/doc/api
  copying gsplat/cuda/csrc/third_party/glm/doc/api/a00536.html -> build/lib.linux-x86_64-cpython-310/gsplat/cuda/csrc/third_party/glm/doc/api
  copying gsplat/cuda/csrc/third_party/glm/doc/api/a00536_source.html -> build/lib.linux-x86_64-cpython-310/gsplat/cuda/csrc/third_party/glm/doc/api
  copying gsplat/cuda/csrc/third_party/glm/doc/api/a00539.html -> build/lib.linux-x86_64-cpython-310/gsplat/cuda/csrc/third_party/glm/doc/api
  copying gsplat/cuda/csrc/third_party/glm/doc/api/a00539_source.html -> build/lib.linux-x86_64-cpython-310/gsplat/cuda/csrc/third_party/glm/doc/api
  copying gsplat/cuda/csrc/third_party/glm/doc/api/a00542.html -> build/lib.linux-x86_64-cpython-310/gsplat/cuda/csrc/third_party/glm/doc/api
  copying gsplat/cuda/csrc/third_party/glm/doc/api/a00542_source.html -> build/lib.linux-x86_64-cpython-310/gsplat/cuda/csrc/third_party/glm/doc/api
  copying gsplat/cuda/csrc/third_party/glm/doc/api/a00545.html -> build/lib.linux-x86_64-cpython-310/gsplat/cuda/csrc/third_party/glm/doc/api
  copying gsplat/cuda/csrc/third_party/glm/doc/api/a00545_source.html -> build/lib.linux-x86_64-cpython-310/gsplat/cuda/csrc/third_party/glm/doc/api
  copying gsplat/cuda/csrc/third_party/glm/doc/api/a00548.html -> build/lib.linux-x86_64-cpython-310/gsplat/cuda/csrc/third_party/glm/doc/api
  copying gsplat/cuda/csrc/third_party/glm/doc/api/a00548_source.html -> build/lib.linux-x86_64-cpython-310/gsplat/cuda/csrc/third_party/glm/doc/api
  copying gsplat/cuda/csrc/third_party/glm/doc/api/a00551.html -> build/lib.linux-x86_64-cpython-310/gsplat/cuda/csrc/third_party/glm/doc/api
  copying gsplat/cuda/csrc/third_party/glm/doc/api/a00551_source.html -> build/lib.linux-x86_64-cpython-310/gsplat/cuda/csrc/third_party/glm/doc/api
  copying gsplat/cuda/csrc/third_party/glm/doc/api/a00554.html -> build/lib.linux-x86_64-cpython-310/gsplat/cuda/csrc/third_party/glm/doc/api
  copying gsplat/cuda/csrc/third_party/glm/doc/api/a00554_source.html -> build/lib.linux-x86_64-cpython-310/gsplat/cuda/csrc/third_party/glm/doc/api
  copying gsplat/cuda/csrc/third_party/glm/doc/api/a00560.html -> build/lib.linux-x86_64-cpython-310/gsplat/cuda/csrc/third_party/glm/doc/api
  copying gsplat/cuda/csrc/third_party/glm/doc/api/a00560_source.html -> build/lib.linux-x86_64-cpython-310/gsplat/cuda/csrc/third_party/glm/doc/api
  copying gsplat/cuda/csrc/third_party/glm/doc/api/a00563.html -> build/lib.linux-x86_64-cpython-310/gsplat/cuda/csrc/third_party/glm/doc/api
  copying gsplat/cuda/csrc/third_party/glm/doc/api/a00563_source.html -> build/lib.linux-x86_64-cpython-310/gsplat/cuda/csrc/third_party/glm/doc/api
  copying gsplat/cuda/csrc/third_party/glm/doc/api/a00566.html -> build/lib.linux-x86_64-cpython-310/gsplat/cuda/csrc/third_party/glm/doc/api
  copying gsplat/cuda/csrc/third_party/glm/doc/api/a00566_source.html -> build/lib.linux-x86_64-cpython-310/gsplat/cuda/csrc/third_party/glm/doc/api
  copying gsplat/cuda/csrc/third_party/glm/doc/api/a00572.html -> build/lib.linux-x86_64-cpython-310/gsplat/cuda/csrc/third_party/glm/doc/api
  copying gsplat/cuda/csrc/third_party/glm/doc/api/a00572_source.html -> build/lib.linux-x86_64-cpython-310/gsplat/cuda/csrc/third_party/glm/doc/api
  copying gsplat/cuda/csrc/third_party/glm/doc/api/a00575.html -> build/lib.linux-x86_64-cpython-310/gsplat/cuda/csrc/third_party/glm/doc/api
  copying gsplat/cuda/csrc/third_party/glm/doc/api/a00575_source.html -> build/lib.linux-x86_64-cpython-310/gsplat/cuda/csrc/third_party/glm/doc/api
  copying gsplat/cuda/csrc/third_party/glm/doc/api/a00578.html -> build/lib.linux-x86_64-cpython-310/gsplat/cuda/csrc/third_party/glm/doc/api
  copying gsplat/cuda/csrc/third_party/glm/doc/api/a00578_source.html -> build/lib.linux-x86_64-cpython-310/gsplat/cuda/csrc/third_party/glm/doc/api
  copying gsplat/cuda/csrc/third_party/glm/doc/api/a00581.html -> build/lib.linux-x86_64-cpython-310/gsplat/cuda/csrc/third_party/glm/doc/api
  copying gsplat/cuda/csrc/third_party/glm/doc/api/a00581_source.html -> build/lib.linux-x86_64-cpython-310/gsplat/cuda/csrc/third_party/glm/doc/api
  copying gsplat/cuda/csrc/third_party/glm/doc/api/a00584.html -> build/lib.linux-x86_64-cpython-310/gsplat/cuda/csrc/third_party/glm/doc/api
  copying gsplat/cuda/csrc/third_party/glm/doc/api/a00584_source.html -> build/lib.linux-x86_64-cpython-310/gsplat/cuda/csrc/third_party/glm/doc/api
  copying gsplat/cuda/csrc/third_party/glm/doc/api/a00587.html -> build/lib.linux-x86_64-cpython-310/gsplat/cuda/csrc/third_party/glm/doc/api
  copying gsplat/cuda/csrc/third_party/glm/doc/api/a00587_source.html -> build/lib.linux-x86_64-cpython-310/gsplat/cuda/csrc/third_party/glm/doc/api
  copying gsplat/cuda/csrc/third_party/glm/doc/api/a00590.html -> build/lib.linux-x86_64-cpython-310/gsplat/cuda/csrc/third_party/glm/doc/api
  copying gsplat/cuda/csrc/third_party/glm/doc/api/a00590_source.html -> build/lib.linux-x86_64-cpython-310/gsplat/cuda/csrc/third_party/glm/doc/api
  copying gsplat/cuda/csrc/third_party/glm/doc/api/a00593.html -> build/lib.linux-x86_64-cpython-310/gsplat/cuda/csrc/third_party/glm/doc/api
  copying gsplat/cuda/csrc/third_party/glm/doc/api/a00593_source.html -> build/lib.linux-x86_64-cpython-310/gsplat/cuda/csrc/third_party/glm/doc/api
  copying gsplat/cuda/csrc/third_party/glm/doc/api/a00596.html -> build/lib.linux-x86_64-cpython-310/gsplat/cuda/csrc/third_party/glm/doc/api
  copying gsplat/cuda/csrc/third_party/glm/doc/api/a00596_source.html -> build/lib.linux-x86_64-cpython-310/gsplat/cuda/csrc/third_party/glm/doc/api
  copying gsplat/cuda/csrc/third_party/glm/doc/api/a00599.html -> build/lib.linux-x86_64-cpython-310/gsplat/cuda/csrc/third_party/glm/doc/api
  copying gsplat/cuda/csrc/third_party/glm/doc/api/a00599_source.html -> build/lib.linux-x86_64-cpython-310/gsplat/cuda/csrc/third_party/glm/doc/api
  copying gsplat/cuda/csrc/third_party/glm/doc/api/a00602.html -> build/lib.linux-x86_64-cpython-310/gsplat/cuda/csrc/third_party/glm/doc/api
  copying gsplat/cuda/csrc/third_party/glm/doc/api/a00602_source.html -> build/lib.linux-x86_64-cpython-310/gsplat/cuda/csrc/third_party/glm/doc/api
  copying gsplat/cuda/csrc/third_party/glm/doc/api/a00605.html -> build/lib.linux-x86_64-cpython-310/gsplat/cuda/csrc/third_party/glm/doc/api
  copying gsplat/cuda/csrc/third_party/glm/doc/api/a00605_source.html -> build/lib.linux-x86_64-cpython-310/gsplat/cuda/csrc/third_party/glm/doc/api
  copying gsplat/cuda/csrc/third_party/glm/doc/api/a00608.html -> build/lib.linux-x86_64-cpython-310/gsplat/cuda/csrc/third_party/glm/doc/api
  copying gsplat/cuda/csrc/third_party/glm/doc/api/a00608_source.html -> build/lib.linux-x86_64-cpython-310/gsplat/cuda/csrc/third_party/glm/doc/api
  copying gsplat/cuda/csrc/third_party/glm/doc/api/a00611.html -> build/lib.linux-x86_64-cpython-310/gsplat/cuda/csrc/third_party/glm/doc/api
  copying gsplat/cuda/csrc/third_party/glm/doc/api/a00611_source.html -> build/lib.linux-x86_64-cpython-310/gsplat/cuda/csrc/third_party/glm/doc/api
  copying gsplat/cuda/csrc/third_party/glm/doc/api/a00614.html -> build/lib.linux-x86_64-cpython-310/gsplat/cuda/csrc/third_party/glm/doc/api
  copying gsplat/cuda/csrc/third_party/glm/doc/api/a00614_source.html -> build/lib.linux-x86_64-cpython-310/gsplat/cuda/csrc/third_party/glm/doc/api
  copying gsplat/cuda/csrc/third_party/glm/doc/api/a00617.html -> build/lib.linux-x86_64-cpython-310/gsplat/cuda/csrc/third_party/glm/doc/api
  copying gsplat/cuda/csrc/third_party/glm/doc/api/a00617_source.html -> build/lib.linux-x86_64-cpython-310/gsplat/cuda/csrc/third_party/glm/doc/api
  copying gsplat/cuda/csrc/third_party/glm/doc/api/a00620.html -> build/lib.linux-x86_64-cpython-310/gsplat/cuda/csrc/third_party/glm/doc/api
  copying gsplat/cuda/csrc/third_party/glm/doc/api/a00620_source.html -> build/lib.linux-x86_64-cpython-310/gsplat/cuda/csrc/third_party/glm/doc/api
  copying gsplat/cuda/csrc/third_party/glm/doc/api/a00623.html -> build/lib.linux-x86_64-cpython-310/gsplat/cuda/csrc/third_party/glm/doc/api
  copying gsplat/cuda/csrc/third_party/glm/doc/api/a00623_source.html -> build/lib.linux-x86_64-cpython-310/gsplat/cuda/csrc/third_party/glm/doc/api
  copying gsplat/cuda/csrc/third_party/glm/doc/api/a00626.html -> build/lib.linux-x86_64-cpython-310/gsplat/cuda/csrc/third_party/glm/doc/api
  copying gsplat/cuda/csrc/third_party/glm/doc/api/a00626_source.html -> build/lib.linux-x86_64-cpython-310/gsplat/cuda/csrc/third_party/glm/doc/api
  copying gsplat/cuda/csrc/third_party/glm/doc/api/a00629.html -> build/lib.linux-x86_64-cpython-310/gsplat/cuda/csrc/third_party/glm/doc/api
  copying gsplat/cuda/csrc/third_party/glm/doc/api/a00629_source.html -> build/lib.linux-x86_64-cpython-310/gsplat/cuda/csrc/third_party/glm/doc/api
  copying gsplat/cuda/csrc/third_party/glm/doc/api/a00632.html -> build/lib.linux-x86_64-cpython-310/gsplat/cuda/csrc/third_party/glm/doc/api
  copying gsplat/cuda/csrc/third_party/glm/doc/api/a00632_source.html -> build/lib.linux-x86_64-cpython-310/gsplat/cuda/csrc/third_party/glm/doc/api
  copying gsplat/cuda/csrc/third_party/glm/doc/api/a00635.html -> build/lib.linux-x86_64-cpython-310/gsplat/cuda/csrc/third_party/glm/doc/api
  copying gsplat/cuda/csrc/third_party/glm/doc/api/a00635_source.html -> build/lib.linux-x86_64-cpython-310/gsplat/cuda/csrc/third_party/glm/doc/api
  copying gsplat/cuda/csrc/third_party/glm/doc/api/a00638.html -> build/lib.linux-x86_64-cpython-310/gsplat/cuda/csrc/third_party/glm/doc/api
  copying gsplat/cuda/csrc/third_party/glm/doc/api/a00638_source.html -> build/lib.linux-x86_64-cpython-310/gsplat/cuda/csrc/third_party/glm/doc/api
  copying gsplat/cuda/csrc/third_party/glm/doc/api/a00641.html -> build/lib.linux-x86_64-cpython-310/gsplat/cuda/csrc/third_party/glm/doc/api
  copying gsplat/cuda/csrc/third_party/glm/doc/api/a00641_source.html -> build/lib.linux-x86_64-cpython-310/gsplat/cuda/csrc/third_party/glm/doc/api
  copying gsplat/cuda/csrc/third_party/glm/doc/api/a00644.html -> build/lib.linux-x86_64-cpython-310/gsplat/cuda/csrc/third_party/glm/doc/api
  copying gsplat/cuda/csrc/third_party/glm/doc/api/a00644_source.html -> build/lib.linux-x86_64-cpython-310/gsplat/cuda/csrc/third_party/glm/doc/api
  copying gsplat/cuda/csrc/third_party/glm/doc/api/a00647.html -> build/lib.linux-x86_64-cpython-310/gsplat/cuda/csrc/third_party/glm/doc/api
  copying gsplat/cuda/csrc/third_party/glm/doc/api/a00647_source.html -> build/lib.linux-x86_64-cpython-310/gsplat/cuda/csrc/third_party/glm/doc/api
  copying gsplat/cuda/csrc/third_party/glm/doc/api/a00650.html -> build/lib.linux-x86_64-cpython-310/gsplat/cuda/csrc/third_party/glm/doc/api
  copying gsplat/cuda/csrc/third_party/glm/doc/api/a00650_source.html -> build/lib.linux-x86_64-cpython-310/gsplat/cuda/csrc/third_party/glm/doc/api
  copying gsplat/cuda/csrc/third_party/glm/doc/api/a00653.html -> build/lib.linux-x86_64-cpython-310/gsplat/cuda/csrc/third_party/glm/doc/api
  copying gsplat/cuda/csrc/third_party/glm/doc/api/a00653_source.html -> build/lib.linux-x86_64-cpython-310/gsplat/cuda/csrc/third_party/glm/doc/api
  copying gsplat/cuda/csrc/third_party/glm/doc/api/a00656.html -> build/lib.linux-x86_64-cpython-310/gsplat/cuda/csrc/third_party/glm/doc/api
  copying gsplat/cuda/csrc/third_party/glm/doc/api/a00656_source.html -> build/lib.linux-x86_64-cpython-310/gsplat/cuda/csrc/third_party/glm/doc/api
  copying gsplat/cuda/csrc/third_party/glm/doc/api/a00659.html -> build/lib.linux-x86_64-cpython-310/gsplat/cuda/csrc/third_party/glm/doc/api
  copying gsplat/cuda/csrc/third_party/glm/doc/api/a00659_source.html -> build/lib.linux-x86_64-cpython-310/gsplat/cuda/csrc/third_party/glm/doc/api
  copying gsplat/cuda/csrc/third_party/glm/doc/api/a00662.html -> build/lib.linux-x86_64-cpython-310/gsplat/cuda/csrc/third_party/glm/doc/api
  copying gsplat/cuda/csrc/third_party/glm/doc/api/a00662_source.html -> build/lib.linux-x86_64-cpython-310/gsplat/cuda/csrc/third_party/glm/doc/api
  copying gsplat/cuda/csrc/third_party/glm/doc/api/a00665.html -> build/lib.linux-x86_64-cpython-310/gsplat/cuda/csrc/third_party/glm/doc/api
  copying gsplat/cuda/csrc/third_party/glm/doc/api/a00665_source.html -> build/lib.linux-x86_64-cpython-310/gsplat/cuda/csrc/third_party/glm/doc/api
  copying gsplat/cuda/csrc/third_party/glm/doc/api/a00668.html -> build/lib.linux-x86_64-cpython-310/gsplat/cuda/csrc/third_party/glm/doc/api
  copying gsplat/cuda/csrc/third_party/glm/doc/api/a00668_source.html -> build/lib.linux-x86_64-cpython-310/gsplat/cuda/csrc/third_party/glm/doc/api
  copying gsplat/cuda/csrc/third_party/glm/doc/api/a00671.html -> build/lib.linux-x86_64-cpython-310/gsplat/cuda/csrc/third_party/glm/doc/api
  copying gsplat/cuda/csrc/third_party/glm/doc/api/a00671_source.html -> build/lib.linux-x86_64-cpython-310/gsplat/cuda/csrc/third_party/glm/doc/api
  copying gsplat/cuda/csrc/third_party/glm/doc/api/a00674.html -> build/lib.linux-x86_64-cpython-310/gsplat/cuda/csrc/third_party/glm/doc/api
  copying gsplat/cuda/csrc/third_party/glm/doc/api/a00674_source.html -> build/lib.linux-x86_64-cpython-310/gsplat/cuda/csrc/third_party/glm/doc/api
  copying gsplat/cuda/csrc/third_party/glm/doc/api/a00677.html -> build/lib.linux-x86_64-cpython-310/gsplat/cuda/csrc/third_party/glm/doc/api
  copying gsplat/cuda/csrc/third_party/glm/doc/api/a00677_source.html -> build/lib.linux-x86_64-cpython-310/gsplat/cuda/csrc/third_party/glm/doc/api
  copying gsplat/cuda/csrc/third_party/glm/doc/api/a00680.html -> build/lib.linux-x86_64-cpython-310/gsplat/cuda/csrc/third_party/glm/doc/api
  copying gsplat/cuda/csrc/third_party/glm/doc/api/a00680_source.html -> build/lib.linux-x86_64-cpython-310/gsplat/cuda/csrc/third_party/glm/doc/api
  copying gsplat/cuda/csrc/third_party/glm/doc/api/a00683.html -> build/lib.linux-x86_64-cpython-310/gsplat/cuda/csrc/third_party/glm/doc/api
  copying gsplat/cuda/csrc/third_party/glm/doc/api/a00683_source.html -> build/lib.linux-x86_64-cpython-310/gsplat/cuda/csrc/third_party/glm/doc/api
  copying gsplat/cuda/csrc/third_party/glm/doc/api/a00686.html -> build/lib.linux-x86_64-cpython-310/gsplat/cuda/csrc/third_party/glm/doc/api
  copying gsplat/cuda/csrc/third_party/glm/doc/api/a00686_source.html -> build/lib.linux-x86_64-cpython-310/gsplat/cuda/csrc/third_party/glm/doc/api
  copying gsplat/cuda/csrc/third_party/glm/doc/api/a00689.html -> build/lib.linux-x86_64-cpython-310/gsplat/cuda/csrc/third_party/glm/doc/api
  copying gsplat/cuda/csrc/third_party/glm/doc/api/a00689_source.html -> build/lib.linux-x86_64-cpython-310/gsplat/cuda/csrc/third_party/glm/doc/api
  copying gsplat/cuda/csrc/third_party/glm/doc/api/a00692.html -> build/lib.linux-x86_64-cpython-310/gsplat/cuda/csrc/third_party/glm/doc/api
  copying gsplat/cuda/csrc/third_party/glm/doc/api/a00692_source.html -> build/lib.linux-x86_64-cpython-310/gsplat/cuda/csrc/third_party/glm/doc/api
  copying gsplat/cuda/csrc/third_party/glm/doc/api/a00695.html -> build/lib.linux-x86_64-cpython-310/gsplat/cuda/csrc/third_party/glm/doc/api
  copying gsplat/cuda/csrc/third_party/glm/doc/api/a00695_source.html -> build/lib.linux-x86_64-cpython-310/gsplat/cuda/csrc/third_party/glm/doc/api
  copying gsplat/cuda/csrc/third_party/glm/doc/api/a00698.html -> build/lib.linux-x86_64-cpython-310/gsplat/cuda/csrc/third_party/glm/doc/api
  copying gsplat/cuda/csrc/third_party/glm/doc/api/a00698_source.html -> build/lib.linux-x86_64-cpython-310/gsplat/cuda/csrc/third_party/glm/doc/api
  copying gsplat/cuda/csrc/third_party/glm/doc/api/a00701.html -> build/lib.linux-x86_64-cpython-310/gsplat/cuda/csrc/third_party/glm/doc/api
  copying gsplat/cuda/csrc/third_party/glm/doc/api/a00701_source.html -> build/lib.linux-x86_64-cpython-310/gsplat/cuda/csrc/third_party/glm/doc/api
  copying gsplat/cuda/csrc/third_party/glm/doc/api/a00704.html -> build/lib.linux-x86_64-cpython-310/gsplat/cuda/csrc/third_party/glm/doc/api
  copying gsplat/cuda/csrc/third_party/glm/doc/api/a00704_source.html -> build/lib.linux-x86_64-cpython-310/gsplat/cuda/csrc/third_party/glm/doc/api
  copying gsplat/cuda/csrc/third_party/glm/doc/api/a00707.html -> build/lib.linux-x86_64-cpython-310/gsplat/cuda/csrc/third_party/glm/doc/api
  copying gsplat/cuda/csrc/third_party/glm/doc/api/a00707_source.html -> build/lib.linux-x86_64-cpython-310/gsplat/cuda/csrc/third_party/glm/doc/api
  copying gsplat/cuda/csrc/third_party/glm/doc/api/a00710.html -> build/lib.linux-x86_64-cpython-310/gsplat/cuda/csrc/third_party/glm/doc/api
  copying gsplat/cuda/csrc/third_party/glm/doc/api/a00710_source.html -> build/lib.linux-x86_64-cpython-310/gsplat/cuda/csrc/third_party/glm/doc/api
  copying gsplat/cuda/csrc/third_party/glm/doc/api/a00713.html -> build/lib.linux-x86_64-cpython-310/gsplat/cuda/csrc/third_party/glm/doc/api
  copying gsplat/cuda/csrc/third_party/glm/doc/api/a00713_source.html -> build/lib.linux-x86_64-cpython-310/gsplat/cuda/csrc/third_party/glm/doc/api
  copying gsplat/cuda/csrc/third_party/glm/doc/api/a00716.html -> build/lib.linux-x86_64-cpython-310/gsplat/cuda/csrc/third_party/glm/doc/api
  copying gsplat/cuda/csrc/third_party/glm/doc/api/a00716_source.html -> build/lib.linux-x86_64-cpython-310/gsplat/cuda/csrc/third_party/glm/doc/api
  copying gsplat/cuda/csrc/third_party/glm/doc/api/a00719.html -> build/lib.linux-x86_64-cpython-310/gsplat/cuda/csrc/third_party/glm/doc/api
  copying gsplat/cuda/csrc/third_party/glm/doc/api/a00719_source.html -> build/lib.linux-x86_64-cpython-310/gsplat/cuda/csrc/third_party/glm/doc/api
  copying gsplat/cuda/csrc/third_party/glm/doc/api/a00722.html -> build/lib.linux-x86_64-cpython-310/gsplat/cuda/csrc/third_party/glm/doc/api
  copying gsplat/cuda/csrc/third_party/glm/doc/api/a00722_source.html -> build/lib.linux-x86_64-cpython-310/gsplat/cuda/csrc/third_party/glm/doc/api
  copying gsplat/cuda/csrc/third_party/glm/doc/api/a00725.html -> build/lib.linux-x86_64-cpython-310/gsplat/cuda/csrc/third_party/glm/doc/api
  copying gsplat/cuda/csrc/third_party/glm/doc/api/a00725_source.html -> build/lib.linux-x86_64-cpython-310/gsplat/cuda/csrc/third_party/glm/doc/api
  copying gsplat/cuda/csrc/third_party/glm/doc/api/a00728.html -> build/lib.linux-x86_64-cpython-310/gsplat/cuda/csrc/third_party/glm/doc/api
  copying gsplat/cuda/csrc/third_party/glm/doc/api/a00728_source.html -> build/lib.linux-x86_64-cpython-310/gsplat/cuda/csrc/third_party/glm/doc/api
  copying gsplat/cuda/csrc/third_party/glm/doc/api/a00731.html -> build/lib.linux-x86_64-cpython-310/gsplat/cuda/csrc/third_party/glm/doc/api
  copying gsplat/cuda/csrc/third_party/glm/doc/api/a00731_source.html -> build/lib.linux-x86_64-cpython-310/gsplat/cuda/csrc/third_party/glm/doc/api
  copying gsplat/cuda/csrc/third_party/glm/doc/api/a00734.html -> build/lib.linux-x86_64-cpython-310/gsplat/cuda/csrc/third_party/glm/doc/api
  copying gsplat/cuda/csrc/third_party/glm/doc/api/a00734_source.html -> build/lib.linux-x86_64-cpython-310/gsplat/cuda/csrc/third_party/glm/doc/api
  copying gsplat/cuda/csrc/third_party/glm/doc/api/a00737.html -> build/lib.linux-x86_64-cpython-310/gsplat/cuda/csrc/third_party/glm/doc/api
  copying gsplat/cuda/csrc/third_party/glm/doc/api/a00737_source.html -> build/lib.linux-x86_64-cpython-310/gsplat/cuda/csrc/third_party/glm/doc/api
  copying gsplat/cuda/csrc/third_party/glm/doc/api/a00740.html -> build/lib.linux-x86_64-cpython-310/gsplat/cuda/csrc/third_party/glm/doc/api
  copying gsplat/cuda/csrc/third_party/glm/doc/api/a00740_source.html -> build/lib.linux-x86_64-cpython-310/gsplat/cuda/csrc/third_party/glm/doc/api
  copying gsplat/cuda/csrc/third_party/glm/doc/api/a00743.html -> build/lib.linux-x86_64-cpython-310/gsplat/cuda/csrc/third_party/glm/doc/api
  copying gsplat/cuda/csrc/third_party/glm/doc/api/a00743_source.html -> build/lib.linux-x86_64-cpython-310/gsplat/cuda/csrc/third_party/glm/doc/api
  copying gsplat/cuda/csrc/third_party/glm/doc/api/a00746.html -> build/lib.linux-x86_64-cpython-310/gsplat/cuda/csrc/third_party/glm/doc/api
  copying gsplat/cuda/csrc/third_party/glm/doc/api/a00746_source.html -> build/lib.linux-x86_64-cpython-310/gsplat/cuda/csrc/third_party/glm/doc/api
  copying gsplat/cuda/csrc/third_party/glm/doc/api/a00749.html -> build/lib.linux-x86_64-cpython-310/gsplat/cuda/csrc/third_party/glm/doc/api
  copying gsplat/cuda/csrc/third_party/glm/doc/api/a00749_source.html -> build/lib.linux-x86_64-cpython-310/gsplat/cuda/csrc/third_party/glm/doc/api
  copying gsplat/cuda/csrc/third_party/glm/doc/api/a00752.html -> build/lib.linux-x86_64-cpython-310/gsplat/cuda/csrc/third_party/glm/doc/api
  copying gsplat/cuda/csrc/third_party/glm/doc/api/a00752_source.html -> build/lib.linux-x86_64-cpython-310/gsplat/cuda/csrc/third_party/glm/doc/api
  copying gsplat/cuda/csrc/third_party/glm/doc/api/a00755.html -> build/lib.linux-x86_64-cpython-310/gsplat/cuda/csrc/third_party/glm/doc/api
  copying gsplat/cuda/csrc/third_party/glm/doc/api/a00755_source.html -> build/lib.linux-x86_64-cpython-310/gsplat/cuda/csrc/third_party/glm/doc/api
  copying gsplat/cuda/csrc/third_party/glm/doc/api/a00758.html -> build/lib.linux-x86_64-cpython-310/gsplat/cuda/csrc/third_party/glm/doc/api
  copying gsplat/cuda/csrc/third_party/glm/doc/api/a00758_source.html -> build/lib.linux-x86_64-cpython-310/gsplat/cuda/csrc/third_party/glm/doc/api
  copying gsplat/cuda/csrc/third_party/glm/doc/api/a00761.html -> build/lib.linux-x86_64-cpython-310/gsplat/cuda/csrc/third_party/glm/doc/api
  copying gsplat/cuda/csrc/third_party/glm/doc/api/a00761_source.html -> build/lib.linux-x86_64-cpython-310/gsplat/cuda/csrc/third_party/glm/doc/api
  copying gsplat/cuda/csrc/third_party/glm/doc/api/a00764.html -> build/lib.linux-x86_64-cpython-310/gsplat/cuda/csrc/third_party/glm/doc/api
  copying gsplat/cuda/csrc/third_party/glm/doc/api/a00764_source.html -> build/lib.linux-x86_64-cpython-310/gsplat/cuda/csrc/third_party/glm/doc/api
  copying gsplat/cuda/csrc/third_party/glm/doc/api/a00767.html -> build/lib.linux-x86_64-cpython-310/gsplat/cuda/csrc/third_party/glm/doc/api
  copying gsplat/cuda/csrc/third_party/glm/doc/api/a00767_source.html -> build/lib.linux-x86_64-cpython-310/gsplat/cuda/csrc/third_party/glm/doc/api
  copying gsplat/cuda/csrc/third_party/glm/doc/api/a00770.html -> build/lib.linux-x86_64-cpython-310/gsplat/cuda/csrc/third_party/glm/doc/api
  copying gsplat/cuda/csrc/third_party/glm/doc/api/a00770_source.html -> build/lib.linux-x86_64-cpython-310/gsplat/cuda/csrc/third_party/glm/doc/api
  copying gsplat/cuda/csrc/third_party/glm/doc/api/a00773.html -> build/lib.linux-x86_64-cpython-310/gsplat/cuda/csrc/third_party/glm/doc/api
  copying gsplat/cuda/csrc/third_party/glm/doc/api/a00773_source.html -> build/lib.linux-x86_64-cpython-310/gsplat/cuda/csrc/third_party/glm/doc/api
  copying gsplat/cuda/csrc/third_party/glm/doc/api/a00776.html -> build/lib.linux-x86_64-cpython-310/gsplat/cuda/csrc/third_party/glm/doc/api
  copying gsplat/cuda/csrc/third_party/glm/doc/api/a00776_source.html -> build/lib.linux-x86_64-cpython-310/gsplat/cuda/csrc/third_party/glm/doc/api
  copying gsplat/cuda/csrc/third_party/glm/doc/api/a00779.html -> build/lib.linux-x86_64-cpython-310/gsplat/cuda/csrc/third_party/glm/doc/api
  copying gsplat/cuda/csrc/third_party/glm/doc/api/a00779_source.html -> build/lib.linux-x86_64-cpython-310/gsplat/cuda/csrc/third_party/glm/doc/api
  copying gsplat/cuda/csrc/third_party/glm/doc/api/a00782.html -> build/lib.linux-x86_64-cpython-310/gsplat/cuda/csrc/third_party/glm/doc/api
  copying gsplat/cuda/csrc/third_party/glm/doc/api/a00782_source.html -> build/lib.linux-x86_64-cpython-310/gsplat/cuda/csrc/third_party/glm/doc/api
  copying gsplat/cuda/csrc/third_party/glm/doc/api/a00785.html -> build/lib.linux-x86_64-cpython-310/gsplat/cuda/csrc/third_party/glm/doc/api
  copying gsplat/cuda/csrc/third_party/glm/doc/api/a00785_source.html -> build/lib.linux-x86_64-cpython-310/gsplat/cuda/csrc/third_party/glm/doc/api
  copying gsplat/cuda/csrc/third_party/glm/doc/api/a00788.html -> build/lib.linux-x86_64-cpython-310/gsplat/cuda/csrc/third_party/glm/doc/api
  copying gsplat/cuda/csrc/third_party/glm/doc/api/a00788_source.html -> build/lib.linux-x86_64-cpython-310/gsplat/cuda/csrc/third_party/glm/doc/api
  copying gsplat/cuda/csrc/third_party/glm/doc/api/a00791.html -> build/lib.linux-x86_64-cpython-310/gsplat/cuda/csrc/third_party/glm/doc/api
  copying gsplat/cuda/csrc/third_party/glm/doc/api/a00791_source.html -> build/lib.linux-x86_64-cpython-310/gsplat/cuda/csrc/third_party/glm/doc/api
  copying gsplat/cuda/csrc/third_party/glm/doc/api/a00794.html -> build/lib.linux-x86_64-cpython-310/gsplat/cuda/csrc/third_party/glm/doc/api
  copying gsplat/cuda/csrc/third_party/glm/doc/api/a00794_source.html -> build/lib.linux-x86_64-cpython-310/gsplat/cuda/csrc/third_party/glm/doc/api
  copying gsplat/cuda/csrc/third_party/glm/doc/api/a00797.html -> build/lib.linux-x86_64-cpython-310/gsplat/cuda/csrc/third_party/glm/doc/api
  copying gsplat/cuda/csrc/third_party/glm/doc/api/a00797_source.html -> build/lib.linux-x86_64-cpython-310/gsplat/cuda/csrc/third_party/glm/doc/api
  copying gsplat/cuda/csrc/third_party/glm/doc/api/a00800_source.html -> build/lib.linux-x86_64-cpython-310/gsplat/cuda/csrc/third_party/glm/doc/api
  copying gsplat/cuda/csrc/third_party/glm/doc/api/a00803.html -> build/lib.linux-x86_64-cpython-310/gsplat/cuda/csrc/third_party/glm/doc/api
  copying gsplat/cuda/csrc/third_party/glm/doc/api/a00804.html -> build/lib.linux-x86_64-cpython-310/gsplat/cuda/csrc/third_party/glm/doc/api
  copying gsplat/cuda/csrc/third_party/glm/doc/api/a00805.html -> build/lib.linux-x86_64-cpython-310/gsplat/cuda/csrc/third_party/glm/doc/api
  copying gsplat/cuda/csrc/third_party/glm/doc/api/a00806.html -> build/lib.linux-x86_64-cpython-310/gsplat/cuda/csrc/third_party/glm/doc/api
  copying gsplat/cuda/csrc/third_party/glm/doc/api/a00807.html -> build/lib.linux-x86_64-cpython-310/gsplat/cuda/csrc/third_party/glm/doc/api
  copying gsplat/cuda/csrc/third_party/glm/doc/api/a00808.html -> build/lib.linux-x86_64-cpython-310/gsplat/cuda/csrc/third_party/glm/doc/api
  copying gsplat/cuda/csrc/third_party/glm/doc/api/a00809.html -> build/lib.linux-x86_64-cpython-310/gsplat/cuda/csrc/third_party/glm/doc/api
  copying gsplat/cuda/csrc/third_party/glm/doc/api/a00810.html -> build/lib.linux-x86_64-cpython-310/gsplat/cuda/csrc/third_party/glm/doc/api
  copying gsplat/cuda/csrc/third_party/glm/doc/api/a00811.html -> build/lib.linux-x86_64-cpython-310/gsplat/cuda/csrc/third_party/glm/doc/api
  copying gsplat/cuda/csrc/third_party/glm/doc/api/a00812.html -> build/lib.linux-x86_64-cpython-310/gsplat/cuda/csrc/third_party/glm/doc/api
  copying gsplat/cuda/csrc/third_party/glm/doc/api/a00813.html -> build/lib.linux-x86_64-cpython-310/gsplat/cuda/csrc/third_party/glm/doc/api
  copying gsplat/cuda/csrc/third_party/glm/doc/api/a00814.html -> build/lib.linux-x86_64-cpython-310/gsplat/cuda/csrc/third_party/glm/doc/api
  copying gsplat/cuda/csrc/third_party/glm/doc/api/a00815.html -> build/lib.linux-x86_64-cpython-310/gsplat/cuda/csrc/third_party/glm/doc/api
  copying gsplat/cuda/csrc/third_party/glm/doc/api/a00816.html -> build/lib.linux-x86_64-cpython-310/gsplat/cuda/csrc/third_party/glm/doc/api
  copying gsplat/cuda/csrc/third_party/glm/doc/api/a00817.html -> build/lib.linux-x86_64-cpython-310/gsplat/cuda/csrc/third_party/glm/doc/api
  copying gsplat/cuda/csrc/third_party/glm/doc/api/a00818.html -> build/lib.linux-x86_64-cpython-310/gsplat/cuda/csrc/third_party/glm/doc/api
  copying gsplat/cuda/csrc/third_party/glm/doc/api/a00819.html -> build/lib.linux-x86_64-cpython-310/gsplat/cuda/csrc/third_party/glm/doc/api
  copying gsplat/cuda/csrc/third_party/glm/doc/api/a00820.html -> build/lib.linux-x86_64-cpython-310/gsplat/cuda/csrc/third_party/glm/doc/api
  copying gsplat/cuda/csrc/third_party/glm/doc/api/a00821.html -> build/lib.linux-x86_64-cpython-310/gsplat/cuda/csrc/third_party/glm/doc/api
  copying gsplat/cuda/csrc/third_party/glm/doc/api/a00822.html -> build/lib.linux-x86_64-cpython-310/gsplat/cuda/csrc/third_party/glm/doc/api
  copying gsplat/cuda/csrc/third_party/glm/doc/api/a00823.html -> build/lib.linux-x86_64-cpython-310/gsplat/cuda/csrc/third_party/glm/doc/api
  copying gsplat/cuda/csrc/third_party/glm/doc/api/a00824.html -> build/lib.linux-x86_64-cpython-310/gsplat/cuda/csrc/third_party/glm/doc/api
  copying gsplat/cuda/csrc/third_party/glm/doc/api/a00825.html -> build/lib.linux-x86_64-cpython-310/gsplat/cuda/csrc/third_party/glm/doc/api
  copying gsplat/cuda/csrc/third_party/glm/doc/api/a00826.html -> build/lib.linux-x86_64-cpython-310/gsplat/cuda/csrc/third_party/glm/doc/api
  copying gsplat/cuda/csrc/third_party/glm/doc/api/a00827.html -> build/lib.linux-x86_64-cpython-310/gsplat/cuda/csrc/third_party/glm/doc/api
  copying gsplat/cuda/csrc/third_party/glm/doc/api/a00828.html -> build/lib.linux-x86_64-cpython-310/gsplat/cuda/csrc/third_party/glm/doc/api
  copying gsplat/cuda/csrc/third_party/glm/doc/api/a00829.html -> build/lib.linux-x86_64-cpython-310/gsplat/cuda/csrc/third_party/glm/doc/api
  copying gsplat/cuda/csrc/third_party/glm/doc/api/a00830.html -> build/lib.linux-x86_64-cpython-310/gsplat/cuda/csrc/third_party/glm/doc/api
  copying gsplat/cuda/csrc/third_party/glm/doc/api/a00831.html -> build/lib.linux-x86_64-cpython-310/gsplat/cuda/csrc/third_party/glm/doc/api
  copying gsplat/cuda/csrc/third_party/glm/doc/api/a00832.html -> build/lib.linux-x86_64-cpython-310/gsplat/cuda/csrc/third_party/glm/doc/api
  copying gsplat/cuda/csrc/third_party/glm/doc/api/a00833.html -> build/lib.linux-x86_64-cpython-310/gsplat/cuda/csrc/third_party/glm/doc/api
  copying gsplat/cuda/csrc/third_party/glm/doc/api/a00834.html -> build/lib.linux-x86_64-cpython-310/gsplat/cuda/csrc/third_party/glm/doc/api
  copying gsplat/cuda/csrc/third_party/glm/doc/api/a00835.html -> build/lib.linux-x86_64-cpython-310/gsplat/cuda/csrc/third_party/glm/doc/api
  copying gsplat/cuda/csrc/third_party/glm/doc/api/a00836.html -> build/lib.linux-x86_64-cpython-310/gsplat/cuda/csrc/third_party/glm/doc/api
  copying gsplat/cuda/csrc/third_party/glm/doc/api/a00837.html -> build/lib.linux-x86_64-cpython-310/gsplat/cuda/csrc/third_party/glm/doc/api
  copying gsplat/cuda/csrc/third_party/glm/doc/api/a00838.html -> build/lib.linux-x86_64-cpython-310/gsplat/cuda/csrc/third_party/glm/doc/api
  copying gsplat/cuda/csrc/third_party/glm/doc/api/a00839.html -> build/lib.linux-x86_64-cpython-310/gsplat/cuda/csrc/third_party/glm/doc/api
  copying gsplat/cuda/csrc/third_party/glm/doc/api/a00840.html -> build/lib.linux-x86_64-cpython-310/gsplat/cuda/csrc/third_party/glm/doc/api
  copying gsplat/cuda/csrc/third_party/glm/doc/api/a00841.html -> build/lib.linux-x86_64-cpython-310/gsplat/cuda/csrc/third_party/glm/doc/api
  copying gsplat/cuda/csrc/third_party/glm/doc/api/a00842.html -> build/lib.linux-x86_64-cpython-310/gsplat/cuda/csrc/third_party/glm/doc/api
  copying gsplat/cuda/csrc/third_party/glm/doc/api/a00843.html -> build/lib.linux-x86_64-cpython-310/gsplat/cuda/csrc/third_party/glm/doc/api
  copying gsplat/cuda/csrc/third_party/glm/doc/api/a00844.html -> build/lib.linux-x86_64-cpython-310/gsplat/cuda/csrc/third_party/glm/doc/api
  copying gsplat/cuda/csrc/third_party/glm/doc/api/a00845.html -> build/lib.linux-x86_64-cpython-310/gsplat/cuda/csrc/third_party/glm/doc/api
  copying gsplat/cuda/csrc/third_party/glm/doc/api/a00846.html -> build/lib.linux-x86_64-cpython-310/gsplat/cuda/csrc/third_party/glm/doc/api
  copying gsplat/cuda/csrc/third_party/glm/doc/api/a00847.html -> build/lib.linux-x86_64-cpython-310/gsplat/cuda/csrc/third_party/glm/doc/api
  copying gsplat/cuda/csrc/third_party/glm/doc/api/a00848.html -> build/lib.linux-x86_64-cpython-310/gsplat/cuda/csrc/third_party/glm/doc/api
  copying gsplat/cuda/csrc/third_party/glm/doc/api/a00849.html -> build/lib.linux-x86_64-cpython-310/gsplat/cuda/csrc/third_party/glm/doc/api
  copying gsplat/cuda/csrc/third_party/glm/doc/api/a00850.html -> build/lib.linux-x86_64-cpython-310/gsplat/cuda/csrc/third_party/glm/doc/api
  copying gsplat/cuda/csrc/third_party/glm/doc/api/a00851.html -> build/lib.linux-x86_64-cpython-310/gsplat/cuda/csrc/third_party/glm/doc/api
  copying gsplat/cuda/csrc/third_party/glm/doc/api/a00852.html -> build/lib.linux-x86_64-cpython-310/gsplat/cuda/csrc/third_party/glm/doc/api
  copying gsplat/cuda/csrc/third_party/glm/doc/api/a00853.html -> build/lib.linux-x86_64-cpython-310/gsplat/cuda/csrc/third_party/glm/doc/api
  copying gsplat/cuda/csrc/third_party/glm/doc/api/a00854.html -> build/lib.linux-x86_64-cpython-310/gsplat/cuda/csrc/third_party/glm/doc/api
  copying gsplat/cuda/csrc/third_party/glm/doc/api/a00855.html -> build/lib.linux-x86_64-cpython-310/gsplat/cuda/csrc/third_party/glm/doc/api
  copying gsplat/cuda/csrc/third_party/glm/doc/api/a00856.html -> build/lib.linux-x86_64-cpython-310/gsplat/cuda/csrc/third_party/glm/doc/api
  copying gsplat/cuda/csrc/third_party/glm/doc/api/a00857.html -> build/lib.linux-x86_64-cpython-310/gsplat/cuda/csrc/third_party/glm/doc/api
  copying gsplat/cuda/csrc/third_party/glm/doc/api/a00858.html -> build/lib.linux-x86_64-cpython-310/gsplat/cuda/csrc/third_party/glm/doc/api
  copying gsplat/cuda/csrc/third_party/glm/doc/api/a00859.html -> build/lib.linux-x86_64-cpython-310/gsplat/cuda/csrc/third_party/glm/doc/api
  copying gsplat/cuda/csrc/third_party/glm/doc/api/a00860.html -> build/lib.linux-x86_64-cpython-310/gsplat/cuda/csrc/third_party/glm/doc/api
  copying gsplat/cuda/csrc/third_party/glm/doc/api/a00861.html -> build/lib.linux-x86_64-cpython-310/gsplat/cuda/csrc/third_party/glm/doc/api
  copying gsplat/cuda/csrc/third_party/glm/doc/api/a00862.html -> build/lib.linux-x86_64-cpython-310/gsplat/cuda/csrc/third_party/glm/doc/api
  copying gsplat/cuda/csrc/third_party/glm/doc/api/a00863.html -> build/lib.linux-x86_64-cpython-310/gsplat/cuda/csrc/third_party/glm/doc/api
  copying gsplat/cuda/csrc/third_party/glm/doc/api/a00864.html -> build/lib.linux-x86_64-cpython-310/gsplat/cuda/csrc/third_party/glm/doc/api
  copying gsplat/cuda/csrc/third_party/glm/doc/api/a00865.html -> build/lib.linux-x86_64-cpython-310/gsplat/cuda/csrc/third_party/glm/doc/api
  copying gsplat/cuda/csrc/third_party/glm/doc/api/a00866.html -> build/lib.linux-x86_64-cpython-310/gsplat/cuda/csrc/third_party/glm/doc/api
  copying gsplat/cuda/csrc/third_party/glm/doc/api/a00867.html -> build/lib.linux-x86_64-cpython-310/gsplat/cuda/csrc/third_party/glm/doc/api
  copying gsplat/cuda/csrc/third_party/glm/doc/api/a00868.html -> build/lib.linux-x86_64-cpython-310/gsplat/cuda/csrc/third_party/glm/doc/api
  copying gsplat/cuda/csrc/third_party/glm/doc/api/a00869.html -> build/lib.linux-x86_64-cpython-310/gsplat/cuda/csrc/third_party/glm/doc/api
  copying gsplat/cuda/csrc/third_party/glm/doc/api/a00870.html -> build/lib.linux-x86_64-cpython-310/gsplat/cuda/csrc/third_party/glm/doc/api
  copying gsplat/cuda/csrc/third_party/glm/doc/api/a00871.html -> build/lib.linux-x86_64-cpython-310/gsplat/cuda/csrc/third_party/glm/doc/api
  copying gsplat/cuda/csrc/third_party/glm/doc/api/a00872.html -> build/lib.linux-x86_64-cpython-310/gsplat/cuda/csrc/third_party/glm/doc/api
  copying gsplat/cuda/csrc/third_party/glm/doc/api/a00873.html -> build/lib.linux-x86_64-cpython-310/gsplat/cuda/csrc/third_party/glm/doc/api
  copying gsplat/cuda/csrc/third_party/glm/doc/api/a00874.html -> build/lib.linux-x86_64-cpython-310/gsplat/cuda/csrc/third_party/glm/doc/api
  copying gsplat/cuda/csrc/third_party/glm/doc/api/a00875.html -> build/lib.linux-x86_64-cpython-310/gsplat/cuda/csrc/third_party/glm/doc/api
  copying gsplat/cuda/csrc/third_party/glm/doc/api/a00876.html -> build/lib.linux-x86_64-cpython-310/gsplat/cuda/csrc/third_party/glm/doc/api
  copying gsplat/cuda/csrc/third_party/glm/doc/api/a00877.html -> build/lib.linux-x86_64-cpython-310/gsplat/cuda/csrc/third_party/glm/doc/api
  copying gsplat/cuda/csrc/third_party/glm/doc/api/a00878.html -> build/lib.linux-x86_64-cpython-310/gsplat/cuda/csrc/third_party/glm/doc/api
  copying gsplat/cuda/csrc/third_party/glm/doc/api/a00879.html -> build/lib.linux-x86_64-cpython-310/gsplat/cuda/csrc/third_party/glm/doc/api
  copying gsplat/cuda/csrc/third_party/glm/doc/api/a00880.html -> build/lib.linux-x86_64-cpython-310/gsplat/cuda/csrc/third_party/glm/doc/api
  copying gsplat/cuda/csrc/third_party/glm/doc/api/a00881.html -> build/lib.linux-x86_64-cpython-310/gsplat/cuda/csrc/third_party/glm/doc/api
  copying gsplat/cuda/csrc/third_party/glm/doc/api/a00882.html -> build/lib.linux-x86_64-cpython-310/gsplat/cuda/csrc/third_party/glm/doc/api
  copying gsplat/cuda/csrc/third_party/glm/doc/api/a00883.html -> build/lib.linux-x86_64-cpython-310/gsplat/cuda/csrc/third_party/glm/doc/api
  copying gsplat/cuda/csrc/third_party/glm/doc/api/a00884.html -> build/lib.linux-x86_64-cpython-310/gsplat/cuda/csrc/third_party/glm/doc/api
  copying gsplat/cuda/csrc/third_party/glm/doc/api/a00885.html -> build/lib.linux-x86_64-cpython-310/gsplat/cuda/csrc/third_party/glm/doc/api
  copying gsplat/cuda/csrc/third_party/glm/doc/api/a00886.html -> build/lib.linux-x86_64-cpython-310/gsplat/cuda/csrc/third_party/glm/doc/api
  copying gsplat/cuda/csrc/third_party/glm/doc/api/a00887.html -> build/lib.linux-x86_64-cpython-310/gsplat/cuda/csrc/third_party/glm/doc/api
  copying gsplat/cuda/csrc/third_party/glm/doc/api/a00888.html -> build/lib.linux-x86_64-cpython-310/gsplat/cuda/csrc/third_party/glm/doc/api
  copying gsplat/cuda/csrc/third_party/glm/doc/api/a00889.html -> build/lib.linux-x86_64-cpython-310/gsplat/cuda/csrc/third_party/glm/doc/api
  copying gsplat/cuda/csrc/third_party/glm/doc/api/a00890.html -> build/lib.linux-x86_64-cpython-310/gsplat/cuda/csrc/third_party/glm/doc/api
  copying gsplat/cuda/csrc/third_party/glm/doc/api/a00891.html -> build/lib.linux-x86_64-cpython-310/gsplat/cuda/csrc/third_party/glm/doc/api
  copying gsplat/cuda/csrc/third_party/glm/doc/api/a00892.html -> build/lib.linux-x86_64-cpython-310/gsplat/cuda/csrc/third_party/glm/doc/api
  copying gsplat/cuda/csrc/third_party/glm/doc/api/a00893.html -> build/lib.linux-x86_64-cpython-310/gsplat/cuda/csrc/third_party/glm/doc/api
  copying gsplat/cuda/csrc/third_party/glm/doc/api/a00894.html -> build/lib.linux-x86_64-cpython-310/gsplat/cuda/csrc/third_party/glm/doc/api
  copying gsplat/cuda/csrc/third_party/glm/doc/api/a00895.html -> build/lib.linux-x86_64-cpython-310/gsplat/cuda/csrc/third_party/glm/doc/api
  copying gsplat/cuda/csrc/third_party/glm/doc/api/a00896.html -> build/lib.linux-x86_64-cpython-310/gsplat/cuda/csrc/third_party/glm/doc/api
  copying gsplat/cuda/csrc/third_party/glm/doc/api/a00897.html -> build/lib.linux-x86_64-cpython-310/gsplat/cuda/csrc/third_party/glm/doc/api
  copying gsplat/cuda/csrc/third_party/glm/doc/api/a00898.html -> build/lib.linux-x86_64-cpython-310/gsplat/cuda/csrc/third_party/glm/doc/api
  copying gsplat/cuda/csrc/third_party/glm/doc/api/a00899.html -> build/lib.linux-x86_64-cpython-310/gsplat/cuda/csrc/third_party/glm/doc/api
  copying gsplat/cuda/csrc/third_party/glm/doc/api/a00900.html -> build/lib.linux-x86_64-cpython-310/gsplat/cuda/csrc/third_party/glm/doc/api
  copying gsplat/cuda/csrc/third_party/glm/doc/api/a00901.html -> build/lib.linux-x86_64-cpython-310/gsplat/cuda/csrc/third_party/glm/doc/api
  copying gsplat/cuda/csrc/third_party/glm/doc/api/a00902.html -> build/lib.linux-x86_64-cpython-310/gsplat/cuda/csrc/third_party/glm/doc/api
  copying gsplat/cuda/csrc/third_party/glm/doc/api/a00903.html -> build/lib.linux-x86_64-cpython-310/gsplat/cuda/csrc/third_party/glm/doc/api
  copying gsplat/cuda/csrc/third_party/glm/doc/api/a00904.html -> build/lib.linux-x86_64-cpython-310/gsplat/cuda/csrc/third_party/glm/doc/api
  copying gsplat/cuda/csrc/third_party/glm/doc/api/a00905.html -> build/lib.linux-x86_64-cpython-310/gsplat/cuda/csrc/third_party/glm/doc/api
  copying gsplat/cuda/csrc/third_party/glm/doc/api/a00906.html -> build/lib.linux-x86_64-cpython-310/gsplat/cuda/csrc/third_party/glm/doc/api
  copying gsplat/cuda/csrc/third_party/glm/doc/api/a00907.html -> build/lib.linux-x86_64-cpython-310/gsplat/cuda/csrc/third_party/glm/doc/api
  copying gsplat/cuda/csrc/third_party/glm/doc/api/a00908.html -> build/lib.linux-x86_64-cpython-310/gsplat/cuda/csrc/third_party/glm/doc/api
  copying gsplat/cuda/csrc/third_party/glm/doc/api/a00909.html -> build/lib.linux-x86_64-cpython-310/gsplat/cuda/csrc/third_party/glm/doc/api
  copying gsplat/cuda/csrc/third_party/glm/doc/api/a00910.html -> build/lib.linux-x86_64-cpython-310/gsplat/cuda/csrc/third_party/glm/doc/api
  copying gsplat/cuda/csrc/third_party/glm/doc/api/a00911.html -> build/lib.linux-x86_64-cpython-310/gsplat/cuda/csrc/third_party/glm/doc/api
  copying gsplat/cuda/csrc/third_party/glm/doc/api/a00912.html -> build/lib.linux-x86_64-cpython-310/gsplat/cuda/csrc/third_party/glm/doc/api
  copying gsplat/cuda/csrc/third_party/glm/doc/api/a00913.html -> build/lib.linux-x86_64-cpython-310/gsplat/cuda/csrc/third_party/glm/doc/api
  copying gsplat/cuda/csrc/third_party/glm/doc/api/a00914.html -> build/lib.linux-x86_64-cpython-310/gsplat/cuda/csrc/third_party/glm/doc/api
  copying gsplat/cuda/csrc/third_party/glm/doc/api/a00915.html -> build/lib.linux-x86_64-cpython-310/gsplat/cuda/csrc/third_party/glm/doc/api
  copying gsplat/cuda/csrc/third_party/glm/doc/api/a00916.html -> build/lib.linux-x86_64-cpython-310/gsplat/cuda/csrc/third_party/glm/doc/api
  copying gsplat/cuda/csrc/third_party/glm/doc/api/a00917.html -> build/lib.linux-x86_64-cpython-310/gsplat/cuda/csrc/third_party/glm/doc/api
  copying gsplat/cuda/csrc/third_party/glm/doc/api/a00918.html -> build/lib.linux-x86_64-cpython-310/gsplat/cuda/csrc/third_party/glm/doc/api
  copying gsplat/cuda/csrc/third_party/glm/doc/api/a00919.html -> build/lib.linux-x86_64-cpython-310/gsplat/cuda/csrc/third_party/glm/doc/api
  copying gsplat/cuda/csrc/third_party/glm/doc/api/a00920.html -> build/lib.linux-x86_64-cpython-310/gsplat/cuda/csrc/third_party/glm/doc/api
  copying gsplat/cuda/csrc/third_party/glm/doc/api/a00921.html -> build/lib.linux-x86_64-cpython-310/gsplat/cuda/csrc/third_party/glm/doc/api
  copying gsplat/cuda/csrc/third_party/glm/doc/api/a00922.html -> build/lib.linux-x86_64-cpython-310/gsplat/cuda/csrc/third_party/glm/doc/api
  copying gsplat/cuda/csrc/third_party/glm/doc/api/a00923.html -> build/lib.linux-x86_64-cpython-310/gsplat/cuda/csrc/third_party/glm/doc/api
  copying gsplat/cuda/csrc/third_party/glm/doc/api/a00924.html -> build/lib.linux-x86_64-cpython-310/gsplat/cuda/csrc/third_party/glm/doc/api
  copying gsplat/cuda/csrc/third_party/glm/doc/api/a00925.html -> build/lib.linux-x86_64-cpython-310/gsplat/cuda/csrc/third_party/glm/doc/api
  copying gsplat/cuda/csrc/third_party/glm/doc/api/a00926.html -> build/lib.linux-x86_64-cpython-310/gsplat/cuda/csrc/third_party/glm/doc/api
  copying gsplat/cuda/csrc/third_party/glm/doc/api/a00927.html -> build/lib.linux-x86_64-cpython-310/gsplat/cuda/csrc/third_party/glm/doc/api
  copying gsplat/cuda/csrc/third_party/glm/doc/api/a00928.html -> build/lib.linux-x86_64-cpython-310/gsplat/cuda/csrc/third_party/glm/doc/api
  copying gsplat/cuda/csrc/third_party/glm/doc/api/a00929.html -> build/lib.linux-x86_64-cpython-310/gsplat/cuda/csrc/third_party/glm/doc/api
  copying gsplat/cuda/csrc/third_party/glm/doc/api/a00930.html -> build/lib.linux-x86_64-cpython-310/gsplat/cuda/csrc/third_party/glm/doc/api
  copying gsplat/cuda/csrc/third_party/glm/doc/api/a00931.html -> build/lib.linux-x86_64-cpython-310/gsplat/cuda/csrc/third_party/glm/doc/api
  copying gsplat/cuda/csrc/third_party/glm/doc/api/a00932.html -> build/lib.linux-x86_64-cpython-310/gsplat/cuda/csrc/third_party/glm/doc/api
  copying gsplat/cuda/csrc/third_party/glm/doc/api/a00933.html -> build/lib.linux-x86_64-cpython-310/gsplat/cuda/csrc/third_party/glm/doc/api
  copying gsplat/cuda/csrc/third_party/glm/doc/api/a00934.html -> build/lib.linux-x86_64-cpython-310/gsplat/cuda/csrc/third_party/glm/doc/api
  copying gsplat/cuda/csrc/third_party/glm/doc/api/a00935.html -> build/lib.linux-x86_64-cpython-310/gsplat/cuda/csrc/third_party/glm/doc/api
  copying gsplat/cuda/csrc/third_party/glm/doc/api/a00936.html -> build/lib.linux-x86_64-cpython-310/gsplat/cuda/csrc/third_party/glm/doc/api
  copying gsplat/cuda/csrc/third_party/glm/doc/api/a00937.html -> build/lib.linux-x86_64-cpython-310/gsplat/cuda/csrc/third_party/glm/doc/api
  copying gsplat/cuda/csrc/third_party/glm/doc/api/a00938.html -> build/lib.linux-x86_64-cpython-310/gsplat/cuda/csrc/third_party/glm/doc/api
  copying gsplat/cuda/csrc/third_party/glm/doc/api/a00939.html -> build/lib.linux-x86_64-cpython-310/gsplat/cuda/csrc/third_party/glm/doc/api
  copying gsplat/cuda/csrc/third_party/glm/doc/api/a00940.html -> build/lib.linux-x86_64-cpython-310/gsplat/cuda/csrc/third_party/glm/doc/api
  copying gsplat/cuda/csrc/third_party/glm/doc/api/a00941.html -> build/lib.linux-x86_64-cpython-310/gsplat/cuda/csrc/third_party/glm/doc/api
  copying gsplat/cuda/csrc/third_party/glm/doc/api/a00942.html -> build/lib.linux-x86_64-cpython-310/gsplat/cuda/csrc/third_party/glm/doc/api
  copying gsplat/cuda/csrc/third_party/glm/doc/api/a00943.html -> build/lib.linux-x86_64-cpython-310/gsplat/cuda/csrc/third_party/glm/doc/api
  copying gsplat/cuda/csrc/third_party/glm/doc/api/a00944.html -> build/lib.linux-x86_64-cpython-310/gsplat/cuda/csrc/third_party/glm/doc/api
  copying gsplat/cuda/csrc/third_party/glm/doc/api/a00945.html -> build/lib.linux-x86_64-cpython-310/gsplat/cuda/csrc/third_party/glm/doc/api
  copying gsplat/cuda/csrc/third_party/glm/doc/api/a00946.html -> build/lib.linux-x86_64-cpython-310/gsplat/cuda/csrc/third_party/glm/doc/api
  copying gsplat/cuda/csrc/third_party/glm/doc/api/a00947.html -> build/lib.linux-x86_64-cpython-310/gsplat/cuda/csrc/third_party/glm/doc/api
  copying gsplat/cuda/csrc/third_party/glm/doc/api/a00948.html -> build/lib.linux-x86_64-cpython-310/gsplat/cuda/csrc/third_party/glm/doc/api
  copying gsplat/cuda/csrc/third_party/glm/doc/api/a00949.html -> build/lib.linux-x86_64-cpython-310/gsplat/cuda/csrc/third_party/glm/doc/api
  copying gsplat/cuda/csrc/third_party/glm/doc/api/a00950.html -> build/lib.linux-x86_64-cpython-310/gsplat/cuda/csrc/third_party/glm/doc/api
  copying gsplat/cuda/csrc/third_party/glm/doc/api/a00951.html -> build/lib.linux-x86_64-cpython-310/gsplat/cuda/csrc/third_party/glm/doc/api
  copying gsplat/cuda/csrc/third_party/glm/doc/api/a00952.html -> build/lib.linux-x86_64-cpython-310/gsplat/cuda/csrc/third_party/glm/doc/api
  copying gsplat/cuda/csrc/third_party/glm/doc/api/a00953.html -> build/lib.linux-x86_64-cpython-310/gsplat/cuda/csrc/third_party/glm/doc/api
  copying gsplat/cuda/csrc/third_party/glm/doc/api/a00954.html -> build/lib.linux-x86_64-cpython-310/gsplat/cuda/csrc/third_party/glm/doc/api
  copying gsplat/cuda/csrc/third_party/glm/doc/api/a00955.html -> build/lib.linux-x86_64-cpython-310/gsplat/cuda/csrc/third_party/glm/doc/api
  copying gsplat/cuda/csrc/third_party/glm/doc/api/a00956.html -> build/lib.linux-x86_64-cpython-310/gsplat/cuda/csrc/third_party/glm/doc/api
  copying gsplat/cuda/csrc/third_party/glm/doc/api/a00957.html -> build/lib.linux-x86_64-cpython-310/gsplat/cuda/csrc/third_party/glm/doc/api
  copying gsplat/cuda/csrc/third_party/glm/doc/api/a00958.html -> build/lib.linux-x86_64-cpython-310/gsplat/cuda/csrc/third_party/glm/doc/api
  copying gsplat/cuda/csrc/third_party/glm/doc/api/a00959.html -> build/lib.linux-x86_64-cpython-310/gsplat/cuda/csrc/third_party/glm/doc/api
  copying gsplat/cuda/csrc/third_party/glm/doc/api/a00960.html -> build/lib.linux-x86_64-cpython-310/gsplat/cuda/csrc/third_party/glm/doc/api
  copying gsplat/cuda/csrc/third_party/glm/doc/api/a00961.html -> build/lib.linux-x86_64-cpython-310/gsplat/cuda/csrc/third_party/glm/doc/api
  copying gsplat/cuda/csrc/third_party/glm/doc/api/a00962.html -> build/lib.linux-x86_64-cpython-310/gsplat/cuda/csrc/third_party/glm/doc/api
  copying gsplat/cuda/csrc/third_party/glm/doc/api/a00963.html -> build/lib.linux-x86_64-cpython-310/gsplat/cuda/csrc/third_party/glm/doc/api
  copying gsplat/cuda/csrc/third_party/glm/doc/api/a00964.html -> build/lib.linux-x86_64-cpython-310/gsplat/cuda/csrc/third_party/glm/doc/api
  copying gsplat/cuda/csrc/third_party/glm/doc/api/a00965.html -> build/lib.linux-x86_64-cpython-310/gsplat/cuda/csrc/third_party/glm/doc/api
  copying gsplat/cuda/csrc/third_party/glm/doc/api/a00966.html -> build/lib.linux-x86_64-cpython-310/gsplat/cuda/csrc/third_party/glm/doc/api
  copying gsplat/cuda/csrc/third_party/glm/doc/api/a00967.html -> build/lib.linux-x86_64-cpython-310/gsplat/cuda/csrc/third_party/glm/doc/api
  copying gsplat/cuda/csrc/third_party/glm/doc/api/a00968.html -> build/lib.linux-x86_64-cpython-310/gsplat/cuda/csrc/third_party/glm/doc/api
  copying gsplat/cuda/csrc/third_party/glm/doc/api/a00969.html -> build/lib.linux-x86_64-cpython-310/gsplat/cuda/csrc/third_party/glm/doc/api
  copying gsplat/cuda/csrc/third_party/glm/doc/api/a00970.html -> build/lib.linux-x86_64-cpython-310/gsplat/cuda/csrc/third_party/glm/doc/api
  copying gsplat/cuda/csrc/third_party/glm/doc/api/a00971.html -> build/lib.linux-x86_64-cpython-310/gsplat/cuda/csrc/third_party/glm/doc/api
  copying gsplat/cuda/csrc/third_party/glm/doc/api/a00972.html -> build/lib.linux-x86_64-cpython-310/gsplat/cuda/csrc/third_party/glm/doc/api
  copying gsplat/cuda/csrc/third_party/glm/doc/api/a00973.html -> build/lib.linux-x86_64-cpython-310/gsplat/cuda/csrc/third_party/glm/doc/api
  copying gsplat/cuda/csrc/third_party/glm/doc/api/a00974.html -> build/lib.linux-x86_64-cpython-310/gsplat/cuda/csrc/third_party/glm/doc/api
  copying gsplat/cuda/csrc/third_party/glm/doc/api/a00975.html -> build/lib.linux-x86_64-cpython-310/gsplat/cuda/csrc/third_party/glm/doc/api
  copying gsplat/cuda/csrc/third_party/glm/doc/api/a00976.html -> build/lib.linux-x86_64-cpython-310/gsplat/cuda/csrc/third_party/glm/doc/api
  copying gsplat/cuda/csrc/third_party/glm/doc/api/a00977.html -> build/lib.linux-x86_64-cpython-310/gsplat/cuda/csrc/third_party/glm/doc/api
  copying gsplat/cuda/csrc/third_party/glm/doc/api/a00978.html -> build/lib.linux-x86_64-cpython-310/gsplat/cuda/csrc/third_party/glm/doc/api
  copying gsplat/cuda/csrc/third_party/glm/doc/api/a00979.html -> build/lib.linux-x86_64-cpython-310/gsplat/cuda/csrc/third_party/glm/doc/api
  copying gsplat/cuda/csrc/third_party/glm/doc/api/a00980.html -> build/lib.linux-x86_64-cpython-310/gsplat/cuda/csrc/third_party/glm/doc/api
  copying gsplat/cuda/csrc/third_party/glm/doc/api/a00981.html -> build/lib.linux-x86_64-cpython-310/gsplat/cuda/csrc/third_party/glm/doc/api
  copying gsplat/cuda/csrc/third_party/glm/doc/api/a00982.html -> build/lib.linux-x86_64-cpython-310/gsplat/cuda/csrc/third_party/glm/doc/api
  copying gsplat/cuda/csrc/third_party/glm/doc/api/a00983.html -> build/lib.linux-x86_64-cpython-310/gsplat/cuda/csrc/third_party/glm/doc/api
  copying gsplat/cuda/csrc/third_party/glm/doc/api/a00984.html -> build/lib.linux-x86_64-cpython-310/gsplat/cuda/csrc/third_party/glm/doc/api
  copying gsplat/cuda/csrc/third_party/glm/doc/api/a00985.html -> build/lib.linux-x86_64-cpython-310/gsplat/cuda/csrc/third_party/glm/doc/api
  copying gsplat/cuda/csrc/third_party/glm/doc/api/a01558.html -> build/lib.linux-x86_64-cpython-310/gsplat/cuda/csrc/third_party/glm/doc/api
  copying gsplat/cuda/csrc/third_party/glm/doc/api/a01558_source.html -> build/lib.linux-x86_64-cpython-310/gsplat/cuda/csrc/third_party/glm/doc/api
  copying gsplat/cuda/csrc/third_party/glm/doc/api/a01561.html -> build/lib.linux-x86_64-cpython-310/gsplat/cuda/csrc/third_party/glm/doc/api
  copying gsplat/cuda/csrc/third_party/glm/doc/api/a01561_source.html -> build/lib.linux-x86_64-cpython-310/gsplat/cuda/csrc/third_party/glm/doc/api
  copying gsplat/cuda/csrc/third_party/glm/doc/api/a01564.html -> build/lib.linux-x86_64-cpython-310/gsplat/cuda/csrc/third_party/glm/doc/api
  copying gsplat/cuda/csrc/third_party/glm/doc/api/a01564_source.html -> build/lib.linux-x86_64-cpython-310/gsplat/cuda/csrc/third_party/glm/doc/api
  copying gsplat/cuda/csrc/third_party/glm/doc/api/a01567.html -> build/lib.linux-x86_64-cpython-310/gsplat/cuda/csrc/third_party/glm/doc/api
  copying gsplat/cuda/csrc/third_party/glm/doc/api/a01567_source.html -> build/lib.linux-x86_64-cpython-310/gsplat/cuda/csrc/third_party/glm/doc/api
  copying gsplat/cuda/csrc/third_party/glm/doc/api/a01570.html -> build/lib.linux-x86_64-cpython-310/gsplat/cuda/csrc/third_party/glm/doc/api
  copying gsplat/cuda/csrc/third_party/glm/doc/api/a01570_source.html -> build/lib.linux-x86_64-cpython-310/gsplat/cuda/csrc/third_party/glm/doc/api
  copying gsplat/cuda/csrc/third_party/glm/doc/api/a01573.html -> build/lib.linux-x86_64-cpython-310/gsplat/cuda/csrc/third_party/glm/doc/api
  copying gsplat/cuda/csrc/third_party/glm/doc/api/a01573_source.html -> build/lib.linux-x86_64-cpython-310/gsplat/cuda/csrc/third_party/glm/doc/api
  copying gsplat/cuda/csrc/third_party/glm/doc/api/a01576.html -> build/lib.linux-x86_64-cpython-310/gsplat/cuda/csrc/third_party/glm/doc/api
  copying gsplat/cuda/csrc/third_party/glm/doc/api/a01576_source.html -> build/lib.linux-x86_64-cpython-310/gsplat/cuda/csrc/third_party/glm/doc/api
  copying gsplat/cuda/csrc/third_party/glm/doc/api/a01579.html -> build/lib.linux-x86_64-cpython-310/gsplat/cuda/csrc/third_party/glm/doc/api
  copying gsplat/cuda/csrc/third_party/glm/doc/api/a01579_source.html -> build/lib.linux-x86_64-cpython-310/gsplat/cuda/csrc/third_party/glm/doc/api
  copying gsplat/cuda/csrc/third_party/glm/doc/api/a01582.html -> build/lib.linux-x86_64-cpython-310/gsplat/cuda/csrc/third_party/glm/doc/api
  copying gsplat/cuda/csrc/third_party/glm/doc/api/a01582_source.html -> build/lib.linux-x86_64-cpython-310/gsplat/cuda/csrc/third_party/glm/doc/api
  copying gsplat/cuda/csrc/third_party/glm/doc/api/a01585.html -> build/lib.linux-x86_64-cpython-310/gsplat/cuda/csrc/third_party/glm/doc/api
  copying gsplat/cuda/csrc/third_party/glm/doc/api/a01585_source.html -> build/lib.linux-x86_64-cpython-310/gsplat/cuda/csrc/third_party/glm/doc/api
  copying gsplat/cuda/csrc/third_party/glm/doc/api/a01588.html -> build/lib.linux-x86_64-cpython-310/gsplat/cuda/csrc/third_party/glm/doc/api
  copying gsplat/cuda/csrc/third_party/glm/doc/api/a01588_source.html -> build/lib.linux-x86_64-cpython-310/gsplat/cuda/csrc/third_party/glm/doc/api
  copying gsplat/cuda/csrc/third_party/glm/doc/api/a01591.html -> build/lib.linux-x86_64-cpython-310/gsplat/cuda/csrc/third_party/glm/doc/api
  copying gsplat/cuda/csrc/third_party/glm/doc/api/a01591_source.html -> build/lib.linux-x86_64-cpython-310/gsplat/cuda/csrc/third_party/glm/doc/api
  copying gsplat/cuda/csrc/third_party/glm/doc/api/a01594.html -> build/lib.linux-x86_64-cpython-310/gsplat/cuda/csrc/third_party/glm/doc/api
  copying gsplat/cuda/csrc/third_party/glm/doc/api/a01594_source.html -> build/lib.linux-x86_64-cpython-310/gsplat/cuda/csrc/third_party/glm/doc/api
  copying gsplat/cuda/csrc/third_party/glm/doc/api/a01597.html -> build/lib.linux-x86_64-cpython-310/gsplat/cuda/csrc/third_party/glm/doc/api
  copying gsplat/cuda/csrc/third_party/glm/doc/api/a01597_source.html -> build/lib.linux-x86_64-cpython-310/gsplat/cuda/csrc/third_party/glm/doc/api
  copying gsplat/cuda/csrc/third_party/glm/doc/api/a01600.html -> build/lib.linux-x86_64-cpython-310/gsplat/cuda/csrc/third_party/glm/doc/api
  copying gsplat/cuda/csrc/third_party/glm/doc/api/a01600_source.html -> build/lib.linux-x86_64-cpython-310/gsplat/cuda/csrc/third_party/glm/doc/api
  copying gsplat/cuda/csrc/third_party/glm/doc/api/a01603.html -> build/lib.linux-x86_64-cpython-310/gsplat/cuda/csrc/third_party/glm/doc/api
  copying gsplat/cuda/csrc/third_party/glm/doc/api/a01603_source.html -> build/lib.linux-x86_64-cpython-310/gsplat/cuda/csrc/third_party/glm/doc/api
  copying gsplat/cuda/csrc/third_party/glm/doc/api/a01606.html -> build/lib.linux-x86_64-cpython-310/gsplat/cuda/csrc/third_party/glm/doc/api
  copying gsplat/cuda/csrc/third_party/glm/doc/api/a01606_source.html -> build/lib.linux-x86_64-cpython-310/gsplat/cuda/csrc/third_party/glm/doc/api
  copying gsplat/cuda/csrc/third_party/glm/doc/api/arrowdown.png -> build/lib.linux-x86_64-cpython-310/gsplat/cuda/csrc/third_party/glm/doc/api
  copying gsplat/cuda/csrc/third_party/glm/doc/api/arrowright.png -> build/lib.linux-x86_64-cpython-310/gsplat/cuda/csrc/third_party/glm/doc/api
  copying gsplat/cuda/csrc/third_party/glm/doc/api/bc_s.png -> build/lib.linux-x86_64-cpython-310/gsplat/cuda/csrc/third_party/glm/doc/api
  copying gsplat/cuda/csrc/third_party/glm/doc/api/bdwn.png -> build/lib.linux-x86_64-cpython-310/gsplat/cuda/csrc/third_party/glm/doc/api
  copying gsplat/cuda/csrc/third_party/glm/doc/api/closed.png -> build/lib.linux-x86_64-cpython-310/gsplat/cuda/csrc/third_party/glm/doc/api
  copying gsplat/cuda/csrc/third_party/glm/doc/api/dir_382f4fd018b81be8753cb53c0a41a09a.html -> build/lib.linux-x86_64-cpython-310/gsplat/cuda/csrc/third_party/glm/doc/api
  copying gsplat/cuda/csrc/third_party/glm/doc/api/dir_50f12b6ceb23d7f6adfb377a1ae8b006.html -> build/lib.linux-x86_64-cpython-310/gsplat/cuda/csrc/third_party/glm/doc/api
  copying gsplat/cuda/csrc/third_party/glm/doc/api/dir_628fd60eb37daf5aa9a81e3983c640b7.html -> build/lib.linux-x86_64-cpython-310/gsplat/cuda/csrc/third_party/glm/doc/api
  copying gsplat/cuda/csrc/third_party/glm/doc/api/dir_63ed049134a778d525e06b63afc2c979.html -> build/lib.linux-x86_64-cpython-310/gsplat/cuda/csrc/third_party/glm/doc/api
  copying gsplat/cuda/csrc/third_party/glm/doc/api/dir_885cc87fac2d91e269af0a5a959fa5f6.html -> build/lib.linux-x86_64-cpython-310/gsplat/cuda/csrc/third_party/glm/doc/api
  copying gsplat/cuda/csrc/third_party/glm/doc/api/dir_b11711034def6a4ce452fe9c451dd3d0.html -> build/lib.linux-x86_64-cpython-310/gsplat/cuda/csrc/third_party/glm/doc/api
  copying gsplat/cuda/csrc/third_party/glm/doc/api/dir_b171cecbb853a9ee4caace490047c53f.html -> build/lib.linux-x86_64-cpython-310/gsplat/cuda/csrc/third_party/glm/doc/api
  copying gsplat/cuda/csrc/third_party/glm/doc/api/dir_c98a9ac98258ab9f831b188d66361a70.html -> build/lib.linux-x86_64-cpython-310/gsplat/cuda/csrc/third_party/glm/doc/api
  copying gsplat/cuda/csrc/third_party/glm/doc/api/dir_d9678a6a9012da969e0b059b39347945.html -> build/lib.linux-x86_64-cpython-310/gsplat/cuda/csrc/third_party/glm/doc/api
  copying gsplat/cuda/csrc/third_party/glm/doc/api/dir_fca33f1b5115d46f42c670590789c0d2.html -> build/lib.linux-x86_64-cpython-310/gsplat/cuda/csrc/third_party/glm/doc/api
  copying gsplat/cuda/csrc/third_party/glm/doc/api/doc.png -> build/lib.linux-x86_64-cpython-310/gsplat/cuda/csrc/third_party/glm/doc/api
  copying gsplat/cuda/csrc/third_party/glm/doc/api/doxygen.css -> build/lib.linux-x86_64-cpython-310/gsplat/cuda/csrc/third_party/glm/doc/api
  copying gsplat/cuda/csrc/third_party/glm/doc/api/doxygen.png -> build/lib.linux-x86_64-cpython-310/gsplat/cuda/csrc/third_party/glm/doc/api
  copying gsplat/cuda/csrc/third_party/glm/doc/api/dynsections.js -> build/lib.linux-x86_64-cpython-310/gsplat/cuda/csrc/third_party/glm/doc/api
  copying gsplat/cuda/csrc/third_party/glm/doc/api/files.html -> build/lib.linux-x86_64-cpython-310/gsplat/cuda/csrc/third_party/glm/doc/api
  copying gsplat/cuda/csrc/third_party/glm/doc/api/folderclosed.png -> build/lib.linux-x86_64-cpython-310/gsplat/cuda/csrc/third_party/glm/doc/api
  copying gsplat/cuda/csrc/third_party/glm/doc/api/folderopen.png -> build/lib.linux-x86_64-cpython-310/gsplat/cuda/csrc/third_party/glm/doc/api
  copying gsplat/cuda/csrc/third_party/glm/doc/api/index.html -> build/lib.linux-x86_64-cpython-310/gsplat/cuda/csrc/third_party/glm/doc/api
  copying gsplat/cuda/csrc/third_party/glm/doc/api/jquery.js -> build/lib.linux-x86_64-cpython-310/gsplat/cuda/csrc/third_party/glm/doc/api
  copying gsplat/cuda/csrc/third_party/glm/doc/api/logo-mini.png -> build/lib.linux-x86_64-cpython-310/gsplat/cuda/csrc/third_party/glm/doc/api
  copying gsplat/cuda/csrc/third_party/glm/doc/api/menu.js -> build/lib.linux-x86_64-cpython-310/gsplat/cuda/csrc/third_party/glm/doc/api
  copying gsplat/cuda/csrc/third_party/glm/doc/api/menudata.js -> build/lib.linux-x86_64-cpython-310/gsplat/cuda/csrc/third_party/glm/doc/api
  copying gsplat/cuda/csrc/third_party/glm/doc/api/modules.html -> build/lib.linux-x86_64-cpython-310/gsplat/cuda/csrc/third_party/glm/doc/api
  copying gsplat/cuda/csrc/third_party/glm/doc/api/nav_f.png -> build/lib.linux-x86_64-cpython-310/gsplat/cuda/csrc/third_party/glm/doc/api
  copying gsplat/cuda/csrc/third_party/glm/doc/api/nav_g.png -> build/lib.linux-x86_64-cpython-310/gsplat/cuda/csrc/third_party/glm/doc/api
  copying gsplat/cuda/csrc/third_party/glm/doc/api/nav_h.png -> build/lib.linux-x86_64-cpython-310/gsplat/cuda/csrc/third_party/glm/doc/api
  copying gsplat/cuda/csrc/third_party/glm/doc/api/open.png -> build/lib.linux-x86_64-cpython-310/gsplat/cuda/csrc/third_party/glm/doc/api
  copying gsplat/cuda/csrc/third_party/glm/doc/api/splitbar.png -> build/lib.linux-x86_64-cpython-310/gsplat/cuda/csrc/third_party/glm/doc/api
  copying gsplat/cuda/csrc/third_party/glm/doc/api/sync_off.png -> build/lib.linux-x86_64-cpython-310/gsplat/cuda/csrc/third_party/glm/doc/api
  copying gsplat/cuda/csrc/third_party/glm/doc/api/sync_on.png -> build/lib.linux-x86_64-cpython-310/gsplat/cuda/csrc/third_party/glm/doc/api
  copying gsplat/cuda/csrc/third_party/glm/doc/api/tab_a.png -> build/lib.linux-x86_64-cpython-310/gsplat/cuda/csrc/third_party/glm/doc/api
  copying gsplat/cuda/csrc/third_party/glm/doc/api/tab_b.png -> build/lib.linux-x86_64-cpython-310/gsplat/cuda/csrc/third_party/glm/doc/api
  copying gsplat/cuda/csrc/third_party/glm/doc/api/tab_h.png -> build/lib.linux-x86_64-cpython-310/gsplat/cuda/csrc/third_party/glm/doc/api
  copying gsplat/cuda/csrc/third_party/glm/doc/api/tab_s.png -> build/lib.linux-x86_64-cpython-310/gsplat/cuda/csrc/third_party/glm/doc/api
  copying gsplat/cuda/csrc/third_party/glm/doc/api/tabs.css -> build/lib.linux-x86_64-cpython-310/gsplat/cuda/csrc/third_party/glm/doc/api
  creating build/lib.linux-x86_64-cpython-310/gsplat/cuda/csrc/third_party/glm/doc/api/search
  copying gsplat/cuda/csrc/third_party/glm/doc/api/search/all_0.html -> build/lib.linux-x86_64-cpython-310/gsplat/cuda/csrc/third_party/glm/doc/api/search
  copying gsplat/cuda/csrc/third_party/glm/doc/api/search/all_0.js -> build/lib.linux-x86_64-cpython-310/gsplat/cuda/csrc/third_party/glm/doc/api/search
  copying gsplat/cuda/csrc/third_party/glm/doc/api/search/all_1.html -> build/lib.linux-x86_64-cpython-310/gsplat/cuda/csrc/third_party/glm/doc/api/search
  copying gsplat/cuda/csrc/third_party/glm/doc/api/search/all_1.js -> build/lib.linux-x86_64-cpython-310/gsplat/cuda/csrc/third_party/glm/doc/api/search
  copying gsplat/cuda/csrc/third_party/glm/doc/api/search/all_10.html -> build/lib.linux-x86_64-cpython-310/gsplat/cuda/csrc/third_party/glm/doc/api/search
  copying gsplat/cuda/csrc/third_party/glm/doc/api/search/all_10.js -> build/lib.linux-x86_64-cpython-310/gsplat/cuda/csrc/third_party/glm/doc/api/search
  copying gsplat/cuda/csrc/third_party/glm/doc/api/search/all_11.html -> build/lib.linux-x86_64-cpython-310/gsplat/cuda/csrc/third_party/glm/doc/api/search
  copying gsplat/cuda/csrc/third_party/glm/doc/api/search/all_11.js -> build/lib.linux-x86_64-cpython-310/gsplat/cuda/csrc/third_party/glm/doc/api/search
  copying gsplat/cuda/csrc/third_party/glm/doc/api/search/all_12.html -> build/lib.linux-x86_64-cpython-310/gsplat/cuda/csrc/third_party/glm/doc/api/search
  copying gsplat/cuda/csrc/third_party/glm/doc/api/search/all_12.js -> build/lib.linux-x86_64-cpython-310/gsplat/cuda/csrc/third_party/glm/doc/api/search
  copying gsplat/cuda/csrc/third_party/glm/doc/api/search/all_13.html -> build/lib.linux-x86_64-cpython-310/gsplat/cuda/csrc/third_party/glm/doc/api/search
  copying gsplat/cuda/csrc/third_party/glm/doc/api/search/all_13.js -> build/lib.linux-x86_64-cpython-310/gsplat/cuda/csrc/third_party/glm/doc/api/search
  copying gsplat/cuda/csrc/third_party/glm/doc/api/search/all_14.html -> build/lib.linux-x86_64-cpython-310/gsplat/cuda/csrc/third_party/glm/doc/api/search
  copying gsplat/cuda/csrc/third_party/glm/doc/api/search/all_14.js -> build/lib.linux-x86_64-cpython-310/gsplat/cuda/csrc/third_party/glm/doc/api/search
  copying gsplat/cuda/csrc/third_party/glm/doc/api/search/all_15.html -> build/lib.linux-x86_64-cpython-310/gsplat/cuda/csrc/third_party/glm/doc/api/search
  copying gsplat/cuda/csrc/third_party/glm/doc/api/search/all_15.js -> build/lib.linux-x86_64-cpython-310/gsplat/cuda/csrc/third_party/glm/doc/api/search
  copying gsplat/cuda/csrc/third_party/glm/doc/api/search/all_16.html -> build/lib.linux-x86_64-cpython-310/gsplat/cuda/csrc/third_party/glm/doc/api/search
  copying gsplat/cuda/csrc/third_party/glm/doc/api/search/all_16.js -> build/lib.linux-x86_64-cpython-310/gsplat/cuda/csrc/third_party/glm/doc/api/search
  copying gsplat/cuda/csrc/third_party/glm/doc/api/search/all_2.html -> build/lib.linux-x86_64-cpython-310/gsplat/cuda/csrc/third_party/glm/doc/api/search
  copying gsplat/cuda/csrc/third_party/glm/doc/api/search/all_2.js -> build/lib.linux-x86_64-cpython-310/gsplat/cuda/csrc/third_party/glm/doc/api/search
  copying gsplat/cuda/csrc/third_party/glm/doc/api/search/all_3.html -> build/lib.linux-x86_64-cpython-310/gsplat/cuda/csrc/third_party/glm/doc/api/search
  copying gsplat/cuda/csrc/third_party/glm/doc/api/search/all_3.js -> build/lib.linux-x86_64-cpython-310/gsplat/cuda/csrc/third_party/glm/doc/api/search
  copying gsplat/cuda/csrc/third_party/glm/doc/api/search/all_4.html -> build/lib.linux-x86_64-cpython-310/gsplat/cuda/csrc/third_party/glm/doc/api/search
  copying gsplat/cuda/csrc/third_party/glm/doc/api/search/all_4.js -> build/lib.linux-x86_64-cpython-310/gsplat/cuda/csrc/third_party/glm/doc/api/search
  copying gsplat/cuda/csrc/third_party/glm/doc/api/search/all_5.html -> build/lib.linux-x86_64-cpython-310/gsplat/cuda/csrc/third_party/glm/doc/api/search
  copying gsplat/cuda/csrc/third_party/glm/doc/api/search/all_5.js -> build/lib.linux-x86_64-cpython-310/gsplat/cuda/csrc/third_party/glm/doc/api/search
  copying gsplat/cuda/csrc/third_party/glm/doc/api/search/all_6.html -> build/lib.linux-x86_64-cpython-310/gsplat/cuda/csrc/third_party/glm/doc/api/search
  copying gsplat/cuda/csrc/third_party/glm/doc/api/search/all_6.js -> build/lib.linux-x86_64-cpython-310/gsplat/cuda/csrc/third_party/glm/doc/api/search
  copying gsplat/cuda/csrc/third_party/glm/doc/api/search/all_7.html -> build/lib.linux-x86_64-cpython-310/gsplat/cuda/csrc/third_party/glm/doc/api/search
  copying gsplat/cuda/csrc/third_party/glm/doc/api/search/all_7.js -> build/lib.linux-x86_64-cpython-310/gsplat/cuda/csrc/third_party/glm/doc/api/search
  copying gsplat/cuda/csrc/third_party/glm/doc/api/search/all_8.html -> build/lib.linux-x86_64-cpython-310/gsplat/cuda/csrc/third_party/glm/doc/api/search
  copying gsplat/cuda/csrc/third_party/glm/doc/api/search/all_8.js -> build/lib.linux-x86_64-cpython-310/gsplat/cuda/csrc/third_party/glm/doc/api/search
  copying gsplat/cuda/csrc/third_party/glm/doc/api/search/all_9.html -> build/lib.linux-x86_64-cpython-310/gsplat/cuda/csrc/third_party/glm/doc/api/search
  copying gsplat/cuda/csrc/third_party/glm/doc/api/search/all_9.js -> build/lib.linux-x86_64-cpython-310/gsplat/cuda/csrc/third_party/glm/doc/api/search
  copying gsplat/cuda/csrc/third_party/glm/doc/api/search/all_a.html -> build/lib.linux-x86_64-cpython-310/gsplat/cuda/csrc/third_party/glm/doc/api/search
  copying gsplat/cuda/csrc/third_party/glm/doc/api/search/all_a.js -> build/lib.linux-x86_64-cpython-310/gsplat/cuda/csrc/third_party/glm/doc/api/search
  copying gsplat/cuda/csrc/third_party/glm/doc/api/search/all_b.html -> build/lib.linux-x86_64-cpython-310/gsplat/cuda/csrc/third_party/glm/doc/api/search
  copying gsplat/cuda/csrc/third_party/glm/doc/api/search/all_b.js -> build/lib.linux-x86_64-cpython-310/gsplat/cuda/csrc/third_party/glm/doc/api/search
  copying gsplat/cuda/csrc/third_party/glm/doc/api/search/all_c.html -> build/lib.linux-x86_64-cpython-310/gsplat/cuda/csrc/third_party/glm/doc/api/search
  copying gsplat/cuda/csrc/third_party/glm/doc/api/search/all_c.js -> build/lib.linux-x86_64-cpython-310/gsplat/cuda/csrc/third_party/glm/doc/api/search
  copying gsplat/cuda/csrc/third_party/glm/doc/api/search/all_d.html -> build/lib.linux-x86_64-cpython-310/gsplat/cuda/csrc/third_party/glm/doc/api/search
  copying gsplat/cuda/csrc/third_party/glm/doc/api/search/all_d.js -> build/lib.linux-x86_64-cpython-310/gsplat/cuda/csrc/third_party/glm/doc/api/search
  copying gsplat/cuda/csrc/third_party/glm/doc/api/search/all_e.html -> build/lib.linux-x86_64-cpython-310/gsplat/cuda/csrc/third_party/glm/doc/api/search
  copying gsplat/cuda/csrc/third_party/glm/doc/api/search/all_e.js -> build/lib.linux-x86_64-cpython-310/gsplat/cuda/csrc/third_party/glm/doc/api/search
  copying gsplat/cuda/csrc/third_party/glm/doc/api/search/all_f.html -> build/lib.linux-x86_64-cpython-310/gsplat/cuda/csrc/third_party/glm/doc/api/search
  copying gsplat/cuda/csrc/third_party/glm/doc/api/search/all_f.js -> build/lib.linux-x86_64-cpython-310/gsplat/cuda/csrc/third_party/glm/doc/api/search
  copying gsplat/cuda/csrc/third_party/glm/doc/api/search/close.png -> build/lib.linux-x86_64-cpython-310/gsplat/cuda/csrc/third_party/glm/doc/api/search
  copying gsplat/cuda/csrc/third_party/glm/doc/api/search/files_0.html -> build/lib.linux-x86_64-cpython-310/gsplat/cuda/csrc/third_party/glm/doc/api/search
  copying gsplat/cuda/csrc/third_party/glm/doc/api/search/files_0.js -> build/lib.linux-x86_64-cpython-310/gsplat/cuda/csrc/third_party/glm/doc/api/search
  copying gsplat/cuda/csrc/third_party/glm/doc/api/search/files_1.html -> build/lib.linux-x86_64-cpython-310/gsplat/cuda/csrc/third_party/glm/doc/api/search
  copying gsplat/cuda/csrc/third_party/glm/doc/api/search/files_1.js -> build/lib.linux-x86_64-cpython-310/gsplat/cuda/csrc/third_party/glm/doc/api/search
  copying gsplat/cuda/csrc/third_party/glm/doc/api/search/files_10.html -> build/lib.linux-x86_64-cpython-310/gsplat/cuda/csrc/third_party/glm/doc/api/search
  copying gsplat/cuda/csrc/third_party/glm/doc/api/search/files_10.js -> build/lib.linux-x86_64-cpython-310/gsplat/cuda/csrc/third_party/glm/doc/api/search
  copying gsplat/cuda/csrc/third_party/glm/doc/api/search/files_11.html -> build/lib.linux-x86_64-cpython-310/gsplat/cuda/csrc/third_party/glm/doc/api/search
  copying gsplat/cuda/csrc/third_party/glm/doc/api/search/files_11.js -> build/lib.linux-x86_64-cpython-310/gsplat/cuda/csrc/third_party/glm/doc/api/search
  copying gsplat/cuda/csrc/third_party/glm/doc/api/search/files_12.html -> build/lib.linux-x86_64-cpython-310/gsplat/cuda/csrc/third_party/glm/doc/api/search
  copying gsplat/cuda/csrc/third_party/glm/doc/api/search/files_12.js -> build/lib.linux-x86_64-cpython-310/gsplat/cuda/csrc/third_party/glm/doc/api/search
  copying gsplat/cuda/csrc/third_party/glm/doc/api/search/files_13.html -> build/lib.linux-x86_64-cpython-310/gsplat/cuda/csrc/third_party/glm/doc/api/search
  copying gsplat/cuda/csrc/third_party/glm/doc/api/search/files_13.js -> build/lib.linux-x86_64-cpython-310/gsplat/cuda/csrc/third_party/glm/doc/api/search
  copying gsplat/cuda/csrc/third_party/glm/doc/api/search/files_14.html -> build/lib.linux-x86_64-cpython-310/gsplat/cuda/csrc/third_party/glm/doc/api/search
  copying gsplat/cuda/csrc/third_party/glm/doc/api/search/files_14.js -> build/lib.linux-x86_64-cpython-310/gsplat/cuda/csrc/third_party/glm/doc/api/search
  copying gsplat/cuda/csrc/third_party/glm/doc/api/search/files_2.html -> build/lib.linux-x86_64-cpython-310/gsplat/cuda/csrc/third_party/glm/doc/api/search
  copying gsplat/cuda/csrc/third_party/glm/doc/api/search/files_2.js -> build/lib.linux-x86_64-cpython-310/gsplat/cuda/csrc/third_party/glm/doc/api/search
  copying gsplat/cuda/csrc/third_party/glm/doc/api/search/files_3.html -> build/lib.linux-x86_64-cpython-310/gsplat/cuda/csrc/third_party/glm/doc/api/search
  copying gsplat/cuda/csrc/third_party/glm/doc/api/search/files_3.js -> build/lib.linux-x86_64-cpython-310/gsplat/cuda/csrc/third_party/glm/doc/api/search
  copying gsplat/cuda/csrc/third_party/glm/doc/api/search/files_4.html -> build/lib.linux-x86_64-cpython-310/gsplat/cuda/csrc/third_party/glm/doc/api/search
  copying gsplat/cuda/csrc/third_party/glm/doc/api/search/files_4.js -> build/lib.linux-x86_64-cpython-310/gsplat/cuda/csrc/third_party/glm/doc/api/search
  copying gsplat/cuda/csrc/third_party/glm/doc/api/search/files_5.html -> build/lib.linux-x86_64-cpython-310/gsplat/cuda/csrc/third_party/glm/doc/api/search
  copying gsplat/cuda/csrc/third_party/glm/doc/api/search/files_5.js -> build/lib.linux-x86_64-cpython-310/gsplat/cuda/csrc/third_party/glm/doc/api/search
  copying gsplat/cuda/csrc/third_party/glm/doc/api/search/files_6.html -> build/lib.linux-x86_64-cpython-310/gsplat/cuda/csrc/third_party/glm/doc/api/search
  copying gsplat/cuda/csrc/third_party/glm/doc/api/search/files_6.js -> build/lib.linux-x86_64-cpython-310/gsplat/cuda/csrc/third_party/glm/doc/api/search
  copying gsplat/cuda/csrc/third_party/glm/doc/api/search/files_7.html -> build/lib.linux-x86_64-cpython-310/gsplat/cuda/csrc/third_party/glm/doc/api/search
  copying gsplat/cuda/csrc/third_party/glm/doc/api/search/files_7.js -> build/lib.linux-x86_64-cpython-310/gsplat/cuda/csrc/third_party/glm/doc/api/search
  copying gsplat/cuda/csrc/third_party/glm/doc/api/search/files_8.html -> build/lib.linux-x86_64-cpython-310/gsplat/cuda/csrc/third_party/glm/doc/api/search
  copying gsplat/cuda/csrc/third_party/glm/doc/api/search/files_8.js -> build/lib.linux-x86_64-cpython-310/gsplat/cuda/csrc/third_party/glm/doc/api/search
  copying gsplat/cuda/csrc/third_party/glm/doc/api/search/files_9.html -> build/lib.linux-x86_64-cpython-310/gsplat/cuda/csrc/third_party/glm/doc/api/search
  copying gsplat/cuda/csrc/third_party/glm/doc/api/search/files_9.js -> build/lib.linux-x86_64-cpython-310/gsplat/cuda/csrc/third_party/glm/doc/api/search
  copying gsplat/cuda/csrc/third_party/glm/doc/api/search/files_a.html -> build/lib.linux-x86_64-cpython-310/gsplat/cuda/csrc/third_party/glm/doc/api/search
  copying gsplat/cuda/csrc/third_party/glm/doc/api/search/files_a.js -> build/lib.linux-x86_64-cpython-310/gsplat/cuda/csrc/third_party/glm/doc/api/search
  copying gsplat/cuda/csrc/third_party/glm/doc/api/search/files_b.html -> build/lib.linux-x86_64-cpython-310/gsplat/cuda/csrc/third_party/glm/doc/api/search
  copying gsplat/cuda/csrc/third_party/glm/doc/api/search/files_b.js -> build/lib.linux-x86_64-cpython-310/gsplat/cuda/csrc/third_party/glm/doc/api/search
  copying gsplat/cuda/csrc/third_party/glm/doc/api/search/files_c.html -> build/lib.linux-x86_64-cpython-310/gsplat/cuda/csrc/third_party/glm/doc/api/search
  copying gsplat/cuda/csrc/third_party/glm/doc/api/search/files_c.js -> build/lib.linux-x86_64-cpython-310/gsplat/cuda/csrc/third_party/glm/doc/api/search
  copying gsplat/cuda/csrc/third_party/glm/doc/api/search/files_d.html -> build/lib.linux-x86_64-cpython-310/gsplat/cuda/csrc/third_party/glm/doc/api/search
  copying gsplat/cuda/csrc/third_party/glm/doc/api/search/files_d.js -> build/lib.linux-x86_64-cpython-310/gsplat/cuda/csrc/third_party/glm/doc/api/search
  copying gsplat/cuda/csrc/third_party/glm/doc/api/search/files_e.html -> build/lib.linux-x86_64-cpython-310/gsplat/cuda/csrc/third_party/glm/doc/api/search
  copying gsplat/cuda/csrc/third_party/glm/doc/api/search/files_e.js -> build/lib.linux-x86_64-cpython-310/gsplat/cuda/csrc/third_party/glm/doc/api/search
  copying gsplat/cuda/csrc/third_party/glm/doc/api/search/files_f.html -> build/lib.linux-x86_64-cpython-310/gsplat/cuda/csrc/third_party/glm/doc/api/search
  copying gsplat/cuda/csrc/third_party/glm/doc/api/search/files_f.js -> build/lib.linux-x86_64-cpython-310/gsplat/cuda/csrc/third_party/glm/doc/api/search
  copying gsplat/cuda/csrc/third_party/glm/doc/api/search/functions_0.html -> build/lib.linux-x86_64-cpython-310/gsplat/cuda/csrc/third_party/glm/doc/api/search
  copying gsplat/cuda/csrc/third_party/glm/doc/api/search/functions_0.js -> build/lib.linux-x86_64-cpython-310/gsplat/cuda/csrc/third_party/glm/doc/api/search
  copying gsplat/cuda/csrc/third_party/glm/doc/api/search/functions_1.html -> build/lib.linux-x86_64-cpython-310/gsplat/cuda/csrc/third_party/glm/doc/api/search
  copying gsplat/cuda/csrc/third_party/glm/doc/api/search/functions_1.js -> build/lib.linux-x86_64-cpython-310/gsplat/cuda/csrc/third_party/glm/doc/api/search
  copying gsplat/cuda/csrc/third_party/glm/doc/api/search/functions_10.html -> build/lib.linux-x86_64-cpython-310/gsplat/cuda/csrc/third_party/glm/doc/api/search
  copying gsplat/cuda/csrc/third_party/glm/doc/api/search/functions_10.js -> build/lib.linux-x86_64-cpython-310/gsplat/cuda/csrc/third_party/glm/doc/api/search
  copying gsplat/cuda/csrc/third_party/glm/doc/api/search/functions_11.html -> build/lib.linux-x86_64-cpython-310/gsplat/cuda/csrc/third_party/glm/doc/api/search
  copying gsplat/cuda/csrc/third_party/glm/doc/api/search/functions_11.js -> build/lib.linux-x86_64-cpython-310/gsplat/cuda/csrc/third_party/glm/doc/api/search
  copying gsplat/cuda/csrc/third_party/glm/doc/api/search/functions_12.html -> build/lib.linux-x86_64-cpython-310/gsplat/cuda/csrc/third_party/glm/doc/api/search
  copying gsplat/cuda/csrc/third_party/glm/doc/api/search/functions_12.js -> build/lib.linux-x86_64-cpython-310/gsplat/cuda/csrc/third_party/glm/doc/api/search
  copying gsplat/cuda/csrc/third_party/glm/doc/api/search/functions_13.html -> build/lib.linux-x86_64-cpython-310/gsplat/cuda/csrc/third_party/glm/doc/api/search
  copying gsplat/cuda/csrc/third_party/glm/doc/api/search/functions_13.js -> build/lib.linux-x86_64-cpython-310/gsplat/cuda/csrc/third_party/glm/doc/api/search
  copying gsplat/cuda/csrc/third_party/glm/doc/api/search/functions_14.html -> build/lib.linux-x86_64-cpython-310/gsplat/cuda/csrc/third_party/glm/doc/api/search
  copying gsplat/cuda/csrc/third_party/glm/doc/api/search/functions_14.js -> build/lib.linux-x86_64-cpython-310/gsplat/cuda/csrc/third_party/glm/doc/api/search
  copying gsplat/cuda/csrc/third_party/glm/doc/api/search/functions_15.html -> build/lib.linux-x86_64-cpython-310/gsplat/cuda/csrc/third_party/glm/doc/api/search
  copying gsplat/cuda/csrc/third_party/glm/doc/api/search/functions_15.js -> build/lib.linux-x86_64-cpython-310/gsplat/cuda/csrc/third_party/glm/doc/api/search
  copying gsplat/cuda/csrc/third_party/glm/doc/api/search/functions_16.html -> build/lib.linux-x86_64-cpython-310/gsplat/cuda/csrc/third_party/glm/doc/api/search
  copying gsplat/cuda/csrc/third_party/glm/doc/api/search/functions_16.js -> build/lib.linux-x86_64-cpython-310/gsplat/cuda/csrc/third_party/glm/doc/api/search
  copying gsplat/cuda/csrc/third_party/glm/doc/api/search/functions_2.html -> build/lib.linux-x86_64-cpython-310/gsplat/cuda/csrc/third_party/glm/doc/api/search
  copying gsplat/cuda/csrc/third_party/glm/doc/api/search/functions_2.js -> build/lib.linux-x86_64-cpython-310/gsplat/cuda/csrc/third_party/glm/doc/api/search
  copying gsplat/cuda/csrc/third_party/glm/doc/api/search/functions_3.html -> build/lib.linux-x86_64-cpython-310/gsplat/cuda/csrc/third_party/glm/doc/api/search
  copying gsplat/cuda/csrc/third_party/glm/doc/api/search/functions_3.js -> build/lib.linux-x86_64-cpython-310/gsplat/cuda/csrc/third_party/glm/doc/api/search
  copying gsplat/cuda/csrc/third_party/glm/doc/api/search/functions_4.html -> build/lib.linux-x86_64-cpython-310/gsplat/cuda/csrc/third_party/glm/doc/api/search
  copying gsplat/cuda/csrc/third_party/glm/doc/api/search/functions_4.js -> build/lib.linux-x86_64-cpython-310/gsplat/cuda/csrc/third_party/glm/doc/api/search
  copying gsplat/cuda/csrc/third_party/glm/doc/api/search/functions_5.html -> build/lib.linux-x86_64-cpython-310/gsplat/cuda/csrc/third_party/glm/doc/api/search
  copying gsplat/cuda/csrc/third_party/glm/doc/api/search/functions_5.js -> build/lib.linux-x86_64-cpython-310/gsplat/cuda/csrc/third_party/glm/doc/api/search
  copying gsplat/cuda/csrc/third_party/glm/doc/api/search/functions_6.html -> build/lib.linux-x86_64-cpython-310/gsplat/cuda/csrc/third_party/glm/doc/api/search
  copying gsplat/cuda/csrc/third_party/glm/doc/api/search/functions_6.js -> build/lib.linux-x86_64-cpython-310/gsplat/cuda/csrc/third_party/glm/doc/api/search
  copying gsplat/cuda/csrc/third_party/glm/doc/api/search/functions_7.html -> build/lib.linux-x86_64-cpython-310/gsplat/cuda/csrc/third_party/glm/doc/api/search
  copying gsplat/cuda/csrc/third_party/glm/doc/api/search/functions_7.js -> build/lib.linux-x86_64-cpython-310/gsplat/cuda/csrc/third_party/glm/doc/api/search
  copying gsplat/cuda/csrc/third_party/glm/doc/api/search/functions_8.html -> build/lib.linux-x86_64-cpython-310/gsplat/cuda/csrc/third_party/glm/doc/api/search
  copying gsplat/cuda/csrc/third_party/glm/doc/api/search/functions_8.js -> build/lib.linux-x86_64-cpython-310/gsplat/cuda/csrc/third_party/glm/doc/api/search
  copying gsplat/cuda/csrc/third_party/glm/doc/api/search/functions_9.html -> build/lib.linux-x86_64-cpython-310/gsplat/cuda/csrc/third_party/glm/doc/api/search
  copying gsplat/cuda/csrc/third_party/glm/doc/api/search/functions_9.js -> build/lib.linux-x86_64-cpython-310/gsplat/cuda/csrc/third_party/glm/doc/api/search
  copying gsplat/cuda/csrc/third_party/glm/doc/api/search/functions_a.html -> build/lib.linux-x86_64-cpython-310/gsplat/cuda/csrc/third_party/glm/doc/api/search
  copying gsplat/cuda/csrc/third_party/glm/doc/api/search/functions_a.js -> build/lib.linux-x86_64-cpython-310/gsplat/cuda/csrc/third_party/glm/doc/api/search
  copying gsplat/cuda/csrc/third_party/glm/doc/api/search/functions_b.html -> build/lib.linux-x86_64-cpython-310/gsplat/cuda/csrc/third_party/glm/doc/api/search
  copying gsplat/cuda/csrc/third_party/glm/doc/api/search/functions_b.js -> build/lib.linux-x86_64-cpython-310/gsplat/cuda/csrc/third_party/glm/doc/api/search
  copying gsplat/cuda/csrc/third_party/glm/doc/api/search/functions_c.html -> build/lib.linux-x86_64-cpython-310/gsplat/cuda/csrc/third_party/glm/doc/api/search
  copying gsplat/cuda/csrc/third_party/glm/doc/api/search/functions_c.js -> build/lib.linux-x86_64-cpython-310/gsplat/cuda/csrc/third_party/glm/doc/api/search
  copying gsplat/cuda/csrc/third_party/glm/doc/api/search/functions_d.html -> build/lib.linux-x86_64-cpython-310/gsplat/cuda/csrc/third_party/glm/doc/api/search
  copying gsplat/cuda/csrc/third_party/glm/doc/api/search/functions_d.js -> build/lib.linux-x86_64-cpython-310/gsplat/cuda/csrc/third_party/glm/doc/api/search
  copying gsplat/cuda/csrc/third_party/glm/doc/api/search/functions_e.html -> build/lib.linux-x86_64-cpython-310/gsplat/cuda/csrc/third_party/glm/doc/api/search
  copying gsplat/cuda/csrc/third_party/glm/doc/api/search/functions_e.js -> build/lib.linux-x86_64-cpython-310/gsplat/cuda/csrc/third_party/glm/doc/api/search
  copying gsplat/cuda/csrc/third_party/glm/doc/api/search/functions_f.html -> build/lib.linux-x86_64-cpython-310/gsplat/cuda/csrc/third_party/glm/doc/api/search
  copying gsplat/cuda/csrc/third_party/glm/doc/api/search/functions_f.js -> build/lib.linux-x86_64-cpython-310/gsplat/cuda/csrc/third_party/glm/doc/api/search
  copying gsplat/cuda/csrc/third_party/glm/doc/api/search/groups_0.html -> build/lib.linux-x86_64-cpython-310/gsplat/cuda/csrc/third_party/glm/doc/api/search
  copying gsplat/cuda/csrc/third_party/glm/doc/api/search/groups_0.js -> build/lib.linux-x86_64-cpython-310/gsplat/cuda/csrc/third_party/glm/doc/api/search
  copying gsplat/cuda/csrc/third_party/glm/doc/api/search/groups_1.html -> build/lib.linux-x86_64-cpython-310/gsplat/cuda/csrc/third_party/glm/doc/api/search
  copying gsplat/cuda/csrc/third_party/glm/doc/api/search/groups_1.js -> build/lib.linux-x86_64-cpython-310/gsplat/cuda/csrc/third_party/glm/doc/api/search
  copying gsplat/cuda/csrc/third_party/glm/doc/api/search/groups_2.html -> build/lib.linux-x86_64-cpython-310/gsplat/cuda/csrc/third_party/glm/doc/api/search
  copying gsplat/cuda/csrc/third_party/glm/doc/api/search/groups_2.js -> build/lib.linux-x86_64-cpython-310/gsplat/cuda/csrc/third_party/glm/doc/api/search
  copying gsplat/cuda/csrc/third_party/glm/doc/api/search/groups_3.html -> build/lib.linux-x86_64-cpython-310/gsplat/cuda/csrc/third_party/glm/doc/api/search
  copying gsplat/cuda/csrc/third_party/glm/doc/api/search/groups_3.js -> build/lib.linux-x86_64-cpython-310/gsplat/cuda/csrc/third_party/glm/doc/api/search
  copying gsplat/cuda/csrc/third_party/glm/doc/api/search/groups_4.html -> build/lib.linux-x86_64-cpython-310/gsplat/cuda/csrc/third_party/glm/doc/api/search
  copying gsplat/cuda/csrc/third_party/glm/doc/api/search/groups_4.js -> build/lib.linux-x86_64-cpython-310/gsplat/cuda/csrc/third_party/glm/doc/api/search
  copying gsplat/cuda/csrc/third_party/glm/doc/api/search/groups_5.html -> build/lib.linux-x86_64-cpython-310/gsplat/cuda/csrc/third_party/glm/doc/api/search
  copying gsplat/cuda/csrc/third_party/glm/doc/api/search/groups_5.js -> build/lib.linux-x86_64-cpython-310/gsplat/cuda/csrc/third_party/glm/doc/api/search
  copying gsplat/cuda/csrc/third_party/glm/doc/api/search/groups_6.html -> build/lib.linux-x86_64-cpython-310/gsplat/cuda/csrc/third_party/glm/doc/api/search
  copying gsplat/cuda/csrc/third_party/glm/doc/api/search/groups_6.js -> build/lib.linux-x86_64-cpython-310/gsplat/cuda/csrc/third_party/glm/doc/api/search
  copying gsplat/cuda/csrc/third_party/glm/doc/api/search/groups_7.html -> build/lib.linux-x86_64-cpython-310/gsplat/cuda/csrc/third_party/glm/doc/api/search
  copying gsplat/cuda/csrc/third_party/glm/doc/api/search/groups_7.js -> build/lib.linux-x86_64-cpython-310/gsplat/cuda/csrc/third_party/glm/doc/api/search
  copying gsplat/cuda/csrc/third_party/glm/doc/api/search/groups_8.html -> build/lib.linux-x86_64-cpython-310/gsplat/cuda/csrc/third_party/glm/doc/api/search
  copying gsplat/cuda/csrc/third_party/glm/doc/api/search/groups_8.js -> build/lib.linux-x86_64-cpython-310/gsplat/cuda/csrc/third_party/glm/doc/api/search
  copying gsplat/cuda/csrc/third_party/glm/doc/api/search/groups_9.html -> build/lib.linux-x86_64-cpython-310/gsplat/cuda/csrc/third_party/glm/doc/api/search
  copying gsplat/cuda/csrc/third_party/glm/doc/api/search/groups_9.js -> build/lib.linux-x86_64-cpython-310/gsplat/cuda/csrc/third_party/glm/doc/api/search
  copying gsplat/cuda/csrc/third_party/glm/doc/api/search/mag_sel.png -> build/lib.linux-x86_64-cpython-310/gsplat/cuda/csrc/third_party/glm/doc/api/search
  copying gsplat/cuda/csrc/third_party/glm/doc/api/search/nomatches.html -> build/lib.linux-x86_64-cpython-310/gsplat/cuda/csrc/third_party/glm/doc/api/search
  copying gsplat/cuda/csrc/third_party/glm/doc/api/search/pages_0.html -> build/lib.linux-x86_64-cpython-310/gsplat/cuda/csrc/third_party/glm/doc/api/search
  copying gsplat/cuda/csrc/third_party/glm/doc/api/search/pages_0.js -> build/lib.linux-x86_64-cpython-310/gsplat/cuda/csrc/third_party/glm/doc/api/search
  copying gsplat/cuda/csrc/third_party/glm/doc/api/search/search.css -> build/lib.linux-x86_64-cpython-310/gsplat/cuda/csrc/third_party/glm/doc/api/search
  copying gsplat/cuda/csrc/third_party/glm/doc/api/search/search.js -> build/lib.linux-x86_64-cpython-310/gsplat/cuda/csrc/third_party/glm/doc/api/search
  copying gsplat/cuda/csrc/third_party/glm/doc/api/search/search_l.png -> build/lib.linux-x86_64-cpython-310/gsplat/cuda/csrc/third_party/glm/doc/api/search
  copying gsplat/cuda/csrc/third_party/glm/doc/api/search/search_m.png -> build/lib.linux-x86_64-cpython-310/gsplat/cuda/csrc/third_party/glm/doc/api/search
  copying gsplat/cuda/csrc/third_party/glm/doc/api/search/search_r.png -> build/lib.linux-x86_64-cpython-310/gsplat/cuda/csrc/third_party/glm/doc/api/search
  copying gsplat/cuda/csrc/third_party/glm/doc/api/search/searchdata.js -> build/lib.linux-x86_64-cpython-310/gsplat/cuda/csrc/third_party/glm/doc/api/search
  copying gsplat/cuda/csrc/third_party/glm/doc/api/search/typedefs_0.html -> build/lib.linux-x86_64-cpython-310/gsplat/cuda/csrc/third_party/glm/doc/api/search
  copying gsplat/cuda/csrc/third_party/glm/doc/api/search/typedefs_0.js -> build/lib.linux-x86_64-cpython-310/gsplat/cuda/csrc/third_party/glm/doc/api/search
  copying gsplat/cuda/csrc/third_party/glm/doc/api/search/typedefs_1.html -> build/lib.linux-x86_64-cpython-310/gsplat/cuda/csrc/third_party/glm/doc/api/search
  copying gsplat/cuda/csrc/third_party/glm/doc/api/search/typedefs_1.js -> build/lib.linux-x86_64-cpython-310/gsplat/cuda/csrc/third_party/glm/doc/api/search
  copying gsplat/cuda/csrc/third_party/glm/doc/api/search/typedefs_2.html -> build/lib.linux-x86_64-cpython-310/gsplat/cuda/csrc/third_party/glm/doc/api/search
  copying gsplat/cuda/csrc/third_party/glm/doc/api/search/typedefs_2.js -> build/lib.linux-x86_64-cpython-310/gsplat/cuda/csrc/third_party/glm/doc/api/search
  copying gsplat/cuda/csrc/third_party/glm/doc/api/search/typedefs_3.html -> build/lib.linux-x86_64-cpython-310/gsplat/cuda/csrc/third_party/glm/doc/api/search
  copying gsplat/cuda/csrc/third_party/glm/doc/api/search/typedefs_3.js -> build/lib.linux-x86_64-cpython-310/gsplat/cuda/csrc/third_party/glm/doc/api/search
  copying gsplat/cuda/csrc/third_party/glm/doc/api/search/typedefs_4.html -> build/lib.linux-x86_64-cpython-310/gsplat/cuda/csrc/third_party/glm/doc/api/search
  copying gsplat/cuda/csrc/third_party/glm/doc/api/search/typedefs_4.js -> build/lib.linux-x86_64-cpython-310/gsplat/cuda/csrc/third_party/glm/doc/api/search
  copying gsplat/cuda/csrc/third_party/glm/doc/api/search/typedefs_5.html -> build/lib.linux-x86_64-cpython-310/gsplat/cuda/csrc/third_party/glm/doc/api/search
  copying gsplat/cuda/csrc/third_party/glm/doc/api/search/typedefs_5.js -> build/lib.linux-x86_64-cpython-310/gsplat/cuda/csrc/third_party/glm/doc/api/search
  copying gsplat/cuda/csrc/third_party/glm/doc/api/search/typedefs_6.html -> build/lib.linux-x86_64-cpython-310/gsplat/cuda/csrc/third_party/glm/doc/api/search
  copying gsplat/cuda/csrc/third_party/glm/doc/api/search/typedefs_6.js -> build/lib.linux-x86_64-cpython-310/gsplat/cuda/csrc/third_party/glm/doc/api/search
  copying gsplat/cuda/csrc/third_party/glm/doc/api/search/typedefs_7.html -> build/lib.linux-x86_64-cpython-310/gsplat/cuda/csrc/third_party/glm/doc/api/search
  copying gsplat/cuda/csrc/third_party/glm/doc/api/search/typedefs_7.js -> build/lib.linux-x86_64-cpython-310/gsplat/cuda/csrc/third_party/glm/doc/api/search
  copying gsplat/cuda/csrc/third_party/glm/doc/api/search/typedefs_8.html -> build/lib.linux-x86_64-cpython-310/gsplat/cuda/csrc/third_party/glm/doc/api/search
  copying gsplat/cuda/csrc/third_party/glm/doc/api/search/typedefs_8.js -> build/lib.linux-x86_64-cpython-310/gsplat/cuda/csrc/third_party/glm/doc/api/search
  copying gsplat/cuda/csrc/third_party/glm/doc/api/search/typedefs_9.html -> build/lib.linux-x86_64-cpython-310/gsplat/cuda/csrc/third_party/glm/doc/api/search
  copying gsplat/cuda/csrc/third_party/glm/doc/api/search/typedefs_9.js -> build/lib.linux-x86_64-cpython-310/gsplat/cuda/csrc/third_party/glm/doc/api/search
  copying gsplat/cuda/csrc/third_party/glm/doc/api/search/typedefs_a.html -> build/lib.linux-x86_64-cpython-310/gsplat/cuda/csrc/third_party/glm/doc/api/search
  copying gsplat/cuda/csrc/third_party/glm/doc/api/search/typedefs_a.js -> build/lib.linux-x86_64-cpython-310/gsplat/cuda/csrc/third_party/glm/doc/api/search
  copying gsplat/cuda/csrc/third_party/glm/doc/api/search/typedefs_b.html -> build/lib.linux-x86_64-cpython-310/gsplat/cuda/csrc/third_party/glm/doc/api/search
  copying gsplat/cuda/csrc/third_party/glm/doc/api/search/typedefs_b.js -> build/lib.linux-x86_64-cpython-310/gsplat/cuda/csrc/third_party/glm/doc/api/search
  copying gsplat/cuda/csrc/third_party/glm/doc/api/search/typedefs_c.html -> build/lib.linux-x86_64-cpython-310/gsplat/cuda/csrc/third_party/glm/doc/api/search
  copying gsplat/cuda/csrc/third_party/glm/doc/api/search/typedefs_c.js -> build/lib.linux-x86_64-cpython-310/gsplat/cuda/csrc/third_party/glm/doc/api/search
  copying gsplat/cuda/csrc/third_party/glm/doc/api/search/typedefs_d.html -> build/lib.linux-x86_64-cpython-310/gsplat/cuda/csrc/third_party/glm/doc/api/search
  copying gsplat/cuda/csrc/third_party/glm/doc/api/search/typedefs_d.js -> build/lib.linux-x86_64-cpython-310/gsplat/cuda/csrc/third_party/glm/doc/api/search
  creating build/lib.linux-x86_64-cpython-310/gsplat/cuda/csrc/third_party/glm/doc/manual
  copying gsplat/cuda/csrc/third_party/glm/doc/manual/frontpage1.png -> build/lib.linux-x86_64-cpython-310/gsplat/cuda/csrc/third_party/glm/doc/manual
  copying gsplat/cuda/csrc/third_party/glm/doc/manual/frontpage2.png -> build/lib.linux-x86_64-cpython-310/gsplat/cuda/csrc/third_party/glm/doc/manual
  copying gsplat/cuda/csrc/third_party/glm/doc/manual/g-truc.png -> build/lib.linux-x86_64-cpython-310/gsplat/cuda/csrc/third_party/glm/doc/manual
  copying gsplat/cuda/csrc/third_party/glm/doc/manual/logo-mini.png -> build/lib.linux-x86_64-cpython-310/gsplat/cuda/csrc/third_party/glm/doc/manual
  copying gsplat/cuda/csrc/third_party/glm/doc/manual/logo.png -> build/lib.linux-x86_64-cpython-310/gsplat/cuda/csrc/third_party/glm/doc/manual
  copying gsplat/cuda/csrc/third_party/glm/doc/manual/noise-perlin1.jpg -> build/lib.linux-x86_64-cpython-310/gsplat/cuda/csrc/third_party/glm/doc/manual
  copying gsplat/cuda/csrc/third_party/glm/doc/manual/noise-perlin2.jpg -> build/lib.linux-x86_64-cpython-310/gsplat/cuda/csrc/third_party/glm/doc/manual
  copying gsplat/cuda/csrc/third_party/glm/doc/manual/noise-perlin3.jpg -> build/lib.linux-x86_64-cpython-310/gsplat/cuda/csrc/third_party/glm/doc/manual
  copying gsplat/cuda/csrc/third_party/glm/doc/manual/noise-perlin4.png -> build/lib.linux-x86_64-cpython-310/gsplat/cuda/csrc/third_party/glm/doc/manual
  copying gsplat/cuda/csrc/third_party/glm/doc/manual/noise-perlin5.png -> build/lib.linux-x86_64-cpython-310/gsplat/cuda/csrc/third_party/glm/doc/manual
  copying gsplat/cuda/csrc/third_party/glm/doc/manual/noise-perlin6.png -> build/lib.linux-x86_64-cpython-310/gsplat/cuda/csrc/third_party/glm/doc/manual
  copying gsplat/cuda/csrc/third_party/glm/doc/manual/noise-simplex1.jpg -> build/lib.linux-x86_64-cpython-310/gsplat/cuda/csrc/third_party/glm/doc/manual
  copying gsplat/cuda/csrc/third_party/glm/doc/manual/noise-simplex2.jpg -> build/lib.linux-x86_64-cpython-310/gsplat/cuda/csrc/third_party/glm/doc/manual
  copying gsplat/cuda/csrc/third_party/glm/doc/manual/noise-simplex3.jpg -> build/lib.linux-x86_64-cpython-310/gsplat/cuda/csrc/third_party/glm/doc/manual
  copying gsplat/cuda/csrc/third_party/glm/doc/manual/random-ballrand.png -> build/lib.linux-x86_64-cpython-310/gsplat/cuda/csrc/third_party/glm/doc/manual
  copying gsplat/cuda/csrc/third_party/glm/doc/manual/random-circularrand.png -> build/lib.linux-x86_64-cpython-310/gsplat/cuda/csrc/third_party/glm/doc/manual
  copying gsplat/cuda/csrc/third_party/glm/doc/manual/random-diskrand.png -> build/lib.linux-x86_64-cpython-310/gsplat/cuda/csrc/third_party/glm/doc/manual
  copying gsplat/cuda/csrc/third_party/glm/doc/manual/random-gaussrand.png -> build/lib.linux-x86_64-cpython-310/gsplat/cuda/csrc/third_party/glm/doc/manual
  copying gsplat/cuda/csrc/third_party/glm/doc/manual/random-linearrand.png -> build/lib.linux-x86_64-cpython-310/gsplat/cuda/csrc/third_party/glm/doc/manual
  copying gsplat/cuda/csrc/third_party/glm/doc/manual/random-sphericalrand.png -> build/lib.linux-x86_64-cpython-310/gsplat/cuda/csrc/third_party/glm/doc/manual
  copying gsplat/cuda/csrc/third_party/glm/doc/manual/references-cinder.png -> build/lib.linux-x86_64-cpython-310/gsplat/cuda/csrc/third_party/glm/doc/manual
  copying gsplat/cuda/csrc/third_party/glm/doc/manual/references-glsl4book.jpg -> build/lib.linux-x86_64-cpython-310/gsplat/cuda/csrc/third_party/glm/doc/manual
  copying gsplat/cuda/csrc/third_party/glm/doc/manual/references-leosfortune.jpeg -> build/lib.linux-x86_64-cpython-310/gsplat/cuda/csrc/third_party/glm/doc/manual
  copying gsplat/cuda/csrc/third_party/glm/doc/manual/references-leosfortune2.jpg -> build/lib.linux-x86_64-cpython-310/gsplat/cuda/csrc/third_party/glm/doc/manual
  copying gsplat/cuda/csrc/third_party/glm/doc/manual/references-opencloth1.png -> build/lib.linux-x86_64-cpython-310/gsplat/cuda/csrc/third_party/glm/doc/manual
  copying gsplat/cuda/csrc/third_party/glm/doc/manual/references-opencloth3.png -> build/lib.linux-x86_64-cpython-310/gsplat/cuda/csrc/third_party/glm/doc/manual
  copying gsplat/cuda/csrc/third_party/glm/doc/manual/references-outerra1.jpg -> build/lib.linux-x86_64-cpython-310/gsplat/cuda/csrc/third_party/glm/doc/manual
  copying gsplat/cuda/csrc/third_party/glm/doc/manual/references-outerra2.jpg -> build/lib.linux-x86_64-cpython-310/gsplat/cuda/csrc/third_party/glm/doc/manual
  copying gsplat/cuda/csrc/third_party/glm/doc/manual/references-outerra3.jpg -> build/lib.linux-x86_64-cpython-310/gsplat/cuda/csrc/third_party/glm/doc/manual
  copying gsplat/cuda/csrc/third_party/glm/doc/manual/references-outerra4.jpg -> build/lib.linux-x86_64-cpython-310/gsplat/cuda/csrc/third_party/glm/doc/manual
  creating build/lib.linux-x86_64-cpython-310/gsplat/cuda/csrc/third_party/glm/doc/theme
  copying gsplat/cuda/csrc/third_party/glm/doc/theme/bc_s.png -> build/lib.linux-x86_64-cpython-310/gsplat/cuda/csrc/third_party/glm/doc/theme
  copying gsplat/cuda/csrc/third_party/glm/doc/theme/bdwn.png -> build/lib.linux-x86_64-cpython-310/gsplat/cuda/csrc/third_party/glm/doc/theme
  copying gsplat/cuda/csrc/third_party/glm/doc/theme/closed.png -> build/lib.linux-x86_64-cpython-310/gsplat/cuda/csrc/third_party/glm/doc/theme
  copying gsplat/cuda/csrc/third_party/glm/doc/theme/doc.png -> build/lib.linux-x86_64-cpython-310/gsplat/cuda/csrc/third_party/glm/doc/theme
  copying gsplat/cuda/csrc/third_party/glm/doc/theme/doxygen.css -> build/lib.linux-x86_64-cpython-310/gsplat/cuda/csrc/third_party/glm/doc/theme
  copying gsplat/cuda/csrc/third_party/glm/doc/theme/doxygen.png -> build/lib.linux-x86_64-cpython-310/gsplat/cuda/csrc/third_party/glm/doc/theme
  copying gsplat/cuda/csrc/third_party/glm/doc/theme/folderclosed.png -> build/lib.linux-x86_64-cpython-310/gsplat/cuda/csrc/third_party/glm/doc/theme
  copying gsplat/cuda/csrc/third_party/glm/doc/theme/folderopen.png -> build/lib.linux-x86_64-cpython-310/gsplat/cuda/csrc/third_party/glm/doc/theme
  copying gsplat/cuda/csrc/third_party/glm/doc/theme/logo-mini.png -> build/lib.linux-x86_64-cpython-310/gsplat/cuda/csrc/third_party/glm/doc/theme
  copying gsplat/cuda/csrc/third_party/glm/doc/theme/nav_f.png -> build/lib.linux-x86_64-cpython-310/gsplat/cuda/csrc/third_party/glm/doc/theme
  copying gsplat/cuda/csrc/third_party/glm/doc/theme/nav_g.png -> build/lib.linux-x86_64-cpython-310/gsplat/cuda/csrc/third_party/glm/doc/theme
  copying gsplat/cuda/csrc/third_party/glm/doc/theme/nav_h.png -> build/lib.linux-x86_64-cpython-310/gsplat/cuda/csrc/third_party/glm/doc/theme
  copying gsplat/cuda/csrc/third_party/glm/doc/theme/open.png -> build/lib.linux-x86_64-cpython-310/gsplat/cuda/csrc/third_party/glm/doc/theme
  copying gsplat/cuda/csrc/third_party/glm/doc/theme/splitbar.png -> build/lib.linux-x86_64-cpython-310/gsplat/cuda/csrc/third_party/glm/doc/theme
  copying gsplat/cuda/csrc/third_party/glm/doc/theme/sync_off.png -> build/lib.linux-x86_64-cpython-310/gsplat/cuda/csrc/third_party/glm/doc/theme
  copying gsplat/cuda/csrc/third_party/glm/doc/theme/sync_on.png -> build/lib.linux-x86_64-cpython-310/gsplat/cuda/csrc/third_party/glm/doc/theme
  copying gsplat/cuda/csrc/third_party/glm/doc/theme/tab_a.png -> build/lib.linux-x86_64-cpython-310/gsplat/cuda/csrc/third_party/glm/doc/theme
  copying gsplat/cuda/csrc/third_party/glm/doc/theme/tab_b.png -> build/lib.linux-x86_64-cpython-310/gsplat/cuda/csrc/third_party/glm/doc/theme
  copying gsplat/cuda/csrc/third_party/glm/doc/theme/tab_h.png -> build/lib.linux-x86_64-cpython-310/gsplat/cuda/csrc/third_party/glm/doc/theme
  copying gsplat/cuda/csrc/third_party/glm/doc/theme/tab_s.png -> build/lib.linux-x86_64-cpython-310/gsplat/cuda/csrc/third_party/glm/doc/theme
  creating build/lib.linux-x86_64-cpython-310/gsplat/cuda/csrc/third_party/glm/glm
  copying gsplat/cuda/csrc/third_party/glm/glm/CMakeLists.txt -> build/lib.linux-x86_64-cpython-310/gsplat/cuda/csrc/third_party/glm/glm
  copying gsplat/cuda/csrc/third_party/glm/glm/common.hpp -> build/lib.linux-x86_64-cpython-310/gsplat/cuda/csrc/third_party/glm/glm
  copying gsplat/cuda/csrc/third_party/glm/glm/exponential.hpp -> build/lib.linux-x86_64-cpython-310/gsplat/cuda/csrc/third_party/glm/glm
  copying gsplat/cuda/csrc/third_party/glm/glm/ext.hpp -> build/lib.linux-x86_64-cpython-310/gsplat/cuda/csrc/third_party/glm/glm
  copying gsplat/cuda/csrc/third_party/glm/glm/fwd.hpp -> build/lib.linux-x86_64-cpython-310/gsplat/cuda/csrc/third_party/glm/glm
  copying gsplat/cuda/csrc/third_party/glm/glm/geometric.hpp -> build/lib.linux-x86_64-cpython-310/gsplat/cuda/csrc/third_party/glm/glm
  copying gsplat/cuda/csrc/third_party/glm/glm/glm.cppm -> build/lib.linux-x86_64-cpython-310/gsplat/cuda/csrc/third_party/glm/glm
  copying gsplat/cuda/csrc/third_party/glm/glm/glm.hpp -> build/lib.linux-x86_64-cpython-310/gsplat/cuda/csrc/third_party/glm/glm
  copying gsplat/cuda/csrc/third_party/glm/glm/integer.hpp -> build/lib.linux-x86_64-cpython-310/gsplat/cuda/csrc/third_party/glm/glm
  copying gsplat/cuda/csrc/third_party/glm/glm/mat2x2.hpp -> build/lib.linux-x86_64-cpython-310/gsplat/cuda/csrc/third_party/glm/glm
  copying gsplat/cuda/csrc/third_party/glm/glm/mat2x3.hpp -> build/lib.linux-x86_64-cpython-310/gsplat/cuda/csrc/third_party/glm/glm
  copying gsplat/cuda/csrc/third_party/glm/glm/mat2x4.hpp -> build/lib.linux-x86_64-cpython-310/gsplat/cuda/csrc/third_party/glm/glm
  copying gsplat/cuda/csrc/third_party/glm/glm/mat3x2.hpp -> build/lib.linux-x86_64-cpython-310/gsplat/cuda/csrc/third_party/glm/glm
  copying gsplat/cuda/csrc/third_party/glm/glm/mat3x3.hpp -> build/lib.linux-x86_64-cpython-310/gsplat/cuda/csrc/third_party/glm/glm
  copying gsplat/cuda/csrc/third_party/glm/glm/mat3x4.hpp -> build/lib.linux-x86_64-cpython-310/gsplat/cuda/csrc/third_party/glm/glm
  copying gsplat/cuda/csrc/third_party/glm/glm/mat4x2.hpp -> build/lib.linux-x86_64-cpython-310/gsplat/cuda/csrc/third_party/glm/glm
  copying gsplat/cuda/csrc/third_party/glm/glm/mat4x3.hpp -> build/lib.linux-x86_64-cpython-310/gsplat/cuda/csrc/third_party/glm/glm
  copying gsplat/cuda/csrc/third_party/glm/glm/mat4x4.hpp -> build/lib.linux-x86_64-cpython-310/gsplat/cuda/csrc/third_party/glm/glm
  copying gsplat/cuda/csrc/third_party/glm/glm/matrix.hpp -> build/lib.linux-x86_64-cpython-310/gsplat/cuda/csrc/third_party/glm/glm
  copying gsplat/cuda/csrc/third_party/glm/glm/packing.hpp -> build/lib.linux-x86_64-cpython-310/gsplat/cuda/csrc/third_party/glm/glm
  copying gsplat/cuda/csrc/third_party/glm/glm/trigonometric.hpp -> build/lib.linux-x86_64-cpython-310/gsplat/cuda/csrc/third_party/glm/glm
  copying gsplat/cuda/csrc/third_party/glm/glm/vec2.hpp -> build/lib.linux-x86_64-cpython-310/gsplat/cuda/csrc/third_party/glm/glm
  copying gsplat/cuda/csrc/third_party/glm/glm/vec3.hpp -> build/lib.linux-x86_64-cpython-310/gsplat/cuda/csrc/third_party/glm/glm
  copying gsplat/cuda/csrc/third_party/glm/glm/vec4.hpp -> build/lib.linux-x86_64-cpython-310/gsplat/cuda/csrc/third_party/glm/glm
  copying gsplat/cuda/csrc/third_party/glm/glm/vector_relational.hpp -> build/lib.linux-x86_64-cpython-310/gsplat/cuda/csrc/third_party/glm/glm
  creating build/lib.linux-x86_64-cpython-310/gsplat/cuda/csrc/third_party/glm/glm/detail
  copying gsplat/cuda/csrc/third_party/glm/glm/detail/_features.hpp -> build/lib.linux-x86_64-cpython-310/gsplat/cuda/csrc/third_party/glm/glm/detail
  copying gsplat/cuda/csrc/third_party/glm/glm/detail/_fixes.hpp -> build/lib.linux-x86_64-cpython-310/gsplat/cuda/csrc/third_party/glm/glm/detail
  copying gsplat/cuda/csrc/third_party/glm/glm/detail/_noise.hpp -> build/lib.linux-x86_64-cpython-310/gsplat/cuda/csrc/third_party/glm/glm/detail
  copying gsplat/cuda/csrc/third_party/glm/glm/detail/_swizzle.hpp -> build/lib.linux-x86_64-cpython-310/gsplat/cuda/csrc/third_party/glm/glm/detail
  copying gsplat/cuda/csrc/third_party/glm/glm/detail/_swizzle_func.hpp -> build/lib.linux-x86_64-cpython-310/gsplat/cuda/csrc/third_party/glm/glm/detail
  copying gsplat/cuda/csrc/third_party/glm/glm/detail/_vectorize.hpp -> build/lib.linux-x86_64-cpython-310/gsplat/cuda/csrc/third_party/glm/glm/detail
  copying gsplat/cuda/csrc/third_party/glm/glm/detail/compute_common.hpp -> build/lib.linux-x86_64-cpython-310/gsplat/cuda/csrc/third_party/glm/glm/detail
  copying gsplat/cuda/csrc/third_party/glm/glm/detail/compute_vector_decl.hpp -> build/lib.linux-x86_64-cpython-310/gsplat/cuda/csrc/third_party/glm/glm/detail
  copying gsplat/cuda/csrc/third_party/glm/glm/detail/compute_vector_relational.hpp -> build/lib.linux-x86_64-cpython-310/gsplat/cuda/csrc/third_party/glm/glm/detail
  copying gsplat/cuda/csrc/third_party/glm/glm/detail/func_common.inl -> build/lib.linux-x86_64-cpython-310/gsplat/cuda/csrc/third_party/glm/glm/detail
  copying gsplat/cuda/csrc/third_party/glm/glm/detail/func_common_simd.inl -> build/lib.linux-x86_64-cpython-310/gsplat/cuda/csrc/third_party/glm/glm/detail
  copying gsplat/cuda/csrc/third_party/glm/glm/detail/func_exponential.inl -> build/lib.linux-x86_64-cpython-310/gsplat/cuda/csrc/third_party/glm/glm/detail
  copying gsplat/cuda/csrc/third_party/glm/glm/detail/func_exponential_simd.inl -> build/lib.linux-x86_64-cpython-310/gsplat/cuda/csrc/third_party/glm/glm/detail
  copying gsplat/cuda/csrc/third_party/glm/glm/detail/func_geometric.inl -> build/lib.linux-x86_64-cpython-310/gsplat/cuda/csrc/third_party/glm/glm/detail
  copying gsplat/cuda/csrc/third_party/glm/glm/detail/func_geometric_simd.inl -> build/lib.linux-x86_64-cpython-310/gsplat/cuda/csrc/third_party/glm/glm/detail
  copying gsplat/cuda/csrc/third_party/glm/glm/detail/func_integer.inl -> build/lib.linux-x86_64-cpython-310/gsplat/cuda/csrc/third_party/glm/glm/detail
  copying gsplat/cuda/csrc/third_party/glm/glm/detail/func_integer_simd.inl -> build/lib.linux-x86_64-cpython-310/gsplat/cuda/csrc/third_party/glm/glm/detail
  copying gsplat/cuda/csrc/third_party/glm/glm/detail/func_matrix.inl -> build/lib.linux-x86_64-cpython-310/gsplat/cuda/csrc/third_party/glm/glm/detail
  copying gsplat/cuda/csrc/third_party/glm/glm/detail/func_matrix_simd.inl -> build/lib.linux-x86_64-cpython-310/gsplat/cuda/csrc/third_party/glm/glm/detail
  copying gsplat/cuda/csrc/third_party/glm/glm/detail/func_packing.inl -> build/lib.linux-x86_64-cpython-310/gsplat/cuda/csrc/third_party/glm/glm/detail
  copying gsplat/cuda/csrc/third_party/glm/glm/detail/func_packing_simd.inl -> build/lib.linux-x86_64-cpython-310/gsplat/cuda/csrc/third_party/glm/glm/detail
  copying gsplat/cuda/csrc/third_party/glm/glm/detail/func_trigonometric.inl -> build/lib.linux-x86_64-cpython-310/gsplat/cuda/csrc/third_party/glm/glm/detail
  copying gsplat/cuda/csrc/third_party/glm/glm/detail/func_trigonometric_simd.inl -> build/lib.linux-x86_64-cpython-310/gsplat/cuda/csrc/third_party/glm/glm/detail
  copying gsplat/cuda/csrc/third_party/glm/glm/detail/func_vector_relational.inl -> build/lib.linux-x86_64-cpython-310/gsplat/cuda/csrc/third_party/glm/glm/detail
  copying gsplat/cuda/csrc/third_party/glm/glm/detail/func_vector_relational_simd.inl -> build/lib.linux-x86_64-cpython-310/gsplat/cuda/csrc/third_party/glm/glm/detail
  copying gsplat/cuda/csrc/third_party/glm/glm/detail/glm.cpp -> build/lib.linux-x86_64-cpython-310/gsplat/cuda/csrc/third_party/glm/glm/detail
  copying gsplat/cuda/csrc/third_party/glm/glm/detail/qualifier.hpp -> build/lib.linux-x86_64-cpython-310/gsplat/cuda/csrc/third_party/glm/glm/detail
  copying gsplat/cuda/csrc/third_party/glm/glm/detail/setup.hpp -> build/lib.linux-x86_64-cpython-310/gsplat/cuda/csrc/third_party/glm/glm/detail
  copying gsplat/cuda/csrc/third_party/glm/glm/detail/type_float.hpp -> build/lib.linux-x86_64-cpython-310/gsplat/cuda/csrc/third_party/glm/glm/detail
  copying gsplat/cuda/csrc/third_party/glm/glm/detail/type_half.hpp -> build/lib.linux-x86_64-cpython-310/gsplat/cuda/csrc/third_party/glm/glm/detail
  copying gsplat/cuda/csrc/third_party/glm/glm/detail/type_half.inl -> build/lib.linux-x86_64-cpython-310/gsplat/cuda/csrc/third_party/glm/glm/detail
  copying gsplat/cuda/csrc/third_party/glm/glm/detail/type_mat2x2.hpp -> build/lib.linux-x86_64-cpython-310/gsplat/cuda/csrc/third_party/glm/glm/detail
  copying gsplat/cuda/csrc/third_party/glm/glm/detail/type_mat2x2.inl -> build/lib.linux-x86_64-cpython-310/gsplat/cuda/csrc/third_party/glm/glm/detail
  copying gsplat/cuda/csrc/third_party/glm/glm/detail/type_mat2x3.hpp -> build/lib.linux-x86_64-cpython-310/gsplat/cuda/csrc/third_party/glm/glm/detail
  copying gsplat/cuda/csrc/third_party/glm/glm/detail/type_mat2x3.inl -> build/lib.linux-x86_64-cpython-310/gsplat/cuda/csrc/third_party/glm/glm/detail
  copying gsplat/cuda/csrc/third_party/glm/glm/detail/type_mat2x4.hpp -> build/lib.linux-x86_64-cpython-310/gsplat/cuda/csrc/third_party/glm/glm/detail
  copying gsplat/cuda/csrc/third_party/glm/glm/detail/type_mat2x4.inl -> build/lib.linux-x86_64-cpython-310/gsplat/cuda/csrc/third_party/glm/glm/detail
  copying gsplat/cuda/csrc/third_party/glm/glm/detail/type_mat3x2.hpp -> build/lib.linux-x86_64-cpython-310/gsplat/cuda/csrc/third_party/glm/glm/detail
  copying gsplat/cuda/csrc/third_party/glm/glm/detail/type_mat3x2.inl -> build/lib.linux-x86_64-cpython-310/gsplat/cuda/csrc/third_party/glm/glm/detail
  copying gsplat/cuda/csrc/third_party/glm/glm/detail/type_mat3x3.hpp -> build/lib.linux-x86_64-cpython-310/gsplat/cuda/csrc/third_party/glm/glm/detail
  copying gsplat/cuda/csrc/third_party/glm/glm/detail/type_mat3x3.inl -> build/lib.linux-x86_64-cpython-310/gsplat/cuda/csrc/third_party/glm/glm/detail
  copying gsplat/cuda/csrc/third_party/glm/glm/detail/type_mat3x4.hpp -> build/lib.linux-x86_64-cpython-310/gsplat/cuda/csrc/third_party/glm/glm/detail
  copying gsplat/cuda/csrc/third_party/glm/glm/detail/type_mat3x4.inl -> build/lib.linux-x86_64-cpython-310/gsplat/cuda/csrc/third_party/glm/glm/detail
  copying gsplat/cuda/csrc/third_party/glm/glm/detail/type_mat4x2.hpp -> build/lib.linux-x86_64-cpython-310/gsplat/cuda/csrc/third_party/glm/glm/detail
  copying gsplat/cuda/csrc/third_party/glm/glm/detail/type_mat4x2.inl -> build/lib.linux-x86_64-cpython-310/gsplat/cuda/csrc/third_party/glm/glm/detail
  copying gsplat/cuda/csrc/third_party/glm/glm/detail/type_mat4x3.hpp -> build/lib.linux-x86_64-cpython-310/gsplat/cuda/csrc/third_party/glm/glm/detail
  copying gsplat/cuda/csrc/third_party/glm/glm/detail/type_mat4x3.inl -> build/lib.linux-x86_64-cpython-310/gsplat/cuda/csrc/third_party/glm/glm/detail
  copying gsplat/cuda/csrc/third_party/glm/glm/detail/type_mat4x4.hpp -> build/lib.linux-x86_64-cpython-310/gsplat/cuda/csrc/third_party/glm/glm/detail
  copying gsplat/cuda/csrc/third_party/glm/glm/detail/type_mat4x4.inl -> build/lib.linux-x86_64-cpython-310/gsplat/cuda/csrc/third_party/glm/glm/detail
  copying gsplat/cuda/csrc/third_party/glm/glm/detail/type_mat4x4_simd.inl -> build/lib.linux-x86_64-cpython-310/gsplat/cuda/csrc/third_party/glm/glm/detail
  copying gsplat/cuda/csrc/third_party/glm/glm/detail/type_quat.hpp -> build/lib.linux-x86_64-cpython-310/gsplat/cuda/csrc/third_party/glm/glm/detail
  copying gsplat/cuda/csrc/third_party/glm/glm/detail/type_quat.inl -> build/lib.linux-x86_64-cpython-310/gsplat/cuda/csrc/third_party/glm/glm/detail
  copying gsplat/cuda/csrc/third_party/glm/glm/detail/type_quat_simd.inl -> build/lib.linux-x86_64-cpython-310/gsplat/cuda/csrc/third_party/glm/glm/detail
  copying gsplat/cuda/csrc/third_party/glm/glm/detail/type_vec1.hpp -> build/lib.linux-x86_64-cpython-310/gsplat/cuda/csrc/third_party/glm/glm/detail
  copying gsplat/cuda/csrc/third_party/glm/glm/detail/type_vec1.inl -> build/lib.linux-x86_64-cpython-310/gsplat/cuda/csrc/third_party/glm/glm/detail
  copying gsplat/cuda/csrc/third_party/glm/glm/detail/type_vec2.hpp -> build/lib.linux-x86_64-cpython-310/gsplat/cuda/csrc/third_party/glm/glm/detail
  copying gsplat/cuda/csrc/third_party/glm/glm/detail/type_vec2.inl -> build/lib.linux-x86_64-cpython-310/gsplat/cuda/csrc/third_party/glm/glm/detail
  copying gsplat/cuda/csrc/third_party/glm/glm/detail/type_vec3.hpp -> build/lib.linux-x86_64-cpython-310/gsplat/cuda/csrc/third_party/glm/glm/detail
  copying gsplat/cuda/csrc/third_party/glm/glm/detail/type_vec3.inl -> build/lib.linux-x86_64-cpython-310/gsplat/cuda/csrc/third_party/glm/glm/detail
  copying gsplat/cuda/csrc/third_party/glm/glm/detail/type_vec4.hpp -> build/lib.linux-x86_64-cpython-310/gsplat/cuda/csrc/third_party/glm/glm/detail
  copying gsplat/cuda/csrc/third_party/glm/glm/detail/type_vec4.inl -> build/lib.linux-x86_64-cpython-310/gsplat/cuda/csrc/third_party/glm/glm/detail
  copying gsplat/cuda/csrc/third_party/glm/glm/detail/type_vec_simd.inl -> build/lib.linux-x86_64-cpython-310/gsplat/cuda/csrc/third_party/glm/glm/detail
  creating build/lib.linux-x86_64-cpython-310/gsplat/cuda/csrc/third_party/glm/glm/ext
  copying gsplat/cuda/csrc/third_party/glm/glm/ext/_matrix_vectorize.hpp -> build/lib.linux-x86_64-cpython-310/gsplat/cuda/csrc/third_party/glm/glm/ext
  copying gsplat/cuda/csrc/third_party/glm/glm/ext/matrix_clip_space.hpp -> build/lib.linux-x86_64-cpython-310/gsplat/cuda/csrc/third_party/glm/glm/ext
  copying gsplat/cuda/csrc/third_party/glm/glm/ext/matrix_clip_space.inl -> build/lib.linux-x86_64-cpython-310/gsplat/cuda/csrc/third_party/glm/glm/ext
  copying gsplat/cuda/csrc/third_party/glm/glm/ext/matrix_common.hpp -> build/lib.linux-x86_64-cpython-310/gsplat/cuda/csrc/third_party/glm/glm/ext
  copying gsplat/cuda/csrc/third_party/glm/glm/ext/matrix_common.inl -> build/lib.linux-x86_64-cpython-310/gsplat/cuda/csrc/third_party/glm/glm/ext
  copying gsplat/cuda/csrc/third_party/glm/glm/ext/matrix_double2x2.hpp -> build/lib.linux-x86_64-cpython-310/gsplat/cuda/csrc/third_party/glm/glm/ext
  copying gsplat/cuda/csrc/third_party/glm/glm/ext/matrix_double2x2_precision.hpp -> build/lib.linux-x86_64-cpython-310/gsplat/cuda/csrc/third_party/glm/glm/ext
  copying gsplat/cuda/csrc/third_party/glm/glm/ext/matrix_double2x3.hpp -> build/lib.linux-x86_64-cpython-310/gsplat/cuda/csrc/third_party/glm/glm/ext
  copying gsplat/cuda/csrc/third_party/glm/glm/ext/matrix_double2x3_precision.hpp -> build/lib.linux-x86_64-cpython-310/gsplat/cuda/csrc/third_party/glm/glm/ext
  copying gsplat/cuda/csrc/third_party/glm/glm/ext/matrix_double2x4.hpp -> build/lib.linux-x86_64-cpython-310/gsplat/cuda/csrc/third_party/glm/glm/ext
  copying gsplat/cuda/csrc/third_party/glm/glm/ext/matrix_double2x4_precision.hpp -> build/lib.linux-x86_64-cpython-310/gsplat/cuda/csrc/third_party/glm/glm/ext
  copying gsplat/cuda/csrc/third_party/glm/glm/ext/matrix_double3x2.hpp -> build/lib.linux-x86_64-cpython-310/gsplat/cuda/csrc/third_party/glm/glm/ext
  copying gsplat/cuda/csrc/third_party/glm/glm/ext/matrix_double3x2_precision.hpp -> build/lib.linux-x86_64-cpython-310/gsplat/cuda/csrc/third_party/glm/glm/ext
  copying gsplat/cuda/csrc/third_party/glm/glm/ext/matrix_double3x3.hpp -> build/lib.linux-x86_64-cpython-310/gsplat/cuda/csrc/third_party/glm/glm/ext
  copying gsplat/cuda/csrc/third_party/glm/glm/ext/matrix_double3x3_precision.hpp -> build/lib.linux-x86_64-cpython-310/gsplat/cuda/csrc/third_party/glm/glm/ext
  copying gsplat/cuda/csrc/third_party/glm/glm/ext/matrix_double3x4.hpp -> build/lib.linux-x86_64-cpython-310/gsplat/cuda/csrc/third_party/glm/glm/ext
  copying gsplat/cuda/csrc/third_party/glm/glm/ext/matrix_double3x4_precision.hpp -> build/lib.linux-x86_64-cpython-310/gsplat/cuda/csrc/third_party/glm/glm/ext
  copying gsplat/cuda/csrc/third_party/glm/glm/ext/matrix_double4x2.hpp -> build/lib.linux-x86_64-cpython-310/gsplat/cuda/csrc/third_party/glm/glm/ext
  copying gsplat/cuda/csrc/third_party/glm/glm/ext/matrix_double4x2_precision.hpp -> build/lib.linux-x86_64-cpython-310/gsplat/cuda/csrc/third_party/glm/glm/ext
  copying gsplat/cuda/csrc/third_party/glm/glm/ext/matrix_double4x3.hpp -> build/lib.linux-x86_64-cpython-310/gsplat/cuda/csrc/third_party/glm/glm/ext
  copying gsplat/cuda/csrc/third_party/glm/glm/ext/matrix_double4x3_precision.hpp -> build/lib.linux-x86_64-cpython-310/gsplat/cuda/csrc/third_party/glm/glm/ext
  copying gsplat/cuda/csrc/third_party/glm/glm/ext/matrix_double4x4.hpp -> build/lib.linux-x86_64-cpython-310/gsplat/cuda/csrc/third_party/glm/glm/ext
  copying gsplat/cuda/csrc/third_party/glm/glm/ext/matrix_double4x4_precision.hpp -> build/lib.linux-x86_64-cpython-310/gsplat/cuda/csrc/third_party/glm/glm/ext
  copying gsplat/cuda/csrc/third_party/glm/glm/ext/matrix_float2x2.hpp -> build/lib.linux-x86_64-cpython-310/gsplat/cuda/csrc/third_party/glm/glm/ext
  copying gsplat/cuda/csrc/third_party/glm/glm/ext/matrix_float2x2_precision.hpp -> build/lib.linux-x86_64-cpython-310/gsplat/cuda/csrc/third_party/glm/glm/ext
  copying gsplat/cuda/csrc/third_party/glm/glm/ext/matrix_float2x3.hpp -> build/lib.linux-x86_64-cpython-310/gsplat/cuda/csrc/third_party/glm/glm/ext
  copying gsplat/cuda/csrc/third_party/glm/glm/ext/matrix_float2x3_precision.hpp -> build/lib.linux-x86_64-cpython-310/gsplat/cuda/csrc/third_party/glm/glm/ext
  copying gsplat/cuda/csrc/third_party/glm/glm/ext/matrix_float2x4.hpp -> build/lib.linux-x86_64-cpython-310/gsplat/cuda/csrc/third_party/glm/glm/ext
  copying gsplat/cuda/csrc/third_party/glm/glm/ext/matrix_float2x4_precision.hpp -> build/lib.linux-x86_64-cpython-310/gsplat/cuda/csrc/third_party/glm/glm/ext
  copying gsplat/cuda/csrc/third_party/glm/glm/ext/matrix_float3x2.hpp -> build/lib.linux-x86_64-cpython-310/gsplat/cuda/csrc/third_party/glm/glm/ext
  copying gsplat/cuda/csrc/third_party/glm/glm/ext/matrix_float3x2_precision.hpp -> build/lib.linux-x86_64-cpython-310/gsplat/cuda/csrc/third_party/glm/glm/ext
  copying gsplat/cuda/csrc/third_party/glm/glm/ext/matrix_float3x3.hpp -> build/lib.linux-x86_64-cpython-310/gsplat/cuda/csrc/third_party/glm/glm/ext
  copying gsplat/cuda/csrc/third_party/glm/glm/ext/matrix_float3x3_precision.hpp -> build/lib.linux-x86_64-cpython-310/gsplat/cuda/csrc/third_party/glm/glm/ext
  copying gsplat/cuda/csrc/third_party/glm/glm/ext/matrix_float3x4.hpp -> build/lib.linux-x86_64-cpython-310/gsplat/cuda/csrc/third_party/glm/glm/ext
  copying gsplat/cuda/csrc/third_party/glm/glm/ext/matrix_float3x4_precision.hpp -> build/lib.linux-x86_64-cpython-310/gsplat/cuda/csrc/third_party/glm/glm/ext
  copying gsplat/cuda/csrc/third_party/glm/glm/ext/matrix_float4x2.hpp -> build/lib.linux-x86_64-cpython-310/gsplat/cuda/csrc/third_party/glm/glm/ext
  copying gsplat/cuda/csrc/third_party/glm/glm/ext/matrix_float4x2_precision.hpp -> build/lib.linux-x86_64-cpython-310/gsplat/cuda/csrc/third_party/glm/glm/ext
  copying gsplat/cuda/csrc/third_party/glm/glm/ext/matrix_float4x3.hpp -> build/lib.linux-x86_64-cpython-310/gsplat/cuda/csrc/third_party/glm/glm/ext
  copying gsplat/cuda/csrc/third_party/glm/glm/ext/matrix_float4x3_precision.hpp -> build/lib.linux-x86_64-cpython-310/gsplat/cuda/csrc/third_party/glm/glm/ext
  copying gsplat/cuda/csrc/third_party/glm/glm/ext/matrix_float4x4.hpp -> build/lib.linux-x86_64-cpython-310/gsplat/cuda/csrc/third_party/glm/glm/ext
  copying gsplat/cuda/csrc/third_party/glm/glm/ext/matrix_float4x4_precision.hpp -> build/lib.linux-x86_64-cpython-310/gsplat/cuda/csrc/third_party/glm/glm/ext
  copying gsplat/cuda/csrc/third_party/glm/glm/ext/matrix_int2x2.hpp -> build/lib.linux-x86_64-cpython-310/gsplat/cuda/csrc/third_party/glm/glm/ext
  copying gsplat/cuda/csrc/third_party/glm/glm/ext/matrix_int2x2_sized.hpp -> build/lib.linux-x86_64-cpython-310/gsplat/cuda/csrc/third_party/glm/glm/ext
  copying gsplat/cuda/csrc/third_party/glm/glm/ext/matrix_int2x3.hpp -> build/lib.linux-x86_64-cpython-310/gsplat/cuda/csrc/third_party/glm/glm/ext
  copying gsplat/cuda/csrc/third_party/glm/glm/ext/matrix_int2x3_sized.hpp -> build/lib.linux-x86_64-cpython-310/gsplat/cuda/csrc/third_party/glm/glm/ext
  copying gsplat/cuda/csrc/third_party/glm/glm/ext/matrix_int2x4.hpp -> build/lib.linux-x86_64-cpython-310/gsplat/cuda/csrc/third_party/glm/glm/ext
  copying gsplat/cuda/csrc/third_party/glm/glm/ext/matrix_int2x4_sized.hpp -> build/lib.linux-x86_64-cpython-310/gsplat/cuda/csrc/third_party/glm/glm/ext
  copying gsplat/cuda/csrc/third_party/glm/glm/ext/matrix_int3x2.hpp -> build/lib.linux-x86_64-cpython-310/gsplat/cuda/csrc/third_party/glm/glm/ext
  copying gsplat/cuda/csrc/third_party/glm/glm/ext/matrix_int3x2_sized.hpp -> build/lib.linux-x86_64-cpython-310/gsplat/cuda/csrc/third_party/glm/glm/ext
  copying gsplat/cuda/csrc/third_party/glm/glm/ext/matrix_int3x3.hpp -> build/lib.linux-x86_64-cpython-310/gsplat/cuda/csrc/third_party/glm/glm/ext
  copying gsplat/cuda/csrc/third_party/glm/glm/ext/matrix_int3x3_sized.hpp -> build/lib.linux-x86_64-cpython-310/gsplat/cuda/csrc/third_party/glm/glm/ext
  copying gsplat/cuda/csrc/third_party/glm/glm/ext/matrix_int3x4.hpp -> build/lib.linux-x86_64-cpython-310/gsplat/cuda/csrc/third_party/glm/glm/ext
  copying gsplat/cuda/csrc/third_party/glm/glm/ext/matrix_int3x4_sized.hpp -> build/lib.linux-x86_64-cpython-310/gsplat/cuda/csrc/third_party/glm/glm/ext
  copying gsplat/cuda/csrc/third_party/glm/glm/ext/matrix_int4x2.hpp -> build/lib.linux-x86_64-cpython-310/gsplat/cuda/csrc/third_party/glm/glm/ext
  copying gsplat/cuda/csrc/third_party/glm/glm/ext/matrix_int4x2_sized.hpp -> build/lib.linux-x86_64-cpython-310/gsplat/cuda/csrc/third_party/glm/glm/ext
  copying gsplat/cuda/csrc/third_party/glm/glm/ext/matrix_int4x3.hpp -> build/lib.linux-x86_64-cpython-310/gsplat/cuda/csrc/third_party/glm/glm/ext
  copying gsplat/cuda/csrc/third_party/glm/glm/ext/matrix_int4x3_sized.hpp -> build/lib.linux-x86_64-cpython-310/gsplat/cuda/csrc/third_party/glm/glm/ext
  copying gsplat/cuda/csrc/third_party/glm/glm/ext/matrix_int4x4.hpp -> build/lib.linux-x86_64-cpython-310/gsplat/cuda/csrc/third_party/glm/glm/ext
  copying gsplat/cuda/csrc/third_party/glm/glm/ext/matrix_int4x4_sized.hpp -> build/lib.linux-x86_64-cpython-310/gsplat/cuda/csrc/third_party/glm/glm/ext
  copying gsplat/cuda/csrc/third_party/glm/glm/ext/matrix_integer.hpp -> build/lib.linux-x86_64-cpython-310/gsplat/cuda/csrc/third_party/glm/glm/ext
  copying gsplat/cuda/csrc/third_party/glm/glm/ext/matrix_integer.inl -> build/lib.linux-x86_64-cpython-310/gsplat/cuda/csrc/third_party/glm/glm/ext
  copying gsplat/cuda/csrc/third_party/glm/glm/ext/matrix_projection.hpp -> build/lib.linux-x86_64-cpython-310/gsplat/cuda/csrc/third_party/glm/glm/ext
  copying gsplat/cuda/csrc/third_party/glm/glm/ext/matrix_projection.inl -> build/lib.linux-x86_64-cpython-310/gsplat/cuda/csrc/third_party/glm/glm/ext
  copying gsplat/cuda/csrc/third_party/glm/glm/ext/matrix_relational.hpp -> build/lib.linux-x86_64-cpython-310/gsplat/cuda/csrc/third_party/glm/glm/ext
  copying gsplat/cuda/csrc/third_party/glm/glm/ext/matrix_relational.inl -> build/lib.linux-x86_64-cpython-310/gsplat/cuda/csrc/third_party/glm/glm/ext
  copying gsplat/cuda/csrc/third_party/glm/glm/ext/matrix_transform.hpp -> build/lib.linux-x86_64-cpython-310/gsplat/cuda/csrc/third_party/glm/glm/ext
  copying gsplat/cuda/csrc/third_party/glm/glm/ext/matrix_transform.inl -> build/lib.linux-x86_64-cpython-310/gsplat/cuda/csrc/third_party/glm/glm/ext
  copying gsplat/cuda/csrc/third_party/glm/glm/ext/matrix_uint2x2.hpp -> build/lib.linux-x86_64-cpython-310/gsplat/cuda/csrc/third_party/glm/glm/ext
  copying gsplat/cuda/csrc/third_party/glm/glm/ext/matrix_uint2x2_sized.hpp -> build/lib.linux-x86_64-cpython-310/gsplat/cuda/csrc/third_party/glm/glm/ext
  copying gsplat/cuda/csrc/third_party/glm/glm/ext/matrix_uint2x3.hpp -> build/lib.linux-x86_64-cpython-310/gsplat/cuda/csrc/third_party/glm/glm/ext
  copying gsplat/cuda/csrc/third_party/glm/glm/ext/matrix_uint2x3_sized.hpp -> build/lib.linux-x86_64-cpython-310/gsplat/cuda/csrc/third_party/glm/glm/ext
  copying gsplat/cuda/csrc/third_party/glm/glm/ext/matrix_uint2x4.hpp -> build/lib.linux-x86_64-cpython-310/gsplat/cuda/csrc/third_party/glm/glm/ext
  copying gsplat/cuda/csrc/third_party/glm/glm/ext/matrix_uint2x4_sized.hpp -> build/lib.linux-x86_64-cpython-310/gsplat/cuda/csrc/third_party/glm/glm/ext
  copying gsplat/cuda/csrc/third_party/glm/glm/ext/matrix_uint3x2.hpp -> build/lib.linux-x86_64-cpython-310/gsplat/cuda/csrc/third_party/glm/glm/ext
  copying gsplat/cuda/csrc/third_party/glm/glm/ext/matrix_uint3x2_sized.hpp -> build/lib.linux-x86_64-cpython-310/gsplat/cuda/csrc/third_party/glm/glm/ext
  copying gsplat/cuda/csrc/third_party/glm/glm/ext/matrix_uint3x3.hpp -> build/lib.linux-x86_64-cpython-310/gsplat/cuda/csrc/third_party/glm/glm/ext
  copying gsplat/cuda/csrc/third_party/glm/glm/ext/matrix_uint3x3_sized.hpp -> build/lib.linux-x86_64-cpython-310/gsplat/cuda/csrc/third_party/glm/glm/ext
  copying gsplat/cuda/csrc/third_party/glm/glm/ext/matrix_uint3x4.hpp -> build/lib.linux-x86_64-cpython-310/gsplat/cuda/csrc/third_party/glm/glm/ext
  copying gsplat/cuda/csrc/third_party/glm/glm/ext/matrix_uint3x4_sized.hpp -> build/lib.linux-x86_64-cpython-310/gsplat/cuda/csrc/third_party/glm/glm/ext
  copying gsplat/cuda/csrc/third_party/glm/glm/ext/matrix_uint4x2.hpp -> build/lib.linux-x86_64-cpython-310/gsplat/cuda/csrc/third_party/glm/glm/ext
  copying gsplat/cuda/csrc/third_party/glm/glm/ext/matrix_uint4x2_sized.hpp -> build/lib.linux-x86_64-cpython-310/gsplat/cuda/csrc/third_party/glm/glm/ext
  copying gsplat/cuda/csrc/third_party/glm/glm/ext/matrix_uint4x3.hpp -> build/lib.linux-x86_64-cpython-310/gsplat/cuda/csrc/third_party/glm/glm/ext
  copying gsplat/cuda/csrc/third_party/glm/glm/ext/matrix_uint4x3_sized.hpp -> build/lib.linux-x86_64-cpython-310/gsplat/cuda/csrc/third_party/glm/glm/ext
  copying gsplat/cuda/csrc/third_party/glm/glm/ext/matrix_uint4x4.hpp -> build/lib.linux-x86_64-cpython-310/gsplat/cuda/csrc/third_party/glm/glm/ext
  copying gsplat/cuda/csrc/third_party/glm/glm/ext/matrix_uint4x4_sized.hpp -> build/lib.linux-x86_64-cpython-310/gsplat/cuda/csrc/third_party/glm/glm/ext
  copying gsplat/cuda/csrc/third_party/glm/glm/ext/quaternion_common.hpp -> build/lib.linux-x86_64-cpython-310/gsplat/cuda/csrc/third_party/glm/glm/ext
  copying gsplat/cuda/csrc/third_party/glm/glm/ext/quaternion_common.inl -> build/lib.linux-x86_64-cpython-310/gsplat/cuda/csrc/third_party/glm/glm/ext
  copying gsplat/cuda/csrc/third_party/glm/glm/ext/quaternion_common_simd.inl -> build/lib.linux-x86_64-cpython-310/gsplat/cuda/csrc/third_party/glm/glm/ext
  copying gsplat/cuda/csrc/third_party/glm/glm/ext/quaternion_double.hpp -> build/lib.linux-x86_64-cpython-310/gsplat/cuda/csrc/third_party/glm/glm/ext
  copying gsplat/cuda/csrc/third_party/glm/glm/ext/quaternion_double_precision.hpp -> build/lib.linux-x86_64-cpython-310/gsplat/cuda/csrc/third_party/glm/glm/ext
  copying gsplat/cuda/csrc/third_party/glm/glm/ext/quaternion_exponential.hpp -> build/lib.linux-x86_64-cpython-310/gsplat/cuda/csrc/third_party/glm/glm/ext
  copying gsplat/cuda/csrc/third_party/glm/glm/ext/quaternion_exponential.inl -> build/lib.linux-x86_64-cpython-310/gsplat/cuda/csrc/third_party/glm/glm/ext
  copying gsplat/cuda/csrc/third_party/glm/glm/ext/quaternion_float.hpp -> build/lib.linux-x86_64-cpython-310/gsplat/cuda/csrc/third_party/glm/glm/ext
  copying gsplat/cuda/csrc/third_party/glm/glm/ext/quaternion_float_precision.hpp -> build/lib.linux-x86_64-cpython-310/gsplat/cuda/csrc/third_party/glm/glm/ext
  copying gsplat/cuda/csrc/third_party/glm/glm/ext/quaternion_geometric.hpp -> build/lib.linux-x86_64-cpython-310/gsplat/cuda/csrc/third_party/glm/glm/ext
  copying gsplat/cuda/csrc/third_party/glm/glm/ext/quaternion_geometric.inl -> build/lib.linux-x86_64-cpython-310/gsplat/cuda/csrc/third_party/glm/glm/ext
  copying gsplat/cuda/csrc/third_party/glm/glm/ext/quaternion_relational.hpp -> build/lib.linux-x86_64-cpython-310/gsplat/cuda/csrc/third_party/glm/glm/ext
  copying gsplat/cuda/csrc/third_party/glm/glm/ext/quaternion_relational.inl -> build/lib.linux-x86_64-cpython-310/gsplat/cuda/csrc/third_party/glm/glm/ext
  copying gsplat/cuda/csrc/third_party/glm/glm/ext/quaternion_transform.hpp -> build/lib.linux-x86_64-cpython-310/gsplat/cuda/csrc/third_party/glm/glm/ext
  copying gsplat/cuda/csrc/third_party/glm/glm/ext/quaternion_transform.inl -> build/lib.linux-x86_64-cpython-310/gsplat/cuda/csrc/third_party/glm/glm/ext
  copying gsplat/cuda/csrc/third_party/glm/glm/ext/quaternion_trigonometric.hpp -> build/lib.linux-x86_64-cpython-310/gsplat/cuda/csrc/third_party/glm/glm/ext
  copying gsplat/cuda/csrc/third_party/glm/glm/ext/quaternion_trigonometric.inl -> build/lib.linux-x86_64-cpython-310/gsplat/cuda/csrc/third_party/glm/glm/ext
  copying gsplat/cuda/csrc/third_party/glm/glm/ext/scalar_common.hpp -> build/lib.linux-x86_64-cpython-310/gsplat/cuda/csrc/third_party/glm/glm/ext
  copying gsplat/cuda/csrc/third_party/glm/glm/ext/scalar_common.inl -> build/lib.linux-x86_64-cpython-310/gsplat/cuda/csrc/third_party/glm/glm/ext
  copying gsplat/cuda/csrc/third_party/glm/glm/ext/scalar_constants.hpp -> build/lib.linux-x86_64-cpython-310/gsplat/cuda/csrc/third_party/glm/glm/ext
  copying gsplat/cuda/csrc/third_party/glm/glm/ext/scalar_constants.inl -> build/lib.linux-x86_64-cpython-310/gsplat/cuda/csrc/third_party/glm/glm/ext
  copying gsplat/cuda/csrc/third_party/glm/glm/ext/scalar_int_sized.hpp -> build/lib.linux-x86_64-cpython-310/gsplat/cuda/csrc/third_party/glm/glm/ext
  copying gsplat/cuda/csrc/third_party/glm/glm/ext/scalar_integer.hpp -> build/lib.linux-x86_64-cpython-310/gsplat/cuda/csrc/third_party/glm/glm/ext
  copying gsplat/cuda/csrc/third_party/glm/glm/ext/scalar_integer.inl -> build/lib.linux-x86_64-cpython-310/gsplat/cuda/csrc/third_party/glm/glm/ext
  copying gsplat/cuda/csrc/third_party/glm/glm/ext/scalar_packing.hpp -> build/lib.linux-x86_64-cpython-310/gsplat/cuda/csrc/third_party/glm/glm/ext
  copying gsplat/cuda/csrc/third_party/glm/glm/ext/scalar_packing.inl -> build/lib.linux-x86_64-cpython-310/gsplat/cuda/csrc/third_party/glm/glm/ext
  copying gsplat/cuda/csrc/third_party/glm/glm/ext/scalar_reciprocal.hpp -> build/lib.linux-x86_64-cpython-310/gsplat/cuda/csrc/third_party/glm/glm/ext
  copying gsplat/cuda/csrc/third_party/glm/glm/ext/scalar_reciprocal.inl -> build/lib.linux-x86_64-cpython-310/gsplat/cuda/csrc/third_party/glm/glm/ext
  copying gsplat/cuda/csrc/third_party/glm/glm/ext/scalar_relational.hpp -> build/lib.linux-x86_64-cpython-310/gsplat/cuda/csrc/third_party/glm/glm/ext
  copying gsplat/cuda/csrc/third_party/glm/glm/ext/scalar_relational.inl -> build/lib.linux-x86_64-cpython-310/gsplat/cuda/csrc/third_party/glm/glm/ext
  copying gsplat/cuda/csrc/third_party/glm/glm/ext/scalar_uint_sized.hpp -> build/lib.linux-x86_64-cpython-310/gsplat/cuda/csrc/third_party/glm/glm/ext
  copying gsplat/cuda/csrc/third_party/glm/glm/ext/scalar_ulp.hpp -> build/lib.linux-x86_64-cpython-310/gsplat/cuda/csrc/third_party/glm/glm/ext
  copying gsplat/cuda/csrc/third_party/glm/glm/ext/scalar_ulp.inl -> build/lib.linux-x86_64-cpython-310/gsplat/cuda/csrc/third_party/glm/glm/ext
  copying gsplat/cuda/csrc/third_party/glm/glm/ext/vector_bool1.hpp -> build/lib.linux-x86_64-cpython-310/gsplat/cuda/csrc/third_party/glm/glm/ext
  copying gsplat/cuda/csrc/third_party/glm/glm/ext/vector_bool1_precision.hpp -> build/lib.linux-x86_64-cpython-310/gsplat/cuda/csrc/third_party/glm/glm/ext
  copying gsplat/cuda/csrc/third_party/glm/glm/ext/vector_bool2.hpp -> build/lib.linux-x86_64-cpython-310/gsplat/cuda/csrc/third_party/glm/glm/ext
  copying gsplat/cuda/csrc/third_party/glm/glm/ext/vector_bool2_precision.hpp -> build/lib.linux-x86_64-cpython-310/gsplat/cuda/csrc/third_party/glm/glm/ext
  copying gsplat/cuda/csrc/third_party/glm/glm/ext/vector_bool3.hpp -> build/lib.linux-x86_64-cpython-310/gsplat/cuda/csrc/third_party/glm/glm/ext
  copying gsplat/cuda/csrc/third_party/glm/glm/ext/vector_bool3_precision.hpp -> build/lib.linux-x86_64-cpython-310/gsplat/cuda/csrc/third_party/glm/glm/ext
  copying gsplat/cuda/csrc/third_party/glm/glm/ext/vector_bool4.hpp -> build/lib.linux-x86_64-cpython-310/gsplat/cuda/csrc/third_party/glm/glm/ext
  copying gsplat/cuda/csrc/third_party/glm/glm/ext/vector_bool4_precision.hpp -> build/lib.linux-x86_64-cpython-310/gsplat/cuda/csrc/third_party/glm/glm/ext
  copying gsplat/cuda/csrc/third_party/glm/glm/ext/vector_common.hpp -> build/lib.linux-x86_64-cpython-310/gsplat/cuda/csrc/third_party/glm/glm/ext
  copying gsplat/cuda/csrc/third_party/glm/glm/ext/vector_common.inl -> build/lib.linux-x86_64-cpython-310/gsplat/cuda/csrc/third_party/glm/glm/ext
  copying gsplat/cuda/csrc/third_party/glm/glm/ext/vector_double1.hpp -> build/lib.linux-x86_64-cpython-310/gsplat/cuda/csrc/third_party/glm/glm/ext
  copying gsplat/cuda/csrc/third_party/glm/glm/ext/vector_double1_precision.hpp -> build/lib.linux-x86_64-cpython-310/gsplat/cuda/csrc/third_party/glm/glm/ext
  copying gsplat/cuda/csrc/third_party/glm/glm/ext/vector_double2.hpp -> build/lib.linux-x86_64-cpython-310/gsplat/cuda/csrc/third_party/glm/glm/ext
  copying gsplat/cuda/csrc/third_party/glm/glm/ext/vector_double2_precision.hpp -> build/lib.linux-x86_64-cpython-310/gsplat/cuda/csrc/third_party/glm/glm/ext
  copying gsplat/cuda/csrc/third_party/glm/glm/ext/vector_double3.hpp -> build/lib.linux-x86_64-cpython-310/gsplat/cuda/csrc/third_party/glm/glm/ext
  copying gsplat/cuda/csrc/third_party/glm/glm/ext/vector_double3_precision.hpp -> build/lib.linux-x86_64-cpython-310/gsplat/cuda/csrc/third_party/glm/glm/ext
  copying gsplat/cuda/csrc/third_party/glm/glm/ext/vector_double4.hpp -> build/lib.linux-x86_64-cpython-310/gsplat/cuda/csrc/third_party/glm/glm/ext
  copying gsplat/cuda/csrc/third_party/glm/glm/ext/vector_double4_precision.hpp -> build/lib.linux-x86_64-cpython-310/gsplat/cuda/csrc/third_party/glm/glm/ext
  copying gsplat/cuda/csrc/third_party/glm/glm/ext/vector_float1.hpp -> build/lib.linux-x86_64-cpython-310/gsplat/cuda/csrc/third_party/glm/glm/ext
  copying gsplat/cuda/csrc/third_party/glm/glm/ext/vector_float1_precision.hpp -> build/lib.linux-x86_64-cpython-310/gsplat/cuda/csrc/third_party/glm/glm/ext
  copying gsplat/cuda/csrc/third_party/glm/glm/ext/vector_float2.hpp -> build/lib.linux-x86_64-cpython-310/gsplat/cuda/csrc/third_party/glm/glm/ext
  copying gsplat/cuda/csrc/third_party/glm/glm/ext/vector_float2_precision.hpp -> build/lib.linux-x86_64-cpython-310/gsplat/cuda/csrc/third_party/glm/glm/ext
  copying gsplat/cuda/csrc/third_party/glm/glm/ext/vector_float3.hpp -> build/lib.linux-x86_64-cpython-310/gsplat/cuda/csrc/third_party/glm/glm/ext
  copying gsplat/cuda/csrc/third_party/glm/glm/ext/vector_float3_precision.hpp -> build/lib.linux-x86_64-cpython-310/gsplat/cuda/csrc/third_party/glm/glm/ext
  copying gsplat/cuda/csrc/third_party/glm/glm/ext/vector_float4.hpp -> build/lib.linux-x86_64-cpython-310/gsplat/cuda/csrc/third_party/glm/glm/ext
  copying gsplat/cuda/csrc/third_party/glm/glm/ext/vector_float4_precision.hpp -> build/lib.linux-x86_64-cpython-310/gsplat/cuda/csrc/third_party/glm/glm/ext
  copying gsplat/cuda/csrc/third_party/glm/glm/ext/vector_int1.hpp -> build/lib.linux-x86_64-cpython-310/gsplat/cuda/csrc/third_party/glm/glm/ext
  copying gsplat/cuda/csrc/third_party/glm/glm/ext/vector_int1_sized.hpp -> build/lib.linux-x86_64-cpython-310/gsplat/cuda/csrc/third_party/glm/glm/ext
  copying gsplat/cuda/csrc/third_party/glm/glm/ext/vector_int2.hpp -> build/lib.linux-x86_64-cpython-310/gsplat/cuda/csrc/third_party/glm/glm/ext
  copying gsplat/cuda/csrc/third_party/glm/glm/ext/vector_int2_sized.hpp -> build/lib.linux-x86_64-cpython-310/gsplat/cuda/csrc/third_party/glm/glm/ext
  copying gsplat/cuda/csrc/third_party/glm/glm/ext/vector_int3.hpp -> build/lib.linux-x86_64-cpython-310/gsplat/cuda/csrc/third_party/glm/glm/ext
  copying gsplat/cuda/csrc/third_party/glm/glm/ext/vector_int3_sized.hpp -> build/lib.linux-x86_64-cpython-310/gsplat/cuda/csrc/third_party/glm/glm/ext
  copying gsplat/cuda/csrc/third_party/glm/glm/ext/vector_int4.hpp -> build/lib.linux-x86_64-cpython-310/gsplat/cuda/csrc/third_party/glm/glm/ext
  copying gsplat/cuda/csrc/third_party/glm/glm/ext/vector_int4_sized.hpp -> build/lib.linux-x86_64-cpython-310/gsplat/cuda/csrc/third_party/glm/glm/ext
  copying gsplat/cuda/csrc/third_party/glm/glm/ext/vector_integer.hpp -> build/lib.linux-x86_64-cpython-310/gsplat/cuda/csrc/third_party/glm/glm/ext
  copying gsplat/cuda/csrc/third_party/glm/glm/ext/vector_integer.inl -> build/lib.linux-x86_64-cpython-310/gsplat/cuda/csrc/third_party/glm/glm/ext
  copying gsplat/cuda/csrc/third_party/glm/glm/ext/vector_packing.hpp -> build/lib.linux-x86_64-cpython-310/gsplat/cuda/csrc/third_party/glm/glm/ext
  copying gsplat/cuda/csrc/third_party/glm/glm/ext/vector_packing.inl -> build/lib.linux-x86_64-cpython-310/gsplat/cuda/csrc/third_party/glm/glm/ext
  copying gsplat/cuda/csrc/third_party/glm/glm/ext/vector_reciprocal.hpp -> build/lib.linux-x86_64-cpython-310/gsplat/cuda/csrc/third_party/glm/glm/ext
  copying gsplat/cuda/csrc/third_party/glm/glm/ext/vector_reciprocal.inl -> build/lib.linux-x86_64-cpython-310/gsplat/cuda/csrc/third_party/glm/glm/ext
  copying gsplat/cuda/csrc/third_party/glm/glm/ext/vector_relational.hpp -> build/lib.linux-x86_64-cpython-310/gsplat/cuda/csrc/third_party/glm/glm/ext
  copying gsplat/cuda/csrc/third_party/glm/glm/ext/vector_relational.inl -> build/lib.linux-x86_64-cpython-310/gsplat/cuda/csrc/third_party/glm/glm/ext
  copying gsplat/cuda/csrc/third_party/glm/glm/ext/vector_uint1.hpp -> build/lib.linux-x86_64-cpython-310/gsplat/cuda/csrc/third_party/glm/glm/ext
  copying gsplat/cuda/csrc/third_party/glm/glm/ext/vector_uint1_sized.hpp -> build/lib.linux-x86_64-cpython-310/gsplat/cuda/csrc/third_party/glm/glm/ext
  copying gsplat/cuda/csrc/third_party/glm/glm/ext/vector_uint2.hpp -> build/lib.linux-x86_64-cpython-310/gsplat/cuda/csrc/third_party/glm/glm/ext
  copying gsplat/cuda/csrc/third_party/glm/glm/ext/vector_uint2_sized.hpp -> build/lib.linux-x86_64-cpython-310/gsplat/cuda/csrc/third_party/glm/glm/ext
  copying gsplat/cuda/csrc/third_party/glm/glm/ext/vector_uint3.hpp -> build/lib.linux-x86_64-cpython-310/gsplat/cuda/csrc/third_party/glm/glm/ext
  copying gsplat/cuda/csrc/third_party/glm/glm/ext/vector_uint3_sized.hpp -> build/lib.linux-x86_64-cpython-310/gsplat/cuda/csrc/third_party/glm/glm/ext
  copying gsplat/cuda/csrc/third_party/glm/glm/ext/vector_uint4.hpp -> build/lib.linux-x86_64-cpython-310/gsplat/cuda/csrc/third_party/glm/glm/ext
  copying gsplat/cuda/csrc/third_party/glm/glm/ext/vector_uint4_sized.hpp -> build/lib.linux-x86_64-cpython-310/gsplat/cuda/csrc/third_party/glm/glm/ext
  copying gsplat/cuda/csrc/third_party/glm/glm/ext/vector_ulp.hpp -> build/lib.linux-x86_64-cpython-310/gsplat/cuda/csrc/third_party/glm/glm/ext
  copying gsplat/cuda/csrc/third_party/glm/glm/ext/vector_ulp.inl -> build/lib.linux-x86_64-cpython-310/gsplat/cuda/csrc/third_party/glm/glm/ext
  creating build/lib.linux-x86_64-cpython-310/gsplat/cuda/csrc/third_party/glm/glm/gtc
  copying gsplat/cuda/csrc/third_party/glm/glm/gtc/bitfield.hpp -> build/lib.linux-x86_64-cpython-310/gsplat/cuda/csrc/third_party/glm/glm/gtc
  copying gsplat/cuda/csrc/third_party/glm/glm/gtc/bitfield.inl -> build/lib.linux-x86_64-cpython-310/gsplat/cuda/csrc/third_party/glm/glm/gtc
  copying gsplat/cuda/csrc/third_party/glm/glm/gtc/color_space.hpp -> build/lib.linux-x86_64-cpython-310/gsplat/cuda/csrc/third_party/glm/glm/gtc
  copying gsplat/cuda/csrc/third_party/glm/glm/gtc/color_space.inl -> build/lib.linux-x86_64-cpython-310/gsplat/cuda/csrc/third_party/glm/glm/gtc
  copying gsplat/cuda/csrc/third_party/glm/glm/gtc/constants.hpp -> build/lib.linux-x86_64-cpython-310/gsplat/cuda/csrc/third_party/glm/glm/gtc
  copying gsplat/cuda/csrc/third_party/glm/glm/gtc/constants.inl -> build/lib.linux-x86_64-cpython-310/gsplat/cuda/csrc/third_party/glm/glm/gtc
  copying gsplat/cuda/csrc/third_party/glm/glm/gtc/epsilon.hpp -> build/lib.linux-x86_64-cpython-310/gsplat/cuda/csrc/third_party/glm/glm/gtc
  copying gsplat/cuda/csrc/third_party/glm/glm/gtc/epsilon.inl -> build/lib.linux-x86_64-cpython-310/gsplat/cuda/csrc/third_party/glm/glm/gtc
  copying gsplat/cuda/csrc/third_party/glm/glm/gtc/integer.hpp -> build/lib.linux-x86_64-cpython-310/gsplat/cuda/csrc/third_party/glm/glm/gtc
  copying gsplat/cuda/csrc/third_party/glm/glm/gtc/integer.inl -> build/lib.linux-x86_64-cpython-310/gsplat/cuda/csrc/third_party/glm/glm/gtc
  copying gsplat/cuda/csrc/third_party/glm/glm/gtc/matrix_access.hpp -> build/lib.linux-x86_64-cpython-310/gsplat/cuda/csrc/third_party/glm/glm/gtc
  copying gsplat/cuda/csrc/third_party/glm/glm/gtc/matrix_access.inl -> build/lib.linux-x86_64-cpython-310/gsplat/cuda/csrc/third_party/glm/glm/gtc
  copying gsplat/cuda/csrc/third_party/glm/glm/gtc/matrix_integer.hpp -> build/lib.linux-x86_64-cpython-310/gsplat/cuda/csrc/third_party/glm/glm/gtc
  copying gsplat/cuda/csrc/third_party/glm/glm/gtc/matrix_inverse.hpp -> build/lib.linux-x86_64-cpython-310/gsplat/cuda/csrc/third_party/glm/glm/gtc
  copying gsplat/cuda/csrc/third_party/glm/glm/gtc/matrix_inverse.inl -> build/lib.linux-x86_64-cpython-310/gsplat/cuda/csrc/third_party/glm/glm/gtc
  copying gsplat/cuda/csrc/third_party/glm/glm/gtc/matrix_transform.hpp -> build/lib.linux-x86_64-cpython-310/gsplat/cuda/csrc/third_party/glm/glm/gtc
  copying gsplat/cuda/csrc/third_party/glm/glm/gtc/matrix_transform.inl -> build/lib.linux-x86_64-cpython-310/gsplat/cuda/csrc/third_party/glm/glm/gtc
  copying gsplat/cuda/csrc/third_party/glm/glm/gtc/noise.hpp -> build/lib.linux-x86_64-cpython-310/gsplat/cuda/csrc/third_party/glm/glm/gtc
  copying gsplat/cuda/csrc/third_party/glm/glm/gtc/noise.inl -> build/lib.linux-x86_64-cpython-310/gsplat/cuda/csrc/third_party/glm/glm/gtc
  copying gsplat/cuda/csrc/third_party/glm/glm/gtc/packing.hpp -> build/lib.linux-x86_64-cpython-310/gsplat/cuda/csrc/third_party/glm/glm/gtc
  copying gsplat/cuda/csrc/third_party/glm/glm/gtc/packing.inl -> build/lib.linux-x86_64-cpython-310/gsplat/cuda/csrc/third_party/glm/glm/gtc
  copying gsplat/cuda/csrc/third_party/glm/glm/gtc/quaternion.hpp -> build/lib.linux-x86_64-cpython-310/gsplat/cuda/csrc/third_party/glm/glm/gtc
  copying gsplat/cuda/csrc/third_party/glm/glm/gtc/quaternion.inl -> build/lib.linux-x86_64-cpython-310/gsplat/cuda/csrc/third_party/glm/glm/gtc
  copying gsplat/cuda/csrc/third_party/glm/glm/gtc/quaternion_simd.inl -> build/lib.linux-x86_64-cpython-310/gsplat/cuda/csrc/third_party/glm/glm/gtc
  copying gsplat/cuda/csrc/third_party/glm/glm/gtc/random.hpp -> build/lib.linux-x86_64-cpython-310/gsplat/cuda/csrc/third_party/glm/glm/gtc
  copying gsplat/cuda/csrc/third_party/glm/glm/gtc/random.inl -> build/lib.linux-x86_64-cpython-310/gsplat/cuda/csrc/third_party/glm/glm/gtc
  copying gsplat/cuda/csrc/third_party/glm/glm/gtc/reciprocal.hpp -> build/lib.linux-x86_64-cpython-310/gsplat/cuda/csrc/third_party/glm/glm/gtc
  copying gsplat/cuda/csrc/third_party/glm/glm/gtc/round.hpp -> build/lib.linux-x86_64-cpython-310/gsplat/cuda/csrc/third_party/glm/glm/gtc
  copying gsplat/cuda/csrc/third_party/glm/glm/gtc/round.inl -> build/lib.linux-x86_64-cpython-310/gsplat/cuda/csrc/third_party/glm/glm/gtc
  copying gsplat/cuda/csrc/third_party/glm/glm/gtc/type_aligned.hpp -> build/lib.linux-x86_64-cpython-310/gsplat/cuda/csrc/third_party/glm/glm/gtc
  copying gsplat/cuda/csrc/third_party/glm/glm/gtc/type_precision.hpp -> build/lib.linux-x86_64-cpython-310/gsplat/cuda/csrc/third_party/glm/glm/gtc
  copying gsplat/cuda/csrc/third_party/glm/glm/gtc/type_precision.inl -> build/lib.linux-x86_64-cpython-310/gsplat/cuda/csrc/third_party/glm/glm/gtc
  copying gsplat/cuda/csrc/third_party/glm/glm/gtc/type_ptr.hpp -> build/lib.linux-x86_64-cpython-310/gsplat/cuda/csrc/third_party/glm/glm/gtc
  copying gsplat/cuda/csrc/third_party/glm/glm/gtc/type_ptr.inl -> build/lib.linux-x86_64-cpython-310/gsplat/cuda/csrc/third_party/glm/glm/gtc
  copying gsplat/cuda/csrc/third_party/glm/glm/gtc/ulp.hpp -> build/lib.linux-x86_64-cpython-310/gsplat/cuda/csrc/third_party/glm/glm/gtc
  copying gsplat/cuda/csrc/third_party/glm/glm/gtc/ulp.inl -> build/lib.linux-x86_64-cpython-310/gsplat/cuda/csrc/third_party/glm/glm/gtc
  copying gsplat/cuda/csrc/third_party/glm/glm/gtc/vec1.hpp -> build/lib.linux-x86_64-cpython-310/gsplat/cuda/csrc/third_party/glm/glm/gtc
  creating build/lib.linux-x86_64-cpython-310/gsplat/cuda/csrc/third_party/glm/glm/gtx
  copying gsplat/cuda/csrc/third_party/glm/glm/gtx/associated_min_max.hpp -> build/lib.linux-x86_64-cpython-310/gsplat/cuda/csrc/third_party/glm/glm/gtx
  copying gsplat/cuda/csrc/third_party/glm/glm/gtx/associated_min_max.inl -> build/lib.linux-x86_64-cpython-310/gsplat/cuda/csrc/third_party/glm/glm/gtx
  copying gsplat/cuda/csrc/third_party/glm/glm/gtx/bit.hpp -> build/lib.linux-x86_64-cpython-310/gsplat/cuda/csrc/third_party/glm/glm/gtx
  copying gsplat/cuda/csrc/third_party/glm/glm/gtx/bit.inl -> build/lib.linux-x86_64-cpython-310/gsplat/cuda/csrc/third_party/glm/glm/gtx
  copying gsplat/cuda/csrc/third_party/glm/glm/gtx/closest_point.hpp -> build/lib.linux-x86_64-cpython-310/gsplat/cuda/csrc/third_party/glm/glm/gtx
  copying gsplat/cuda/csrc/third_party/glm/glm/gtx/closest_point.inl -> build/lib.linux-x86_64-cpython-310/gsplat/cuda/csrc/third_party/glm/glm/gtx
  copying gsplat/cuda/csrc/third_party/glm/glm/gtx/color_encoding.hpp -> build/lib.linux-x86_64-cpython-310/gsplat/cuda/csrc/third_party/glm/glm/gtx
  copying gsplat/cuda/csrc/third_party/glm/glm/gtx/color_encoding.inl -> build/lib.linux-x86_64-cpython-310/gsplat/cuda/csrc/third_party/glm/glm/gtx
  copying gsplat/cuda/csrc/third_party/glm/glm/gtx/color_space.hpp -> build/lib.linux-x86_64-cpython-310/gsplat/cuda/csrc/third_party/glm/glm/gtx
  copying gsplat/cuda/csrc/third_party/glm/glm/gtx/color_space.inl -> build/lib.linux-x86_64-cpython-310/gsplat/cuda/csrc/third_party/glm/glm/gtx
  copying gsplat/cuda/csrc/third_party/glm/glm/gtx/color_space_YCoCg.hpp -> build/lib.linux-x86_64-cpython-310/gsplat/cuda/csrc/third_party/glm/glm/gtx
  copying gsplat/cuda/csrc/third_party/glm/glm/gtx/color_space_YCoCg.inl -> build/lib.linux-x86_64-cpython-310/gsplat/cuda/csrc/third_party/glm/glm/gtx
  copying gsplat/cuda/csrc/third_party/glm/glm/gtx/common.hpp -> build/lib.linux-x86_64-cpython-310/gsplat/cuda/csrc/third_party/glm/glm/gtx
  copying gsplat/cuda/csrc/third_party/glm/glm/gtx/common.inl -> build/lib.linux-x86_64-cpython-310/gsplat/cuda/csrc/third_party/glm/glm/gtx
  copying gsplat/cuda/csrc/third_party/glm/glm/gtx/compatibility.hpp -> build/lib.linux-x86_64-cpython-310/gsplat/cuda/csrc/third_party/glm/glm/gtx
  copying gsplat/cuda/csrc/third_party/glm/glm/gtx/compatibility.inl -> build/lib.linux-x86_64-cpython-310/gsplat/cuda/csrc/third_party/glm/glm/gtx
  copying gsplat/cuda/csrc/third_party/glm/glm/gtx/component_wise.hpp -> build/lib.linux-x86_64-cpython-310/gsplat/cuda/csrc/third_party/glm/glm/gtx
  copying gsplat/cuda/csrc/third_party/glm/glm/gtx/component_wise.inl -> build/lib.linux-x86_64-cpython-310/gsplat/cuda/csrc/third_party/glm/glm/gtx
  copying gsplat/cuda/csrc/third_party/glm/glm/gtx/dual_quaternion.hpp -> build/lib.linux-x86_64-cpython-310/gsplat/cuda/csrc/third_party/glm/glm/gtx
  copying gsplat/cuda/csrc/third_party/glm/glm/gtx/dual_quaternion.inl -> build/lib.linux-x86_64-cpython-310/gsplat/cuda/csrc/third_party/glm/glm/gtx
  copying gsplat/cuda/csrc/third_party/glm/glm/gtx/easing.hpp -> build/lib.linux-x86_64-cpython-310/gsplat/cuda/csrc/third_party/glm/glm/gtx
  copying gsplat/cuda/csrc/third_party/glm/glm/gtx/easing.inl -> build/lib.linux-x86_64-cpython-310/gsplat/cuda/csrc/third_party/glm/glm/gtx
  copying gsplat/cuda/csrc/third_party/glm/glm/gtx/euler_angles.hpp -> build/lib.linux-x86_64-cpython-310/gsplat/cuda/csrc/third_party/glm/glm/gtx
  copying gsplat/cuda/csrc/third_party/glm/glm/gtx/euler_angles.inl -> build/lib.linux-x86_64-cpython-310/gsplat/cuda/csrc/third_party/glm/glm/gtx
  copying gsplat/cuda/csrc/third_party/glm/glm/gtx/extend.hpp -> build/lib.linux-x86_64-cpython-310/gsplat/cuda/csrc/third_party/glm/glm/gtx
  copying gsplat/cuda/csrc/third_party/glm/glm/gtx/extend.inl -> build/lib.linux-x86_64-cpython-310/gsplat/cuda/csrc/third_party/glm/glm/gtx
  copying gsplat/cuda/csrc/third_party/glm/glm/gtx/extended_min_max.hpp -> build/lib.linux-x86_64-cpython-310/gsplat/cuda/csrc/third_party/glm/glm/gtx
  copying gsplat/cuda/csrc/third_party/glm/glm/gtx/extended_min_max.inl -> build/lib.linux-x86_64-cpython-310/gsplat/cuda/csrc/third_party/glm/glm/gtx
  copying gsplat/cuda/csrc/third_party/glm/glm/gtx/exterior_product.hpp -> build/lib.linux-x86_64-cpython-310/gsplat/cuda/csrc/third_party/glm/glm/gtx
  copying gsplat/cuda/csrc/third_party/glm/glm/gtx/exterior_product.inl -> build/lib.linux-x86_64-cpython-310/gsplat/cuda/csrc/third_party/glm/glm/gtx
  copying gsplat/cuda/csrc/third_party/glm/glm/gtx/fast_exponential.hpp -> build/lib.linux-x86_64-cpython-310/gsplat/cuda/csrc/third_party/glm/glm/gtx
  copying gsplat/cuda/csrc/third_party/glm/glm/gtx/fast_exponential.inl -> build/lib.linux-x86_64-cpython-310/gsplat/cuda/csrc/third_party/glm/glm/gtx
  copying gsplat/cuda/csrc/third_party/glm/glm/gtx/fast_square_root.hpp -> build/lib.linux-x86_64-cpython-310/gsplat/cuda/csrc/third_party/glm/glm/gtx
  copying gsplat/cuda/csrc/third_party/glm/glm/gtx/fast_square_root.inl -> build/lib.linux-x86_64-cpython-310/gsplat/cuda/csrc/third_party/glm/glm/gtx
  copying gsplat/cuda/csrc/third_party/glm/glm/gtx/fast_trigonometry.hpp -> build/lib.linux-x86_64-cpython-310/gsplat/cuda/csrc/third_party/glm/glm/gtx
  copying gsplat/cuda/csrc/third_party/glm/glm/gtx/fast_trigonometry.inl -> build/lib.linux-x86_64-cpython-310/gsplat/cuda/csrc/third_party/glm/glm/gtx
  copying gsplat/cuda/csrc/third_party/glm/glm/gtx/float_normalize.inl -> build/lib.linux-x86_64-cpython-310/gsplat/cuda/csrc/third_party/glm/glm/gtx
  copying gsplat/cuda/csrc/third_party/glm/glm/gtx/functions.hpp -> build/lib.linux-x86_64-cpython-310/gsplat/cuda/csrc/third_party/glm/glm/gtx
  copying gsplat/cuda/csrc/third_party/glm/glm/gtx/functions.inl -> build/lib.linux-x86_64-cpython-310/gsplat/cuda/csrc/third_party/glm/glm/gtx
  copying gsplat/cuda/csrc/third_party/glm/glm/gtx/gradient_paint.hpp -> build/lib.linux-x86_64-cpython-310/gsplat/cuda/csrc/third_party/glm/glm/gtx
  copying gsplat/cuda/csrc/third_party/glm/glm/gtx/gradient_paint.inl -> build/lib.linux-x86_64-cpython-310/gsplat/cuda/csrc/third_party/glm/glm/gtx
  copying gsplat/cuda/csrc/third_party/glm/glm/gtx/handed_coordinate_space.hpp -> build/lib.linux-x86_64-cpython-310/gsplat/cuda/csrc/third_party/glm/glm/gtx
  copying gsplat/cuda/csrc/third_party/glm/glm/gtx/handed_coordinate_space.inl -> build/lib.linux-x86_64-cpython-310/gsplat/cuda/csrc/third_party/glm/glm/gtx
  copying gsplat/cuda/csrc/third_party/glm/glm/gtx/hash.hpp -> build/lib.linux-x86_64-cpython-310/gsplat/cuda/csrc/third_party/glm/glm/gtx
  copying gsplat/cuda/csrc/third_party/glm/glm/gtx/hash.inl -> build/lib.linux-x86_64-cpython-310/gsplat/cuda/csrc/third_party/glm/glm/gtx
  copying gsplat/cuda/csrc/third_party/glm/glm/gtx/integer.hpp -> build/lib.linux-x86_64-cpython-310/gsplat/cuda/csrc/third_party/glm/glm/gtx
  copying gsplat/cuda/csrc/third_party/glm/glm/gtx/integer.inl -> build/lib.linux-x86_64-cpython-310/gsplat/cuda/csrc/third_party/glm/glm/gtx
  copying gsplat/cuda/csrc/third_party/glm/glm/gtx/intersect.hpp -> build/lib.linux-x86_64-cpython-310/gsplat/cuda/csrc/third_party/glm/glm/gtx
  copying gsplat/cuda/csrc/third_party/glm/glm/gtx/intersect.inl -> build/lib.linux-x86_64-cpython-310/gsplat/cuda/csrc/third_party/glm/glm/gtx
  copying gsplat/cuda/csrc/third_party/glm/glm/gtx/io.hpp -> build/lib.linux-x86_64-cpython-310/gsplat/cuda/csrc/third_party/glm/glm/gtx
  copying gsplat/cuda/csrc/third_party/glm/glm/gtx/io.inl -> build/lib.linux-x86_64-cpython-310/gsplat/cuda/csrc/third_party/glm/glm/gtx
  copying gsplat/cuda/csrc/third_party/glm/glm/gtx/log_base.hpp -> build/lib.linux-x86_64-cpython-310/gsplat/cuda/csrc/third_party/glm/glm/gtx
  copying gsplat/cuda/csrc/third_party/glm/glm/gtx/log_base.inl -> build/lib.linux-x86_64-cpython-310/gsplat/cuda/csrc/third_party/glm/glm/gtx
  copying gsplat/cuda/csrc/third_party/glm/glm/gtx/matrix_cross_product.hpp -> build/lib.linux-x86_64-cpython-310/gsplat/cuda/csrc/third_party/glm/glm/gtx
  copying gsplat/cuda/csrc/third_party/glm/glm/gtx/matrix_cross_product.inl -> build/lib.linux-x86_64-cpython-310/gsplat/cuda/csrc/third_party/glm/glm/gtx
  copying gsplat/cuda/csrc/third_party/glm/glm/gtx/matrix_decompose.hpp -> build/lib.linux-x86_64-cpython-310/gsplat/cuda/csrc/third_party/glm/glm/gtx
  copying gsplat/cuda/csrc/third_party/glm/glm/gtx/matrix_decompose.inl -> build/lib.linux-x86_64-cpython-310/gsplat/cuda/csrc/third_party/glm/glm/gtx
  copying gsplat/cuda/csrc/third_party/glm/glm/gtx/matrix_factorisation.hpp -> build/lib.linux-x86_64-cpython-310/gsplat/cuda/csrc/third_party/glm/glm/gtx
  copying gsplat/cuda/csrc/third_party/glm/glm/gtx/matrix_factorisation.inl -> build/lib.linux-x86_64-cpython-310/gsplat/cuda/csrc/third_party/glm/glm/gtx
  copying gsplat/cuda/csrc/third_party/glm/glm/gtx/matrix_interpolation.hpp -> build/lib.linux-x86_64-cpython-310/gsplat/cuda/csrc/third_party/glm/glm/gtx
  copying gsplat/cuda/csrc/third_party/glm/glm/gtx/matrix_interpolation.inl -> build/lib.linux-x86_64-cpython-310/gsplat/cuda/csrc/third_party/glm/glm/gtx
  copying gsplat/cuda/csrc/third_party/glm/glm/gtx/matrix_major_storage.hpp -> build/lib.linux-x86_64-cpython-310/gsplat/cuda/csrc/third_party/glm/glm/gtx
  copying gsplat/cuda/csrc/third_party/glm/glm/gtx/matrix_major_storage.inl -> build/lib.linux-x86_64-cpython-310/gsplat/cuda/csrc/third_party/glm/glm/gtx
  copying gsplat/cuda/csrc/third_party/glm/glm/gtx/matrix_operation.hpp -> build/lib.linux-x86_64-cpython-310/gsplat/cuda/csrc/third_party/glm/glm/gtx
  copying gsplat/cuda/csrc/third_party/glm/glm/gtx/matrix_operation.inl -> build/lib.linux-x86_64-cpython-310/gsplat/cuda/csrc/third_party/glm/glm/gtx
  copying gsplat/cuda/csrc/third_party/glm/glm/gtx/matrix_query.hpp -> build/lib.linux-x86_64-cpython-310/gsplat/cuda/csrc/third_party/glm/glm/gtx
  copying gsplat/cuda/csrc/third_party/glm/glm/gtx/matrix_query.inl -> build/lib.linux-x86_64-cpython-310/gsplat/cuda/csrc/third_party/glm/glm/gtx
  copying gsplat/cuda/csrc/third_party/glm/glm/gtx/matrix_transform_2d.hpp -> build/lib.linux-x86_64-cpython-310/gsplat/cuda/csrc/third_party/glm/glm/gtx
  copying gsplat/cuda/csrc/third_party/glm/glm/gtx/matrix_transform_2d.inl -> build/lib.linux-x86_64-cpython-310/gsplat/cuda/csrc/third_party/glm/glm/gtx
  copying gsplat/cuda/csrc/third_party/glm/glm/gtx/mixed_product.hpp -> build/lib.linux-x86_64-cpython-310/gsplat/cuda/csrc/third_party/glm/glm/gtx
  copying gsplat/cuda/csrc/third_party/glm/glm/gtx/mixed_product.inl -> build/lib.linux-x86_64-cpython-310/gsplat/cuda/csrc/third_party/glm/glm/gtx
  copying gsplat/cuda/csrc/third_party/glm/glm/gtx/norm.hpp -> build/lib.linux-x86_64-cpython-310/gsplat/cuda/csrc/third_party/glm/glm/gtx
  copying gsplat/cuda/csrc/third_party/glm/glm/gtx/norm.inl -> build/lib.linux-x86_64-cpython-310/gsplat/cuda/csrc/third_party/glm/glm/gtx
  copying gsplat/cuda/csrc/third_party/glm/glm/gtx/normal.hpp -> build/lib.linux-x86_64-cpython-310/gsplat/cuda/csrc/third_party/glm/glm/gtx
  copying gsplat/cuda/csrc/third_party/glm/glm/gtx/normal.inl -> build/lib.linux-x86_64-cpython-310/gsplat/cuda/csrc/third_party/glm/glm/gtx
  copying gsplat/cuda/csrc/third_party/glm/glm/gtx/normalize_dot.hpp -> build/lib.linux-x86_64-cpython-310/gsplat/cuda/csrc/third_party/glm/glm/gtx
  copying gsplat/cuda/csrc/third_party/glm/glm/gtx/normalize_dot.inl -> build/lib.linux-x86_64-cpython-310/gsplat/cuda/csrc/third_party/glm/glm/gtx
  copying gsplat/cuda/csrc/third_party/glm/glm/gtx/number_precision.hpp -> build/lib.linux-x86_64-cpython-310/gsplat/cuda/csrc/third_party/glm/glm/gtx
  copying gsplat/cuda/csrc/third_party/glm/glm/gtx/optimum_pow.hpp -> build/lib.linux-x86_64-cpython-310/gsplat/cuda/csrc/third_party/glm/glm/gtx
  copying gsplat/cuda/csrc/third_party/glm/glm/gtx/optimum_pow.inl -> build/lib.linux-x86_64-cpython-310/gsplat/cuda/csrc/third_party/glm/glm/gtx
  copying gsplat/cuda/csrc/third_party/glm/glm/gtx/orthonormalize.hpp -> build/lib.linux-x86_64-cpython-310/gsplat/cuda/csrc/third_party/glm/glm/gtx
  copying gsplat/cuda/csrc/third_party/glm/glm/gtx/orthonormalize.inl -> build/lib.linux-x86_64-cpython-310/gsplat/cuda/csrc/third_party/glm/glm/gtx
  copying gsplat/cuda/csrc/third_party/glm/glm/gtx/pca.hpp -> build/lib.linux-x86_64-cpython-310/gsplat/cuda/csrc/third_party/glm/glm/gtx
  copying gsplat/cuda/csrc/third_party/glm/glm/gtx/pca.inl -> build/lib.linux-x86_64-cpython-310/gsplat/cuda/csrc/third_party/glm/glm/gtx
  copying gsplat/cuda/csrc/third_party/glm/glm/gtx/perpendicular.hpp -> build/lib.linux-x86_64-cpython-310/gsplat/cuda/csrc/third_party/glm/glm/gtx
  copying gsplat/cuda/csrc/third_party/glm/glm/gtx/perpendicular.inl -> build/lib.linux-x86_64-cpython-310/gsplat/cuda/csrc/third_party/glm/glm/gtx
  copying gsplat/cuda/csrc/third_party/glm/glm/gtx/polar_coordinates.hpp -> build/lib.linux-x86_64-cpython-310/gsplat/cuda/csrc/third_party/glm/glm/gtx
  copying gsplat/cuda/csrc/third_party/glm/glm/gtx/polar_coordinates.inl -> build/lib.linux-x86_64-cpython-310/gsplat/cuda/csrc/third_party/glm/glm/gtx
  copying gsplat/cuda/csrc/third_party/glm/glm/gtx/projection.hpp -> build/lib.linux-x86_64-cpython-310/gsplat/cuda/csrc/third_party/glm/glm/gtx
  copying gsplat/cuda/csrc/third_party/glm/glm/gtx/projection.inl -> build/lib.linux-x86_64-cpython-310/gsplat/cuda/csrc/third_party/glm/glm/gtx
  copying gsplat/cuda/csrc/third_party/glm/glm/gtx/quaternion.hpp -> build/lib.linux-x86_64-cpython-310/gsplat/cuda/csrc/third_party/glm/glm/gtx
  copying gsplat/cuda/csrc/third_party/glm/glm/gtx/quaternion.inl -> build/lib.linux-x86_64-cpython-310/gsplat/cuda/csrc/third_party/glm/glm/gtx
  copying gsplat/cuda/csrc/third_party/glm/glm/gtx/range.hpp -> build/lib.linux-x86_64-cpython-310/gsplat/cuda/csrc/third_party/glm/glm/gtx
  copying gsplat/cuda/csrc/third_party/glm/glm/gtx/raw_data.hpp -> build/lib.linux-x86_64-cpython-310/gsplat/cuda/csrc/third_party/glm/glm/gtx
  copying gsplat/cuda/csrc/third_party/glm/glm/gtx/raw_data.inl -> build/lib.linux-x86_64-cpython-310/gsplat/cuda/csrc/third_party/glm/glm/gtx
  copying gsplat/cuda/csrc/third_party/glm/glm/gtx/rotate_normalized_axis.hpp -> build/lib.linux-x86_64-cpython-310/gsplat/cuda/csrc/third_party/glm/glm/gtx
  copying gsplat/cuda/csrc/third_party/glm/glm/gtx/rotate_normalized_axis.inl -> build/lib.linux-x86_64-cpython-310/gsplat/cuda/csrc/third_party/glm/glm/gtx
  copying gsplat/cuda/csrc/third_party/glm/glm/gtx/rotate_vector.hpp -> build/lib.linux-x86_64-cpython-310/gsplat/cuda/csrc/third_party/glm/glm/gtx
  copying gsplat/cuda/csrc/third_party/glm/glm/gtx/rotate_vector.inl -> build/lib.linux-x86_64-cpython-310/gsplat/cuda/csrc/third_party/glm/glm/gtx
  copying gsplat/cuda/csrc/third_party/glm/glm/gtx/scalar_multiplication.hpp -> build/lib.linux-x86_64-cpython-310/gsplat/cuda/csrc/third_party/glm/glm/gtx
  copying gsplat/cuda/csrc/third_party/glm/glm/gtx/scalar_relational.hpp -> build/lib.linux-x86_64-cpython-310/gsplat/cuda/csrc/third_party/glm/glm/gtx
  copying gsplat/cuda/csrc/third_party/glm/glm/gtx/scalar_relational.inl -> build/lib.linux-x86_64-cpython-310/gsplat/cuda/csrc/third_party/glm/glm/gtx
  copying gsplat/cuda/csrc/third_party/glm/glm/gtx/spline.hpp -> build/lib.linux-x86_64-cpython-310/gsplat/cuda/csrc/third_party/glm/glm/gtx
  copying gsplat/cuda/csrc/third_party/glm/glm/gtx/spline.inl -> build/lib.linux-x86_64-cpython-310/gsplat/cuda/csrc/third_party/glm/glm/gtx
  copying gsplat/cuda/csrc/third_party/glm/glm/gtx/std_based_type.hpp -> build/lib.linux-x86_64-cpython-310/gsplat/cuda/csrc/third_party/glm/glm/gtx
  copying gsplat/cuda/csrc/third_party/glm/glm/gtx/std_based_type.inl -> build/lib.linux-x86_64-cpython-310/gsplat/cuda/csrc/third_party/glm/glm/gtx
  copying gsplat/cuda/csrc/third_party/glm/glm/gtx/string_cast.hpp -> build/lib.linux-x86_64-cpython-310/gsplat/cuda/csrc/third_party/glm/glm/gtx
  copying gsplat/cuda/csrc/third_party/glm/glm/gtx/string_cast.inl -> build/lib.linux-x86_64-cpython-310/gsplat/cuda/csrc/third_party/glm/glm/gtx
  copying gsplat/cuda/csrc/third_party/glm/glm/gtx/structured_bindings.hpp -> build/lib.linux-x86_64-cpython-310/gsplat/cuda/csrc/third_party/glm/glm/gtx
  copying gsplat/cuda/csrc/third_party/glm/glm/gtx/structured_bindings.inl -> build/lib.linux-x86_64-cpython-310/gsplat/cuda/csrc/third_party/glm/glm/gtx
  copying gsplat/cuda/csrc/third_party/glm/glm/gtx/texture.hpp -> build/lib.linux-x86_64-cpython-310/gsplat/cuda/csrc/third_party/glm/glm/gtx
  copying gsplat/cuda/csrc/third_party/glm/glm/gtx/texture.inl -> build/lib.linux-x86_64-cpython-310/gsplat/cuda/csrc/third_party/glm/glm/gtx
  copying gsplat/cuda/csrc/third_party/glm/glm/gtx/transform.hpp -> build/lib.linux-x86_64-cpython-310/gsplat/cuda/csrc/third_party/glm/glm/gtx
  copying gsplat/cuda/csrc/third_party/glm/glm/gtx/transform.inl -> build/lib.linux-x86_64-cpython-310/gsplat/cuda/csrc/third_party/glm/glm/gtx
  copying gsplat/cuda/csrc/third_party/glm/glm/gtx/transform2.hpp -> build/lib.linux-x86_64-cpython-310/gsplat/cuda/csrc/third_party/glm/glm/gtx
  copying gsplat/cuda/csrc/third_party/glm/glm/gtx/transform2.inl -> build/lib.linux-x86_64-cpython-310/gsplat/cuda/csrc/third_party/glm/glm/gtx
  copying gsplat/cuda/csrc/third_party/glm/glm/gtx/type_aligned.hpp -> build/lib.linux-x86_64-cpython-310/gsplat/cuda/csrc/third_party/glm/glm/gtx
  copying gsplat/cuda/csrc/third_party/glm/glm/gtx/type_aligned.inl -> build/lib.linux-x86_64-cpython-310/gsplat/cuda/csrc/third_party/glm/glm/gtx
  copying gsplat/cuda/csrc/third_party/glm/glm/gtx/type_trait.hpp -> build/lib.linux-x86_64-cpython-310/gsplat/cuda/csrc/third_party/glm/glm/gtx
  copying gsplat/cuda/csrc/third_party/glm/glm/gtx/type_trait.inl -> build/lib.linux-x86_64-cpython-310/gsplat/cuda/csrc/third_party/glm/glm/gtx
  copying gsplat/cuda/csrc/third_party/glm/glm/gtx/vec_swizzle.hpp -> build/lib.linux-x86_64-cpython-310/gsplat/cuda/csrc/third_party/glm/glm/gtx
  copying gsplat/cuda/csrc/third_party/glm/glm/gtx/vector_angle.hpp -> build/lib.linux-x86_64-cpython-310/gsplat/cuda/csrc/third_party/glm/glm/gtx
  copying gsplat/cuda/csrc/third_party/glm/glm/gtx/vector_angle.inl -> build/lib.linux-x86_64-cpython-310/gsplat/cuda/csrc/third_party/glm/glm/gtx
  copying gsplat/cuda/csrc/third_party/glm/glm/gtx/vector_query.hpp -> build/lib.linux-x86_64-cpython-310/gsplat/cuda/csrc/third_party/glm/glm/gtx
  copying gsplat/cuda/csrc/third_party/glm/glm/gtx/vector_query.inl -> build/lib.linux-x86_64-cpython-310/gsplat/cuda/csrc/third_party/glm/glm/gtx
  copying gsplat/cuda/csrc/third_party/glm/glm/gtx/wrap.hpp -> build/lib.linux-x86_64-cpython-310/gsplat/cuda/csrc/third_party/glm/glm/gtx
  copying gsplat/cuda/csrc/third_party/glm/glm/gtx/wrap.inl -> build/lib.linux-x86_64-cpython-310/gsplat/cuda/csrc/third_party/glm/glm/gtx
  creating build/lib.linux-x86_64-cpython-310/gsplat/cuda/csrc/third_party/glm/glm/simd
  copying gsplat/cuda/csrc/third_party/glm/glm/simd/common.h -> build/lib.linux-x86_64-cpython-310/gsplat/cuda/csrc/third_party/glm/glm/simd
  copying gsplat/cuda/csrc/third_party/glm/glm/simd/exponential.h -> build/lib.linux-x86_64-cpython-310/gsplat/cuda/csrc/third_party/glm/glm/simd
  copying gsplat/cuda/csrc/third_party/glm/glm/simd/geometric.h -> build/lib.linux-x86_64-cpython-310/gsplat/cuda/csrc/third_party/glm/glm/simd
  copying gsplat/cuda/csrc/third_party/glm/glm/simd/integer.h -> build/lib.linux-x86_64-cpython-310/gsplat/cuda/csrc/third_party/glm/glm/simd
  copying gsplat/cuda/csrc/third_party/glm/glm/simd/matrix.h -> build/lib.linux-x86_64-cpython-310/gsplat/cuda/csrc/third_party/glm/glm/simd
  copying gsplat/cuda/csrc/third_party/glm/glm/simd/neon.h -> build/lib.linux-x86_64-cpython-310/gsplat/cuda/csrc/third_party/glm/glm/simd
  copying gsplat/cuda/csrc/third_party/glm/glm/simd/packing.h -> build/lib.linux-x86_64-cpython-310/gsplat/cuda/csrc/third_party/glm/glm/simd
  copying gsplat/cuda/csrc/third_party/glm/glm/simd/platform.h -> build/lib.linux-x86_64-cpython-310/gsplat/cuda/csrc/third_party/glm/glm/simd
  copying gsplat/cuda/csrc/third_party/glm/glm/simd/trigonometric.h -> build/lib.linux-x86_64-cpython-310/gsplat/cuda/csrc/third_party/glm/glm/simd
  copying gsplat/cuda/csrc/third_party/glm/glm/simd/vector_relational.h -> build/lib.linux-x86_64-cpython-310/gsplat/cuda/csrc/third_party/glm/glm/simd
  creating build/lib.linux-x86_64-cpython-310/gsplat/cuda/csrc/third_party/glm/test
  copying gsplat/cuda/csrc/third_party/glm/test/CMakeLists.txt -> build/lib.linux-x86_64-cpython-310/gsplat/cuda/csrc/third_party/glm/test
  copying gsplat/cuda/csrc/third_party/glm/test/glm.cppcheck -> build/lib.linux-x86_64-cpython-310/gsplat/cuda/csrc/third_party/glm/test
  creating build/lib.linux-x86_64-cpython-310/gsplat/cuda/csrc/third_party/glm/test/bug
  copying gsplat/cuda/csrc/third_party/glm/test/bug/CMakeLists.txt -> build/lib.linux-x86_64-cpython-310/gsplat/cuda/csrc/third_party/glm/test/bug
  copying gsplat/cuda/csrc/third_party/glm/test/bug/bug_ms_vec_static.cpp -> build/lib.linux-x86_64-cpython-310/gsplat/cuda/csrc/third_party/glm/test/bug
  creating build/lib.linux-x86_64-cpython-310/gsplat/cuda/csrc/third_party/glm/test/cmake
  copying gsplat/cuda/csrc/third_party/glm/test/cmake/CMakeLists.txt -> build/lib.linux-x86_64-cpython-310/gsplat/cuda/csrc/third_party/glm/test/cmake
  copying gsplat/cuda/csrc/third_party/glm/test/cmake/test_find_glm.cpp -> build/lib.linux-x86_64-cpython-310/gsplat/cuda/csrc/third_party/glm/test/cmake
  creating build/lib.linux-x86_64-cpython-310/gsplat/cuda/csrc/third_party/glm/test/core
  copying gsplat/cuda/csrc/third_party/glm/test/core/CMakeLists.txt -> build/lib.linux-x86_64-cpython-310/gsplat/cuda/csrc/third_party/glm/test/core
  copying gsplat/cuda/csrc/third_party/glm/test/core/core_cpp_constexpr.cpp -> build/lib.linux-x86_64-cpython-310/gsplat/cuda/csrc/third_party/glm/test/core
  copying gsplat/cuda/csrc/third_party/glm/test/core/core_cpp_defaulted_ctor.cpp -> build/lib.linux-x86_64-cpython-310/gsplat/cuda/csrc/third_party/glm/test/core
  copying gsplat/cuda/csrc/third_party/glm/test/core/core_force_aligned_gentypes.cpp -> build/lib.linux-x86_64-cpython-310/gsplat/cuda/csrc/third_party/glm/test/core
  copying gsplat/cuda/csrc/third_party/glm/test/core/core_force_arch_unknown.cpp -> build/lib.linux-x86_64-cpython-310/gsplat/cuda/csrc/third_party/glm/test/core
  copying gsplat/cuda/csrc/third_party/glm/test/core/core_force_compiler_unknown.cpp -> build/lib.linux-x86_64-cpython-310/gsplat/cuda/csrc/third_party/glm/test/core
  copying gsplat/cuda/csrc/third_party/glm/test/core/core_force_ctor_init.cpp -> build/lib.linux-x86_64-cpython-310/gsplat/cuda/csrc/third_party/glm/test/core
  copying gsplat/cuda/csrc/third_party/glm/test/core/core_force_depth_zero_to_one.cpp -> build/lib.linux-x86_64-cpython-310/gsplat/cuda/csrc/third_party/glm/test/core
  copying gsplat/cuda/csrc/third_party/glm/test/core/core_force_explicit_ctor.cpp -> build/lib.linux-x86_64-cpython-310/gsplat/cuda/csrc/third_party/glm/test/core
  copying gsplat/cuda/csrc/third_party/glm/test/core/core_force_inline.cpp -> build/lib.linux-x86_64-cpython-310/gsplat/cuda/csrc/third_party/glm/test/core
  copying gsplat/cuda/csrc/third_party/glm/test/core/core_force_intrinsics.cpp -> build/lib.linux-x86_64-cpython-310/gsplat/cuda/csrc/third_party/glm/test/core
  copying gsplat/cuda/csrc/third_party/glm/test/core/core_force_left_handed.cpp -> build/lib.linux-x86_64-cpython-310/gsplat/cuda/csrc/third_party/glm/test/core
  copying gsplat/cuda/csrc/third_party/glm/test/core/core_force_platform_unknown.cpp -> build/lib.linux-x86_64-cpython-310/gsplat/cuda/csrc/third_party/glm/test/core
  copying gsplat/cuda/csrc/third_party/glm/test/core/core_force_pure.cpp -> build/lib.linux-x86_64-cpython-310/gsplat/cuda/csrc/third_party/glm/test/core
  copying gsplat/cuda/csrc/third_party/glm/test/core/core_force_quat_wxyz.cpp -> build/lib.linux-x86_64-cpython-310/gsplat/cuda/csrc/third_party/glm/test/core
  copying gsplat/cuda/csrc/third_party/glm/test/core/core_force_size_t_length.cpp -> build/lib.linux-x86_64-cpython-310/gsplat/cuda/csrc/third_party/glm/test/core
  copying gsplat/cuda/csrc/third_party/glm/test/core/core_force_unrestricted_gentype.cpp -> build/lib.linux-x86_64-cpython-310/gsplat/cuda/csrc/third_party/glm/test/core
  copying gsplat/cuda/csrc/third_party/glm/test/core/core_force_xyzw_only.cpp -> build/lib.linux-x86_64-cpython-310/gsplat/cuda/csrc/third_party/glm/test/core
  copying gsplat/cuda/csrc/third_party/glm/test/core/core_func_common.cpp -> build/lib.linux-x86_64-cpython-310/gsplat/cuda/csrc/third_party/glm/test/core
  copying gsplat/cuda/csrc/third_party/glm/test/core/core_func_exponential.cpp -> build/lib.linux-x86_64-cpython-310/gsplat/cuda/csrc/third_party/glm/test/core
  copying gsplat/cuda/csrc/third_party/glm/test/core/core_func_geometric.cpp -> build/lib.linux-x86_64-cpython-310/gsplat/cuda/csrc/third_party/glm/test/core
  copying gsplat/cuda/csrc/third_party/glm/test/core/core_func_integer.cpp -> build/lib.linux-x86_64-cpython-310/gsplat/cuda/csrc/third_party/glm/test/core
  copying gsplat/cuda/csrc/third_party/glm/test/core/core_func_integer_bit_count.cpp -> build/lib.linux-x86_64-cpython-310/gsplat/cuda/csrc/third_party/glm/test/core
  copying gsplat/cuda/csrc/third_party/glm/test/core/core_func_integer_find_lsb.cpp -> build/lib.linux-x86_64-cpython-310/gsplat/cuda/csrc/third_party/glm/test/core
  copying gsplat/cuda/csrc/third_party/glm/test/core/core_func_integer_find_msb.cpp -> build/lib.linux-x86_64-cpython-310/gsplat/cuda/csrc/third_party/glm/test/core
  copying gsplat/cuda/csrc/third_party/glm/test/core/core_func_matrix.cpp -> build/lib.linux-x86_64-cpython-310/gsplat/cuda/csrc/third_party/glm/test/core
  copying gsplat/cuda/csrc/third_party/glm/test/core/core_func_noise.cpp -> build/lib.linux-x86_64-cpython-310/gsplat/cuda/csrc/third_party/glm/test/core
  copying gsplat/cuda/csrc/third_party/glm/test/core/core_func_packing.cpp -> build/lib.linux-x86_64-cpython-310/gsplat/cuda/csrc/third_party/glm/test/core
  copying gsplat/cuda/csrc/third_party/glm/test/core/core_func_swizzle.cpp -> build/lib.linux-x86_64-cpython-310/gsplat/cuda/csrc/third_party/glm/test/core
  copying gsplat/cuda/csrc/third_party/glm/test/core/core_func_trigonometric.cpp -> build/lib.linux-x86_64-cpython-310/gsplat/cuda/csrc/third_party/glm/test/core
  copying gsplat/cuda/csrc/third_party/glm/test/core/core_func_vector_relational.cpp -> build/lib.linux-x86_64-cpython-310/gsplat/cuda/csrc/third_party/glm/test/core
  copying gsplat/cuda/csrc/third_party/glm/test/core/core_setup_force_cxx03.cpp -> build/lib.linux-x86_64-cpython-310/gsplat/cuda/csrc/third_party/glm/test/core
  copying gsplat/cuda/csrc/third_party/glm/test/core/core_setup_force_cxx98.cpp -> build/lib.linux-x86_64-cpython-310/gsplat/cuda/csrc/third_party/glm/test/core
  copying gsplat/cuda/csrc/third_party/glm/test/core/core_setup_force_cxx_unknown.cpp -> build/lib.linux-x86_64-cpython-310/gsplat/cuda/csrc/third_party/glm/test/core
  copying gsplat/cuda/csrc/third_party/glm/test/core/core_setup_force_size_t_length.cpp -> build/lib.linux-x86_64-cpython-310/gsplat/cuda/csrc/third_party/glm/test/core
  copying gsplat/cuda/csrc/third_party/glm/test/core/core_setup_message.cpp -> build/lib.linux-x86_64-cpython-310/gsplat/cuda/csrc/third_party/glm/test/core
  copying gsplat/cuda/csrc/third_party/glm/test/core/core_setup_platform_unknown.cpp -> build/lib.linux-x86_64-cpython-310/gsplat/cuda/csrc/third_party/glm/test/core
  copying gsplat/cuda/csrc/third_party/glm/test/core/core_setup_precision.cpp -> build/lib.linux-x86_64-cpython-310/gsplat/cuda/csrc/third_party/glm/test/core
  copying gsplat/cuda/csrc/third_party/glm/test/core/core_type_aligned.cpp -> build/lib.linux-x86_64-cpython-310/gsplat/cuda/csrc/third_party/glm/test/core
  copying gsplat/cuda/csrc/third_party/glm/test/core/core_type_cast.cpp -> build/lib.linux-x86_64-cpython-310/gsplat/cuda/csrc/third_party/glm/test/core
  copying gsplat/cuda/csrc/third_party/glm/test/core/core_type_ctor.cpp -> build/lib.linux-x86_64-cpython-310/gsplat/cuda/csrc/third_party/glm/test/core
  copying gsplat/cuda/csrc/third_party/glm/test/core/core_type_int.cpp -> build/lib.linux-x86_64-cpython-310/gsplat/cuda/csrc/third_party/glm/test/core
  copying gsplat/cuda/csrc/third_party/glm/test/core/core_type_length.cpp -> build/lib.linux-x86_64-cpython-310/gsplat/cuda/csrc/third_party/glm/test/core
  copying gsplat/cuda/csrc/third_party/glm/test/core/core_type_mat2x2.cpp -> build/lib.linux-x86_64-cpython-310/gsplat/cuda/csrc/third_party/glm/test/core
  copying gsplat/cuda/csrc/third_party/glm/test/core/core_type_mat2x3.cpp -> build/lib.linux-x86_64-cpython-310/gsplat/cuda/csrc/third_party/glm/test/core
  copying gsplat/cuda/csrc/third_party/glm/test/core/core_type_mat2x4.cpp -> build/lib.linux-x86_64-cpython-310/gsplat/cuda/csrc/third_party/glm/test/core
  copying gsplat/cuda/csrc/third_party/glm/test/core/core_type_mat3x2.cpp -> build/lib.linux-x86_64-cpython-310/gsplat/cuda/csrc/third_party/glm/test/core
  copying gsplat/cuda/csrc/third_party/glm/test/core/core_type_mat3x3.cpp -> build/lib.linux-x86_64-cpython-310/gsplat/cuda/csrc/third_party/glm/test/core
  copying gsplat/cuda/csrc/third_party/glm/test/core/core_type_mat3x4.cpp -> build/lib.linux-x86_64-cpython-310/gsplat/cuda/csrc/third_party/glm/test/core
  copying gsplat/cuda/csrc/third_party/glm/test/core/core_type_mat4x2.cpp -> build/lib.linux-x86_64-cpython-310/gsplat/cuda/csrc/third_party/glm/test/core
  copying gsplat/cuda/csrc/third_party/glm/test/core/core_type_mat4x3.cpp -> build/lib.linux-x86_64-cpython-310/gsplat/cuda/csrc/third_party/glm/test/core
  copying gsplat/cuda/csrc/third_party/glm/test/core/core_type_mat4x4.cpp -> build/lib.linux-x86_64-cpython-310/gsplat/cuda/csrc/third_party/glm/test/core
  copying gsplat/cuda/csrc/third_party/glm/test/core/core_type_vec1.cpp -> build/lib.linux-x86_64-cpython-310/gsplat/cuda/csrc/third_party/glm/test/core
  copying gsplat/cuda/csrc/third_party/glm/test/core/core_type_vec2.cpp -> build/lib.linux-x86_64-cpython-310/gsplat/cuda/csrc/third_party/glm/test/core
  copying gsplat/cuda/csrc/third_party/glm/test/core/core_type_vec3.cpp -> build/lib.linux-x86_64-cpython-310/gsplat/cuda/csrc/third_party/glm/test/core
  copying gsplat/cuda/csrc/third_party/glm/test/core/core_type_vec4.cpp -> build/lib.linux-x86_64-cpython-310/gsplat/cuda/csrc/third_party/glm/test/core
  creating build/lib.linux-x86_64-cpython-310/gsplat/cuda/csrc/third_party/glm/test/ext
  copying gsplat/cuda/csrc/third_party/glm/test/ext/CMakeLists.txt -> build/lib.linux-x86_64-cpython-310/gsplat/cuda/csrc/third_party/glm/test/ext
  copying gsplat/cuda/csrc/third_party/glm/test/ext/ext_matrix_clip_space.cpp -> build/lib.linux-x86_64-cpython-310/gsplat/cuda/csrc/third_party/glm/test/ext
  copying gsplat/cuda/csrc/third_party/glm/test/ext/ext_matrix_common.cpp -> build/lib.linux-x86_64-cpython-310/gsplat/cuda/csrc/third_party/glm/test/ext
  copying gsplat/cuda/csrc/third_party/glm/test/ext/ext_matrix_int2x2_sized.cpp -> build/lib.linux-x86_64-cpython-310/gsplat/cuda/csrc/third_party/glm/test/ext
  copying gsplat/cuda/csrc/third_party/glm/test/ext/ext_matrix_int2x3_sized.cpp -> build/lib.linux-x86_64-cpython-310/gsplat/cuda/csrc/third_party/glm/test/ext
  copying gsplat/cuda/csrc/third_party/glm/test/ext/ext_matrix_int2x4_sized.cpp -> build/lib.linux-x86_64-cpython-310/gsplat/cuda/csrc/third_party/glm/test/ext
  copying gsplat/cuda/csrc/third_party/glm/test/ext/ext_matrix_int3x2_sized.cpp -> build/lib.linux-x86_64-cpython-310/gsplat/cuda/csrc/third_party/glm/test/ext
  copying gsplat/cuda/csrc/third_party/glm/test/ext/ext_matrix_int3x3_sized.cpp -> build/lib.linux-x86_64-cpython-310/gsplat/cuda/csrc/third_party/glm/test/ext
  copying gsplat/cuda/csrc/third_party/glm/test/ext/ext_matrix_int3x4_sized.cpp -> build/lib.linux-x86_64-cpython-310/gsplat/cuda/csrc/third_party/glm/test/ext
  copying gsplat/cuda/csrc/third_party/glm/test/ext/ext_matrix_int4x2_sized.cpp -> build/lib.linux-x86_64-cpython-310/gsplat/cuda/csrc/third_party/glm/test/ext
  copying gsplat/cuda/csrc/third_party/glm/test/ext/ext_matrix_int4x3_sized.cpp -> build/lib.linux-x86_64-cpython-310/gsplat/cuda/csrc/third_party/glm/test/ext
  copying gsplat/cuda/csrc/third_party/glm/test/ext/ext_matrix_int4x4_sized.cpp -> build/lib.linux-x86_64-cpython-310/gsplat/cuda/csrc/third_party/glm/test/ext
  copying gsplat/cuda/csrc/third_party/glm/test/ext/ext_matrix_integer.cpp -> build/lib.linux-x86_64-cpython-310/gsplat/cuda/csrc/third_party/glm/test/ext
  copying gsplat/cuda/csrc/third_party/glm/test/ext/ext_matrix_projection.cpp -> build/lib.linux-x86_64-cpython-310/gsplat/cuda/csrc/third_party/glm/test/ext
  copying gsplat/cuda/csrc/third_party/glm/test/ext/ext_matrix_relational.cpp -> build/lib.linux-x86_64-cpython-310/gsplat/cuda/csrc/third_party/glm/test/ext
  copying gsplat/cuda/csrc/third_party/glm/test/ext/ext_matrix_transform.cpp -> build/lib.linux-x86_64-cpython-310/gsplat/cuda/csrc/third_party/glm/test/ext
  copying gsplat/cuda/csrc/third_party/glm/test/ext/ext_matrix_uint2x2_sized.cpp -> build/lib.linux-x86_64-cpython-310/gsplat/cuda/csrc/third_party/glm/test/ext
  copying gsplat/cuda/csrc/third_party/glm/test/ext/ext_matrix_uint2x3_sized.cpp -> build/lib.linux-x86_64-cpython-310/gsplat/cuda/csrc/third_party/glm/test/ext
  copying gsplat/cuda/csrc/third_party/glm/test/ext/ext_matrix_uint2x4_sized.cpp -> build/lib.linux-x86_64-cpython-310/gsplat/cuda/csrc/third_party/glm/test/ext
  copying gsplat/cuda/csrc/third_party/glm/test/ext/ext_matrix_uint3x2_sized.cpp -> build/lib.linux-x86_64-cpython-310/gsplat/cuda/csrc/third_party/glm/test/ext
  copying gsplat/cuda/csrc/third_party/glm/test/ext/ext_matrix_uint3x3_sized.cpp -> build/lib.linux-x86_64-cpython-310/gsplat/cuda/csrc/third_party/glm/test/ext
  copying gsplat/cuda/csrc/third_party/glm/test/ext/ext_matrix_uint3x4_sized.cpp -> build/lib.linux-x86_64-cpython-310/gsplat/cuda/csrc/third_party/glm/test/ext
  copying gsplat/cuda/csrc/third_party/glm/test/ext/ext_matrix_uint4x2_sized.cpp -> build/lib.linux-x86_64-cpython-310/gsplat/cuda/csrc/third_party/glm/test/ext
  copying gsplat/cuda/csrc/third_party/glm/test/ext/ext_matrix_uint4x3_sized.cpp -> build/lib.linux-x86_64-cpython-310/gsplat/cuda/csrc/third_party/glm/test/ext
  copying gsplat/cuda/csrc/third_party/glm/test/ext/ext_matrix_uint4x4_sized.cpp -> build/lib.linux-x86_64-cpython-310/gsplat/cuda/csrc/third_party/glm/test/ext
  copying gsplat/cuda/csrc/third_party/glm/test/ext/ext_quaternion_common.cpp -> build/lib.linux-x86_64-cpython-310/gsplat/cuda/csrc/third_party/glm/test/ext
  copying gsplat/cuda/csrc/third_party/glm/test/ext/ext_quaternion_exponential.cpp -> build/lib.linux-x86_64-cpython-310/gsplat/cuda/csrc/third_party/glm/test/ext
  copying gsplat/cuda/csrc/third_party/glm/test/ext/ext_quaternion_geometric.cpp -> build/lib.linux-x86_64-cpython-310/gsplat/cuda/csrc/third_party/glm/test/ext
  copying gsplat/cuda/csrc/third_party/glm/test/ext/ext_quaternion_relational.cpp -> build/lib.linux-x86_64-cpython-310/gsplat/cuda/csrc/third_party/glm/test/ext
  copying gsplat/cuda/csrc/third_party/glm/test/ext/ext_quaternion_transform.cpp -> build/lib.linux-x86_64-cpython-310/gsplat/cuda/csrc/third_party/glm/test/ext
  copying gsplat/cuda/csrc/third_party/glm/test/ext/ext_quaternion_trigonometric.cpp -> build/lib.linux-x86_64-cpython-310/gsplat/cuda/csrc/third_party/glm/test/ext
  copying gsplat/cuda/csrc/third_party/glm/test/ext/ext_quaternion_type.cpp -> build/lib.linux-x86_64-cpython-310/gsplat/cuda/csrc/third_party/glm/test/ext
  copying gsplat/cuda/csrc/third_party/glm/test/ext/ext_scalar_common.cpp -> build/lib.linux-x86_64-cpython-310/gsplat/cuda/csrc/third_party/glm/test/ext
  copying gsplat/cuda/csrc/third_party/glm/test/ext/ext_scalar_constants.cpp -> build/lib.linux-x86_64-cpython-310/gsplat/cuda/csrc/third_party/glm/test/ext
  copying gsplat/cuda/csrc/third_party/glm/test/ext/ext_scalar_int_sized.cpp -> build/lib.linux-x86_64-cpython-310/gsplat/cuda/csrc/third_party/glm/test/ext
  copying gsplat/cuda/csrc/third_party/glm/test/ext/ext_scalar_integer.cpp -> build/lib.linux-x86_64-cpython-310/gsplat/cuda/csrc/third_party/glm/test/ext
  copying gsplat/cuda/csrc/third_party/glm/test/ext/ext_scalar_packing.cpp -> build/lib.linux-x86_64-cpython-310/gsplat/cuda/csrc/third_party/glm/test/ext
  copying gsplat/cuda/csrc/third_party/glm/test/ext/ext_scalar_reciprocal.cpp -> build/lib.linux-x86_64-cpython-310/gsplat/cuda/csrc/third_party/glm/test/ext
  copying gsplat/cuda/csrc/third_party/glm/test/ext/ext_scalar_relational.cpp -> build/lib.linux-x86_64-cpython-310/gsplat/cuda/csrc/third_party/glm/test/ext
  copying gsplat/cuda/csrc/third_party/glm/test/ext/ext_scalar_uint_sized.cpp -> build/lib.linux-x86_64-cpython-310/gsplat/cuda/csrc/third_party/glm/test/ext
  copying gsplat/cuda/csrc/third_party/glm/test/ext/ext_scalar_ulp.cpp -> build/lib.linux-x86_64-cpython-310/gsplat/cuda/csrc/third_party/glm/test/ext
  copying gsplat/cuda/csrc/third_party/glm/test/ext/ext_vec1.cpp -> build/lib.linux-x86_64-cpython-310/gsplat/cuda/csrc/third_party/glm/test/ext
  copying gsplat/cuda/csrc/third_party/glm/test/ext/ext_vector_bool1.cpp -> build/lib.linux-x86_64-cpython-310/gsplat/cuda/csrc/third_party/glm/test/ext
  copying gsplat/cuda/csrc/third_party/glm/test/ext/ext_vector_common.cpp -> build/lib.linux-x86_64-cpython-310/gsplat/cuda/csrc/third_party/glm/test/ext
  copying gsplat/cuda/csrc/third_party/glm/test/ext/ext_vector_iec559.cpp -> build/lib.linux-x86_64-cpython-310/gsplat/cuda/csrc/third_party/glm/test/ext
  copying gsplat/cuda/csrc/third_party/glm/test/ext/ext_vector_int1_sized.cpp -> build/lib.linux-x86_64-cpython-310/gsplat/cuda/csrc/third_party/glm/test/ext
  copying gsplat/cuda/csrc/third_party/glm/test/ext/ext_vector_int2_sized.cpp -> build/lib.linux-x86_64-cpython-310/gsplat/cuda/csrc/third_party/glm/test/ext
  copying gsplat/cuda/csrc/third_party/glm/test/ext/ext_vector_int3_sized.cpp -> build/lib.linux-x86_64-cpython-310/gsplat/cuda/csrc/third_party/glm/test/ext
  copying gsplat/cuda/csrc/third_party/glm/test/ext/ext_vector_int4_sized.cpp -> build/lib.linux-x86_64-cpython-310/gsplat/cuda/csrc/third_party/glm/test/ext
  copying gsplat/cuda/csrc/third_party/glm/test/ext/ext_vector_integer.cpp -> build/lib.linux-x86_64-cpython-310/gsplat/cuda/csrc/third_party/glm/test/ext
  copying gsplat/cuda/csrc/third_party/glm/test/ext/ext_vector_integer_sized.cpp -> build/lib.linux-x86_64-cpython-310/gsplat/cuda/csrc/third_party/glm/test/ext
  copying gsplat/cuda/csrc/third_party/glm/test/ext/ext_vector_packing.cpp -> build/lib.linux-x86_64-cpython-310/gsplat/cuda/csrc/third_party/glm/test/ext
  copying gsplat/cuda/csrc/third_party/glm/test/ext/ext_vector_reciprocal.cpp -> build/lib.linux-x86_64-cpython-310/gsplat/cuda/csrc/third_party/glm/test/ext
  copying gsplat/cuda/csrc/third_party/glm/test/ext/ext_vector_relational.cpp -> build/lib.linux-x86_64-cpython-310/gsplat/cuda/csrc/third_party/glm/test/ext
  copying gsplat/cuda/csrc/third_party/glm/test/ext/ext_vector_uint1_sized.cpp -> build/lib.linux-x86_64-cpython-310/gsplat/cuda/csrc/third_party/glm/test/ext
  copying gsplat/cuda/csrc/third_party/glm/test/ext/ext_vector_uint2_sized.cpp -> build/lib.linux-x86_64-cpython-310/gsplat/cuda/csrc/third_party/glm/test/ext
  copying gsplat/cuda/csrc/third_party/glm/test/ext/ext_vector_uint3_sized.cpp -> build/lib.linux-x86_64-cpython-310/gsplat/cuda/csrc/third_party/glm/test/ext
  copying gsplat/cuda/csrc/third_party/glm/test/ext/ext_vector_uint4_sized.cpp -> build/lib.linux-x86_64-cpython-310/gsplat/cuda/csrc/third_party/glm/test/ext
  copying gsplat/cuda/csrc/third_party/glm/test/ext/ext_vector_ulp.cpp -> build/lib.linux-x86_64-cpython-310/gsplat/cuda/csrc/third_party/glm/test/ext
  creating build/lib.linux-x86_64-cpython-310/gsplat/cuda/csrc/third_party/glm/test/gtc
  copying gsplat/cuda/csrc/third_party/glm/test/gtc/CMakeLists.txt -> build/lib.linux-x86_64-cpython-310/gsplat/cuda/csrc/third_party/glm/test/gtc
  copying gsplat/cuda/csrc/third_party/glm/test/gtc/gtc_bitfield.cpp -> build/lib.linux-x86_64-cpython-310/gsplat/cuda/csrc/third_party/glm/test/gtc
  copying gsplat/cuda/csrc/third_party/glm/test/gtc/gtc_color_space.cpp -> build/lib.linux-x86_64-cpython-310/gsplat/cuda/csrc/third_party/glm/test/gtc
  copying gsplat/cuda/csrc/third_party/glm/test/gtc/gtc_constants.cpp -> build/lib.linux-x86_64-cpython-310/gsplat/cuda/csrc/third_party/glm/test/gtc
  copying gsplat/cuda/csrc/third_party/glm/test/gtc/gtc_epsilon.cpp -> build/lib.linux-x86_64-cpython-310/gsplat/cuda/csrc/third_party/glm/test/gtc
  copying gsplat/cuda/csrc/third_party/glm/test/gtc/gtc_integer.cpp -> build/lib.linux-x86_64-cpython-310/gsplat/cuda/csrc/third_party/glm/test/gtc
  copying gsplat/cuda/csrc/third_party/glm/test/gtc/gtc_matrix_access.cpp -> build/lib.linux-x86_64-cpython-310/gsplat/cuda/csrc/third_party/glm/test/gtc
  copying gsplat/cuda/csrc/third_party/glm/test/gtc/gtc_matrix_integer.cpp -> build/lib.linux-x86_64-cpython-310/gsplat/cuda/csrc/third_party/glm/test/gtc
  copying gsplat/cuda/csrc/third_party/glm/test/gtc/gtc_matrix_inverse.cpp -> build/lib.linux-x86_64-cpython-310/gsplat/cuda/csrc/third_party/glm/test/gtc
  copying gsplat/cuda/csrc/third_party/glm/test/gtc/gtc_matrix_transform.cpp -> build/lib.linux-x86_64-cpython-310/gsplat/cuda/csrc/third_party/glm/test/gtc
  copying gsplat/cuda/csrc/third_party/glm/test/gtc/gtc_noise.cpp -> build/lib.linux-x86_64-cpython-310/gsplat/cuda/csrc/third_party/glm/test/gtc
  copying gsplat/cuda/csrc/third_party/glm/test/gtc/gtc_packing.cpp -> build/lib.linux-x86_64-cpython-310/gsplat/cuda/csrc/third_party/glm/test/gtc
  copying gsplat/cuda/csrc/third_party/glm/test/gtc/gtc_quaternion.cpp -> build/lib.linux-x86_64-cpython-310/gsplat/cuda/csrc/third_party/glm/test/gtc
  copying gsplat/cuda/csrc/third_party/glm/test/gtc/gtc_random.cpp -> build/lib.linux-x86_64-cpython-310/gsplat/cuda/csrc/third_party/glm/test/gtc
  copying gsplat/cuda/csrc/third_party/glm/test/gtc/gtc_reciprocal.cpp -> build/lib.linux-x86_64-cpython-310/gsplat/cuda/csrc/third_party/glm/test/gtc
  copying gsplat/cuda/csrc/third_party/glm/test/gtc/gtc_round.cpp -> build/lib.linux-x86_64-cpython-310/gsplat/cuda/csrc/third_party/glm/test/gtc
  copying gsplat/cuda/csrc/third_party/glm/test/gtc/gtc_type_aligned.cpp -> build/lib.linux-x86_64-cpython-310/gsplat/cuda/csrc/third_party/glm/test/gtc
  copying gsplat/cuda/csrc/third_party/glm/test/gtc/gtc_type_precision.cpp -> build/lib.linux-x86_64-cpython-310/gsplat/cuda/csrc/third_party/glm/test/gtc
  copying gsplat/cuda/csrc/third_party/glm/test/gtc/gtc_type_ptr.cpp -> build/lib.linux-x86_64-cpython-310/gsplat/cuda/csrc/third_party/glm/test/gtc
  copying gsplat/cuda/csrc/third_party/glm/test/gtc/gtc_ulp.cpp -> build/lib.linux-x86_64-cpython-310/gsplat/cuda/csrc/third_party/glm/test/gtc
  copying gsplat/cuda/csrc/third_party/glm/test/gtc/gtc_user_defined_types.cpp -> build/lib.linux-x86_64-cpython-310/gsplat/cuda/csrc/third_party/glm/test/gtc
  copying gsplat/cuda/csrc/third_party/glm/test/gtc/gtc_vec1.cpp -> build/lib.linux-x86_64-cpython-310/gsplat/cuda/csrc/third_party/glm/test/gtc
  creating build/lib.linux-x86_64-cpython-310/gsplat/cuda/csrc/third_party/glm/test/gtx
  copying gsplat/cuda/csrc/third_party/glm/test/gtx/CMakeLists.txt -> build/lib.linux-x86_64-cpython-310/gsplat/cuda/csrc/third_party/glm/test/gtx
  copying gsplat/cuda/csrc/third_party/glm/test/gtx/gtx.cpp -> build/lib.linux-x86_64-cpython-310/gsplat/cuda/csrc/third_party/glm/test/gtx
  copying gsplat/cuda/csrc/third_party/glm/test/gtx/gtx_associated_min_max.cpp -> build/lib.linux-x86_64-cpython-310/gsplat/cuda/csrc/third_party/glm/test/gtx
  copying gsplat/cuda/csrc/third_party/glm/test/gtx/gtx_closest_point.cpp -> build/lib.linux-x86_64-cpython-310/gsplat/cuda/csrc/third_party/glm/test/gtx
  copying gsplat/cuda/csrc/third_party/glm/test/gtx/gtx_color_encoding.cpp -> build/lib.linux-x86_64-cpython-310/gsplat/cuda/csrc/third_party/glm/test/gtx
  copying gsplat/cuda/csrc/third_party/glm/test/gtx/gtx_color_space.cpp -> build/lib.linux-x86_64-cpython-310/gsplat/cuda/csrc/third_party/glm/test/gtx
  copying gsplat/cuda/csrc/third_party/glm/test/gtx/gtx_color_space_YCoCg.cpp -> build/lib.linux-x86_64-cpython-310/gsplat/cuda/csrc/third_party/glm/test/gtx
  copying gsplat/cuda/csrc/third_party/glm/test/gtx/gtx_common.cpp -> build/lib.linux-x86_64-cpython-310/gsplat/cuda/csrc/third_party/glm/test/gtx
  copying gsplat/cuda/csrc/third_party/glm/test/gtx/gtx_compatibility.cpp -> build/lib.linux-x86_64-cpython-310/gsplat/cuda/csrc/third_party/glm/test/gtx
  copying gsplat/cuda/csrc/third_party/glm/test/gtx/gtx_component_wise.cpp -> build/lib.linux-x86_64-cpython-310/gsplat/cuda/csrc/third_party/glm/test/gtx
  copying gsplat/cuda/csrc/third_party/glm/test/gtx/gtx_dual_quaternion.cpp -> build/lib.linux-x86_64-cpython-310/gsplat/cuda/csrc/third_party/glm/test/gtx
  copying gsplat/cuda/csrc/third_party/glm/test/gtx/gtx_easing.cpp -> build/lib.linux-x86_64-cpython-310/gsplat/cuda/csrc/third_party/glm/test/gtx
  copying gsplat/cuda/csrc/third_party/glm/test/gtx/gtx_euler_angle.cpp -> build/lib.linux-x86_64-cpython-310/gsplat/cuda/csrc/third_party/glm/test/gtx
  copying gsplat/cuda/csrc/third_party/glm/test/gtx/gtx_extend.cpp -> build/lib.linux-x86_64-cpython-310/gsplat/cuda/csrc/third_party/glm/test/gtx
  copying gsplat/cuda/csrc/third_party/glm/test/gtx/gtx_extended_min_max.cpp -> build/lib.linux-x86_64-cpython-310/gsplat/cuda/csrc/third_party/glm/test/gtx
  copying gsplat/cuda/csrc/third_party/glm/test/gtx/gtx_extented_min_max.cpp -> build/lib.linux-x86_64-cpython-310/gsplat/cuda/csrc/third_party/glm/test/gtx
  copying gsplat/cuda/csrc/third_party/glm/test/gtx/gtx_exterior_product.cpp -> build/lib.linux-x86_64-cpython-310/gsplat/cuda/csrc/third_party/glm/test/gtx
  copying gsplat/cuda/csrc/third_party/glm/test/gtx/gtx_fast_exponential.cpp -> build/lib.linux-x86_64-cpython-310/gsplat/cuda/csrc/third_party/glm/test/gtx
  copying gsplat/cuda/csrc/third_party/glm/test/gtx/gtx_fast_square_root.cpp -> build/lib.linux-x86_64-cpython-310/gsplat/cuda/csrc/third_party/glm/test/gtx
  copying gsplat/cuda/csrc/third_party/glm/test/gtx/gtx_fast_trigonometry.cpp -> build/lib.linux-x86_64-cpython-310/gsplat/cuda/csrc/third_party/glm/test/gtx
  copying gsplat/cuda/csrc/third_party/glm/test/gtx/gtx_functions.cpp -> build/lib.linux-x86_64-cpython-310/gsplat/cuda/csrc/third_party/glm/test/gtx
  copying gsplat/cuda/csrc/third_party/glm/test/gtx/gtx_gradient_paint.cpp -> build/lib.linux-x86_64-cpython-310/gsplat/cuda/csrc/third_party/glm/test/gtx
  copying gsplat/cuda/csrc/third_party/glm/test/gtx/gtx_handed_coordinate_space.cpp -> build/lib.linux-x86_64-cpython-310/gsplat/cuda/csrc/third_party/glm/test/gtx
  copying gsplat/cuda/csrc/third_party/glm/test/gtx/gtx_hash.cpp -> build/lib.linux-x86_64-cpython-310/gsplat/cuda/csrc/third_party/glm/test/gtx
  copying gsplat/cuda/csrc/third_party/glm/test/gtx/gtx_int_10_10_10_2.cpp -> build/lib.linux-x86_64-cpython-310/gsplat/cuda/csrc/third_party/glm/test/gtx
  copying gsplat/cuda/csrc/third_party/glm/test/gtx/gtx_integer.cpp -> build/lib.linux-x86_64-cpython-310/gsplat/cuda/csrc/third_party/glm/test/gtx
  copying gsplat/cuda/csrc/third_party/glm/test/gtx/gtx_intersect.cpp -> build/lib.linux-x86_64-cpython-310/gsplat/cuda/csrc/third_party/glm/test/gtx
  copying gsplat/cuda/csrc/third_party/glm/test/gtx/gtx_io.cpp -> build/lib.linux-x86_64-cpython-310/gsplat/cuda/csrc/third_party/glm/test/gtx
  copying gsplat/cuda/csrc/third_party/glm/test/gtx/gtx_load.cpp -> build/lib.linux-x86_64-cpython-310/gsplat/cuda/csrc/third_party/glm/test/gtx
  copying gsplat/cuda/csrc/third_party/glm/test/gtx/gtx_log_base.cpp -> build/lib.linux-x86_64-cpython-310/gsplat/cuda/csrc/third_party/glm/test/gtx
  copying gsplat/cuda/csrc/third_party/glm/test/gtx/gtx_matrix_cross_product.cpp -> build/lib.linux-x86_64-cpython-310/gsplat/cuda/csrc/third_party/glm/test/gtx
  copying gsplat/cuda/csrc/third_party/glm/test/gtx/gtx_matrix_decompose.cpp -> build/lib.linux-x86_64-cpython-310/gsplat/cuda/csrc/third_party/glm/test/gtx
  copying gsplat/cuda/csrc/third_party/glm/test/gtx/gtx_matrix_factorisation.cpp -> build/lib.linux-x86_64-cpython-310/gsplat/cuda/csrc/third_party/glm/test/gtx
  copying gsplat/cuda/csrc/third_party/glm/test/gtx/gtx_matrix_interpolation.cpp -> build/lib.linux-x86_64-cpython-310/gsplat/cuda/csrc/third_party/glm/test/gtx
  copying gsplat/cuda/csrc/third_party/glm/test/gtx/gtx_matrix_major_storage.cpp -> build/lib.linux-x86_64-cpython-310/gsplat/cuda/csrc/third_party/glm/test/gtx
  copying gsplat/cuda/csrc/third_party/glm/test/gtx/gtx_matrix_operation.cpp -> build/lib.linux-x86_64-cpython-310/gsplat/cuda/csrc/third_party/glm/test/gtx
  copying gsplat/cuda/csrc/third_party/glm/test/gtx/gtx_matrix_query.cpp -> build/lib.linux-x86_64-cpython-310/gsplat/cuda/csrc/third_party/glm/test/gtx
  copying gsplat/cuda/csrc/third_party/glm/test/gtx/gtx_matrix_transform_2d.cpp -> build/lib.linux-x86_64-cpython-310/gsplat/cuda/csrc/third_party/glm/test/gtx
  copying gsplat/cuda/csrc/third_party/glm/test/gtx/gtx_mixed_product.cpp -> build/lib.linux-x86_64-cpython-310/gsplat/cuda/csrc/third_party/glm/test/gtx
  copying gsplat/cuda/csrc/third_party/glm/test/gtx/gtx_norm.cpp -> build/lib.linux-x86_64-cpython-310/gsplat/cuda/csrc/third_party/glm/test/gtx
  copying gsplat/cuda/csrc/third_party/glm/test/gtx/gtx_normal.cpp -> build/lib.linux-x86_64-cpython-310/gsplat/cuda/csrc/third_party/glm/test/gtx
  copying gsplat/cuda/csrc/third_party/glm/test/gtx/gtx_normalize_dot.cpp -> build/lib.linux-x86_64-cpython-310/gsplat/cuda/csrc/third_party/glm/test/gtx
  copying gsplat/cuda/csrc/third_party/glm/test/gtx/gtx_optimum_pow.cpp -> build/lib.linux-x86_64-cpython-310/gsplat/cuda/csrc/third_party/glm/test/gtx
  copying gsplat/cuda/csrc/third_party/glm/test/gtx/gtx_orthonormalize.cpp -> build/lib.linux-x86_64-cpython-310/gsplat/cuda/csrc/third_party/glm/test/gtx
  copying gsplat/cuda/csrc/third_party/glm/test/gtx/gtx_pca.cpp -> build/lib.linux-x86_64-cpython-310/gsplat/cuda/csrc/third_party/glm/test/gtx
  copying gsplat/cuda/csrc/third_party/glm/test/gtx/gtx_perpendicular.cpp -> build/lib.linux-x86_64-cpython-310/gsplat/cuda/csrc/third_party/glm/test/gtx
  copying gsplat/cuda/csrc/third_party/glm/test/gtx/gtx_polar_coordinates.cpp -> build/lib.linux-x86_64-cpython-310/gsplat/cuda/csrc/third_party/glm/test/gtx
  copying gsplat/cuda/csrc/third_party/glm/test/gtx/gtx_projection.cpp -> build/lib.linux-x86_64-cpython-310/gsplat/cuda/csrc/third_party/glm/test/gtx
  copying gsplat/cuda/csrc/third_party/glm/test/gtx/gtx_quaternion.cpp -> build/lib.linux-x86_64-cpython-310/gsplat/cuda/csrc/third_party/glm/test/gtx
  copying gsplat/cuda/csrc/third_party/glm/test/gtx/gtx_random.cpp -> build/lib.linux-x86_64-cpython-310/gsplat/cuda/csrc/third_party/glm/test/gtx
  copying gsplat/cuda/csrc/third_party/glm/test/gtx/gtx_range.cpp -> build/lib.linux-x86_64-cpython-310/gsplat/cuda/csrc/third_party/glm/test/gtx
  copying gsplat/cuda/csrc/third_party/glm/test/gtx/gtx_rotate_normalized_axis.cpp -> build/lib.linux-x86_64-cpython-310/gsplat/cuda/csrc/third_party/glm/test/gtx
  copying gsplat/cuda/csrc/third_party/glm/test/gtx/gtx_rotate_vector.cpp -> build/lib.linux-x86_64-cpython-310/gsplat/cuda/csrc/third_party/glm/test/gtx
  copying gsplat/cuda/csrc/third_party/glm/test/gtx/gtx_scalar_multiplication.cpp -> build/lib.linux-x86_64-cpython-310/gsplat/cuda/csrc/third_party/glm/test/gtx
  copying gsplat/cuda/csrc/third_party/glm/test/gtx/gtx_scalar_relational.cpp -> build/lib.linux-x86_64-cpython-310/gsplat/cuda/csrc/third_party/glm/test/gtx
  copying gsplat/cuda/csrc/third_party/glm/test/gtx/gtx_simd_mat4.cpp -> build/lib.linux-x86_64-cpython-310/gsplat/cuda/csrc/third_party/glm/test/gtx
  copying gsplat/cuda/csrc/third_party/glm/test/gtx/gtx_simd_vec4.cpp -> build/lib.linux-x86_64-cpython-310/gsplat/cuda/csrc/third_party/glm/test/gtx
  copying gsplat/cuda/csrc/third_party/glm/test/gtx/gtx_spline.cpp -> build/lib.linux-x86_64-cpython-310/gsplat/cuda/csrc/third_party/glm/test/gtx
  copying gsplat/cuda/csrc/third_party/glm/test/gtx/gtx_string_cast.cpp -> build/lib.linux-x86_64-cpython-310/gsplat/cuda/csrc/third_party/glm/test/gtx
  copying gsplat/cuda/csrc/third_party/glm/test/gtx/gtx_structured_bindings.cpp -> build/lib.linux-x86_64-cpython-310/gsplat/cuda/csrc/third_party/glm/test/gtx
  copying gsplat/cuda/csrc/third_party/glm/test/gtx/gtx_texture.cpp -> build/lib.linux-x86_64-cpython-310/gsplat/cuda/csrc/third_party/glm/test/gtx
  copying gsplat/cuda/csrc/third_party/glm/test/gtx/gtx_type_aligned.cpp -> build/lib.linux-x86_64-cpython-310/gsplat/cuda/csrc/third_party/glm/test/gtx
  copying gsplat/cuda/csrc/third_party/glm/test/gtx/gtx_type_trait.cpp -> build/lib.linux-x86_64-cpython-310/gsplat/cuda/csrc/third_party/glm/test/gtx
  copying gsplat/cuda/csrc/third_party/glm/test/gtx/gtx_vec_swizzle.cpp -> build/lib.linux-x86_64-cpython-310/gsplat/cuda/csrc/third_party/glm/test/gtx
  copying gsplat/cuda/csrc/third_party/glm/test/gtx/gtx_vector_angle.cpp -> build/lib.linux-x86_64-cpython-310/gsplat/cuda/csrc/third_party/glm/test/gtx
  copying gsplat/cuda/csrc/third_party/glm/test/gtx/gtx_vector_query.cpp -> build/lib.linux-x86_64-cpython-310/gsplat/cuda/csrc/third_party/glm/test/gtx
  copying gsplat/cuda/csrc/third_party/glm/test/gtx/gtx_wrap.cpp -> build/lib.linux-x86_64-cpython-310/gsplat/cuda/csrc/third_party/glm/test/gtx
  creating build/lib.linux-x86_64-cpython-310/gsplat/cuda/csrc/third_party/glm/test/perf
  copying gsplat/cuda/csrc/third_party/glm/test/perf/CMakeLists.txt -> build/lib.linux-x86_64-cpython-310/gsplat/cuda/csrc/third_party/glm/test/perf
  copying gsplat/cuda/csrc/third_party/glm/test/perf/perf_matrix_div.cpp -> build/lib.linux-x86_64-cpython-310/gsplat/cuda/csrc/third_party/glm/test/perf
  copying gsplat/cuda/csrc/third_party/glm/test/perf/perf_matrix_inverse.cpp -> build/lib.linux-x86_64-cpython-310/gsplat/cuda/csrc/third_party/glm/test/perf
  copying gsplat/cuda/csrc/third_party/glm/test/perf/perf_matrix_mul.cpp -> build/lib.linux-x86_64-cpython-310/gsplat/cuda/csrc/third_party/glm/test/perf
  copying gsplat/cuda/csrc/third_party/glm/test/perf/perf_matrix_mul_vector.cpp -> build/lib.linux-x86_64-cpython-310/gsplat/cuda/csrc/third_party/glm/test/perf
  copying gsplat/cuda/csrc/third_party/glm/test/perf/perf_matrix_transpose.cpp -> build/lib.linux-x86_64-cpython-310/gsplat/cuda/csrc/third_party/glm/test/perf
  copying gsplat/cuda/csrc/third_party/glm/test/perf/perf_vector_mul_matrix.cpp -> build/lib.linux-x86_64-cpython-310/gsplat/cuda/csrc/third_party/glm/test/perf
  creating build/lib.linux-x86_64-cpython-310/gsplat/cuda/csrc/third_party/glm/util
  copying gsplat/cuda/csrc/third_party/glm/util/autoexp.txt -> build/lib.linux-x86_64-cpython-310/gsplat/cuda/csrc/third_party/glm/util
  copying gsplat/cuda/csrc/third_party/glm/util/autoexp.vc2010.dat -> build/lib.linux-x86_64-cpython-310/gsplat/cuda/csrc/third_party/glm/util
  copying gsplat/cuda/csrc/third_party/glm/util/glm.natvis -> build/lib.linux-x86_64-cpython-310/gsplat/cuda/csrc/third_party/glm/util
  copying gsplat/cuda/csrc/third_party/glm/util/usertype.dat -> build/lib.linux-x86_64-cpython-310/gsplat/cuda/csrc/third_party/glm/util
  creating build/lib.linux-x86_64-cpython-310/gsplat/cuda/include
  copying gsplat/cuda/include/CameraWrappers.h -> build/lib.linux-x86_64-cpython-310/gsplat/cuda/include
  copying gsplat/cuda/include/Cameras.cuh -> build/lib.linux-x86_64-cpython-310/gsplat/cuda/include
  copying gsplat/cuda/include/Cameras.h -> build/lib.linux-x86_64-cpython-310/gsplat/cuda/include
  copying gsplat/cuda/include/Common.h -> build/lib.linux-x86_64-cpython-310/gsplat/cuda/include
  copying gsplat/cuda/include/Dispatch.h -> build/lib.linux-x86_64-cpython-310/gsplat/cuda/include
  copying gsplat/cuda/include/ExternalDistortion.cuh -> build/lib.linux-x86_64-cpython-310/gsplat/cuda/include
  copying gsplat/cuda/include/ExternalDistortion.h -> build/lib.linux-x86_64-cpython-310/gsplat/cuda/include
  copying gsplat/cuda/include/ExternalDistortionWrappers.h -> build/lib.linux-x86_64-cpython-310/gsplat/cuda/include
  copying gsplat/cuda/include/Lidars.cuh -> build/lib.linux-x86_64-cpython-310/gsplat/cuda/include
  copying gsplat/cuda/include/Lidars.h -> build/lib.linux-x86_64-cpython-310/gsplat/cuda/include
  copying gsplat/cuda/include/Sensors.cuh -> build/lib.linux-x86_64-cpython-310/gsplat/cuda/include
  copying gsplat/cuda/include/TorchUtils.h -> build/lib.linux-x86_64-cpython-310/gsplat/cuda/include
  copying gsplat/cuda/include/TypeList.h -> build/lib.linux-x86_64-cpython-310/gsplat/cuda/include
  copying gsplat/cuda/include/Utils.cuh -> build/lib.linux-x86_64-cpython-310/gsplat/cuda/include
  copying gsplat/cuda/include/Utils.h -> build/lib.linux-x86_64-cpython-310/gsplat/cuda/include
  copying gsplat/experimental/render/kernels/cuda/ext.cpp -> build/lib.linux-x86_64-cpython-310/gsplat/experimental/render/kernels/cuda
  creating build/lib.linux-x86_64-cpython-310/gsplat/experimental/render/kernels/cuda/csrc/gaussian_inference
  copying gsplat/experimental/render/kernels/cuda/csrc/gaussian_inference/Constants.h -> build/lib.linux-x86_64-cpython-310/gsplat/experimental/render/kernels/cuda/csrc/gaussian_inference
  copying gsplat/experimental/render/kernels/cuda/csrc/gaussian_inference/GaussianRenderInferenceScene.cu -> build/lib.linux-x86_64-cpython-310/gsplat/experimental/render/kernels/cuda/csrc/gaussian_inference
  copying gsplat/experimental/render/kernels/cuda/csrc/gaussian_inference/GaussianRenderInferenceScene.h -> build/lib.linux-x86_64-cpython-310/gsplat/experimental/render/kernels/cuda/csrc/gaussian_inference
  copying gsplat/experimental/render/kernels/cuda/csrc/gaussian_inference/InferenceTypes.h -> build/lib.linux-x86_64-cpython-310/gsplat/experimental/render/kernels/cuda/csrc/gaussian_inference
  copying gsplat/experimental/render/kernels/cuda/csrc/gaussian_inference/IntersectCommon.cu -> build/lib.linux-x86_64-cpython-310/gsplat/experimental/render/kernels/cuda/csrc/gaussian_inference
  copying gsplat/experimental/render/kernels/cuda/csrc/gaussian_inference/IntersectCommon.h -> build/lib.linux-x86_64-cpython-310/gsplat/experimental/render/kernels/cuda/csrc/gaussian_inference
  copying gsplat/experimental/render/kernels/cuda/csrc/gaussian_inference/IntersectMTConfig.h -> build/lib.linux-x86_64-cpython-310/gsplat/experimental/render/kernels/cuda/csrc/gaussian_inference
  copying gsplat/experimental/render/kernels/cuda/csrc/gaussian_inference/IntersectMTFused.cu -> build/lib.linux-x86_64-cpython-310/gsplat/experimental/render/kernels/cuda/csrc/gaussian_inference
  copying gsplat/experimental/render/kernels/cuda/csrc/gaussian_inference/IntersectMTFused.h -> build/lib.linux-x86_64-cpython-310/gsplat/experimental/render/kernels/cuda/csrc/gaussian_inference
  copying gsplat/experimental/render/kernels/cuda/csrc/gaussian_inference/MacroTileIntersect.cu -> build/lib.linux-x86_64-cpython-310/gsplat/experimental/render/kernels/cuda/csrc/gaussian_inference
  copying gsplat/experimental/render/kernels/cuda/csrc/gaussian_inference/MacroTileIntersect.h -> build/lib.linux-x86_64-cpython-310/gsplat/experimental/render/kernels/cuda/csrc/gaussian_inference
  copying gsplat/experimental/render/kernels/cuda/csrc/gaussian_inference/MacroTileRasterize.cu -> build/lib.linux-x86_64-cpython-310/gsplat/experimental/render/kernels/cuda/csrc/gaussian_inference
  copying gsplat/experimental/render/kernels/cuda/csrc/gaussian_inference/MacroTileRasterize.h -> build/lib.linux-x86_64-cpython-310/gsplat/experimental/render/kernels/cuda/csrc/gaussian_inference
  copying gsplat/experimental/render/kernels/cuda/csrc/gaussian_inference/Projection.cu -> build/lib.linux-x86_64-cpython-310/gsplat/experimental/render/kernels/cuda/csrc/gaussian_inference
  copying gsplat/experimental/render/kernels/cuda/csrc/gaussian_inference/Projection.h -> build/lib.linux-x86_64-cpython-310/gsplat/experimental/render/kernels/cuda/csrc/gaussian_inference
  copying gsplat/experimental/render/kernels/cuda/csrc/gaussian_inference/SegmentedSort.cu -> build/lib.linux-x86_64-cpython-310/gsplat/experimental/render/kernels/cuda/csrc/gaussian_inference
  copying gsplat/experimental/render/kernels/cuda/csrc/gaussian_inference/SegmentedSort.h -> build/lib.linux-x86_64-cpython-310/gsplat/experimental/render/kernels/cuda/csrc/gaussian_inference
  copying gsplat/experimental/render/kernels/cuda/csrc/gaussian_inference/SHCommon.h -> build/lib.linux-x86_64-cpython-310/gsplat/experimental/render/kernels/cuda/csrc/gaussian_inference
  copying gsplat/experimental/render/kernels/cuda/csrc/gaussian_inference/SHCompression.cu -> build/lib.linux-x86_64-cpython-310/gsplat/experimental/render/kernels/cuda/csrc/gaussian_inference
  copying gsplat/experimental/render/kernels/cuda/csrc/gaussian_inference/SHCompression.h -> build/lib.linux-x86_64-cpython-310/gsplat/experimental/render/kernels/cuda/csrc/gaussian_inference
  copying gsplat/experimental/render/kernels/cuda/csrc/gaussian_inference/SphericalHarmonics.cu -> build/lib.linux-x86_64-cpython-310/gsplat/experimental/render/kernels/cuda/csrc/gaussian_inference
  copying gsplat/experimental/render/kernels/cuda/csrc/gaussian_inference/SphericalHarmonics.h -> build/lib.linux-x86_64-cpython-310/gsplat/experimental/render/kernels/cuda/csrc/gaussian_inference
  copying gsplat/experimental/render/kernels/cuda/csrc/gaussian_inference/Utils.h -> build/lib.linux-x86_64-cpython-310/gsplat/experimental/render/kernels/cuda/csrc/gaussian_inference
  copying gsplat/geometry/kernels/cuda/ext.cpp -> build/lib.linux-x86_64-cpython-310/gsplat/geometry/kernels/cuda
  creating build/lib.linux-x86_64-cpython-310/gsplat/geometry/kernels/cuda/csrc
  copying gsplat/geometry/kernels/cuda/csrc/coordinate_conversions.cuh -> build/lib.linux-x86_64-cpython-310/gsplat/geometry/kernels/cuda/csrc
  copying gsplat/geometry/kernels/cuda/csrc/pose.cu -> build/lib.linux-x86_64-cpython-310/gsplat/geometry/kernels/cuda/csrc
  copying gsplat/geometry/kernels/cuda/csrc/pose.cuh -> build/lib.linux-x86_64-cpython-310/gsplat/geometry/kernels/cuda/csrc
  copying gsplat/geometry/kernels/cuda/csrc/quaternion.cu -> build/lib.linux-x86_64-cpython-310/gsplat/geometry/kernels/cuda/csrc
  copying gsplat/geometry/kernels/cuda/csrc/quaternion.cuh -> build/lib.linux-x86_64-cpython-310/gsplat/geometry/kernels/cuda/csrc
  copying gsplat/scene/kernels/cuda/ext.cpp -> build/lib.linux-x86_64-cpython-310/gsplat/scene/kernels/cuda
  creating build/lib.linux-x86_64-cpython-310/gsplat/scene/kernels/cuda/csrc
  copying gsplat/scene/kernels/cuda/csrc/gaussian_scene_pack.cpp -> build/lib.linux-x86_64-cpython-310/gsplat/scene/kernels/cuda/csrc
  copying gsplat/scene/kernels/cuda/csrc/gaussian_scene_pack.cuh -> build/lib.linux-x86_64-cpython-310/gsplat/scene/kernels/cuda/csrc
  copying gsplat/sensors/kernels/cuda/ext.cpp -> build/lib.linux-x86_64-cpython-310/gsplat/sensors/kernels/cuda
  creating build/lib.linux-x86_64-cpython-310/gsplat/sensors/kernels/cuda/csrc
  copying gsplat/sensors/kernels/cuda/csrc/camera_kernel.cu -> build/lib.linux-x86_64-cpython-310/gsplat/sensors/kernels/cuda/csrc
  copying gsplat/sensors/kernels/cuda/csrc/camera_kernel.cuh -> build/lib.linux-x86_64-cpython-310/gsplat/sensors/kernels/cuda/csrc
  copying gsplat/sensors/kernels/cuda/csrc/camera_kernel_backward.cu -> build/lib.linux-x86_64-cpython-310/gsplat/sensors/kernels/cuda/csrc
  copying gsplat/sensors/kernels/cuda/csrc/camera_params.h -> build/lib.linux-x86_64-cpython-310/gsplat/sensors/kernels/cuda/csrc
  copying gsplat/sensors/kernels/cuda/csrc/camera_torch.cpp -> build/lib.linux-x86_64-cpython-310/gsplat/sensors/kernels/cuda/csrc
  copying gsplat/sensors/kernels/cuda/csrc/camera_torch.h -> build/lib.linux-x86_64-cpython-310/gsplat/sensors/kernels/cuda/csrc
  copying gsplat/sensors/kernels/cuda/csrc/external_distortion_kernel.cuh -> build/lib.linux-x86_64-cpython-310/gsplat/sensors/kernels/cuda/csrc
  copying gsplat/sensors/kernels/cuda/csrc/external_distortion_params.h -> build/lib.linux-x86_64-cpython-310/gsplat/sensors/kernels/cuda/csrc
  copying gsplat/sensors/kernels/cuda/csrc/external_distortion_torch.cpp -> build/lib.linux-x86_64-cpython-310/gsplat/sensors/kernels/cuda/csrc
  copying gsplat/sensors/kernels/cuda/csrc/external_distortion_torch.h -> build/lib.linux-x86_64-cpython-310/gsplat/sensors/kernels/cuda/csrc
  copying gsplat/sensors/kernels/cuda/csrc/fisheye_kernel.cu -> build/lib.linux-x86_64-cpython-310/gsplat/sensors/kernels/cuda/csrc
  copying gsplat/sensors/kernels/cuda/csrc/fisheye_kernel.cuh -> build/lib.linux-x86_64-cpython-310/gsplat/sensors/kernels/cuda/csrc
  copying gsplat/sensors/kernels/cuda/csrc/fisheye_kernel_backward.cu -> build/lib.linux-x86_64-cpython-310/gsplat/sensors/kernels/cuda/csrc
  copying gsplat/sensors/kernels/cuda/csrc/ftheta_kernel.cu -> build/lib.linux-x86_64-cpython-310/gsplat/sensors/kernels/cuda/csrc
  copying gsplat/sensors/kernels/cuda/csrc/ftheta_kernel.cuh -> build/lib.linux-x86_64-cpython-310/gsplat/sensors/kernels/cuda/csrc
  copying gsplat/sensors/kernels/cuda/csrc/ftheta_kernel_backward.cu -> build/lib.linux-x86_64-cpython-310/gsplat/sensors/kernels/cuda/csrc
  copying gsplat/sensors/kernels/cuda/csrc/lidar_kernel.cu -> build/lib.linux-x86_64-cpython-310/gsplat/sensors/kernels/cuda/csrc
  copying gsplat/sensors/kernels/cuda/csrc/lidar_kernel.cuh -> build/lib.linux-x86_64-cpython-310/gsplat/sensors/kernels/cuda/csrc
  copying gsplat/sensors/kernels/cuda/csrc/lidar_kernel_backward.cu -> build/lib.linux-x86_64-cpython-310/gsplat/sensors/kernels/cuda/csrc
  copying gsplat/sensors/kernels/cuda/csrc/lidar_params.h -> build/lib.linux-x86_64-cpython-310/gsplat/sensors/kernels/cuda/csrc
  copying gsplat/sensors/kernels/cuda/csrc/lidar_torch.cpp -> build/lib.linux-x86_64-cpython-310/gsplat/sensors/kernels/cuda/csrc
  copying gsplat/sensors/kernels/cuda/csrc/lidar_torch.h -> build/lib.linux-x86_64-cpython-310/gsplat/sensors/kernels/cuda/csrc
  copying gsplat/sensors/kernels/cuda/csrc/math.cuh -> build/lib.linux-x86_64-cpython-310/gsplat/sensors/kernels/cuda/csrc
  copying gsplat/sensors/kernels/cuda/csrc/shutter_type.h -> build/lib.linux-x86_64-cpython-310/gsplat/sensors/kernels/cuda/csrc
  copying gsplat/experimental/render/kernels/cuda/ext.cpp -> build/lib.linux-x86_64-cpython-310/gsplat/experimental/render/kernels/cuda
  creating build/lib.linux-x86_64-cpython-310/gsplat/experimental/render/kernels/cuda/__pycache__
  copying gsplat/experimental/render/kernels/cuda/__pycache__/build.cpython-310.pyc -> build/lib.linux-x86_64-cpython-310/gsplat/experimental/render/kernels/cuda/__pycache__
  copying gsplat/experimental/render/kernels/cuda/csrc/gaussian_inference/Constants.h -> build/lib.linux-x86_64-cpython-310/gsplat/experimental/render/kernels/cuda/csrc/gaussian_inference
  copying gsplat/experimental/render/kernels/cuda/csrc/gaussian_inference/GaussianRenderInferenceScene.cu -> build/lib.linux-x86_64-cpython-310/gsplat/experimental/render/kernels/cuda/csrc/gaussian_inference
  copying gsplat/experimental/render/kernels/cuda/csrc/gaussian_inference/GaussianRenderInferenceScene.h -> build/lib.linux-x86_64-cpython-310/gsplat/experimental/render/kernels/cuda/csrc/gaussian_inference
  copying gsplat/experimental/render/kernels/cuda/csrc/gaussian_inference/InferenceTypes.h -> build/lib.linux-x86_64-cpython-310/gsplat/experimental/render/kernels/cuda/csrc/gaussian_inference
  copying gsplat/experimental/render/kernels/cuda/csrc/gaussian_inference/IntersectCommon.cu -> build/lib.linux-x86_64-cpython-310/gsplat/experimental/render/kernels/cuda/csrc/gaussian_inference
  copying gsplat/experimental/render/kernels/cuda/csrc/gaussian_inference/IntersectCommon.h -> build/lib.linux-x86_64-cpython-310/gsplat/experimental/render/kernels/cuda/csrc/gaussian_inference
  copying gsplat/experimental/render/kernels/cuda/csrc/gaussian_inference/IntersectMTConfig.h -> build/lib.linux-x86_64-cpython-310/gsplat/experimental/render/kernels/cuda/csrc/gaussian_inference
  copying gsplat/experimental/render/kernels/cuda/csrc/gaussian_inference/IntersectMTFused.cu -> build/lib.linux-x86_64-cpython-310/gsplat/experimental/render/kernels/cuda/csrc/gaussian_inference
  copying gsplat/experimental/render/kernels/cuda/csrc/gaussian_inference/IntersectMTFused.h -> build/lib.linux-x86_64-cpython-310/gsplat/experimental/render/kernels/cuda/csrc/gaussian_inference
  copying gsplat/experimental/render/kernels/cuda/csrc/gaussian_inference/MacroTileIntersect.cu -> build/lib.linux-x86_64-cpython-310/gsplat/experimental/render/kernels/cuda/csrc/gaussian_inference
  copying gsplat/experimental/render/kernels/cuda/csrc/gaussian_inference/MacroTileIntersect.h -> build/lib.linux-x86_64-cpython-310/gsplat/experimental/render/kernels/cuda/csrc/gaussian_inference
  copying gsplat/experimental/render/kernels/cuda/csrc/gaussian_inference/MacroTileRasterize.cu -> build/lib.linux-x86_64-cpython-310/gsplat/experimental/render/kernels/cuda/csrc/gaussian_inference
  copying gsplat/experimental/render/kernels/cuda/csrc/gaussian_inference/MacroTileRasterize.h -> build/lib.linux-x86_64-cpython-310/gsplat/experimental/render/kernels/cuda/csrc/gaussian_inference
  copying gsplat/experimental/render/kernels/cuda/csrc/gaussian_inference/Projection.cu -> build/lib.linux-x86_64-cpython-310/gsplat/experimental/render/kernels/cuda/csrc/gaussian_inference
  copying gsplat/experimental/render/kernels/cuda/csrc/gaussian_inference/Projection.h -> build/lib.linux-x86_64-cpython-310/gsplat/experimental/render/kernels/cuda/csrc/gaussian_inference
  copying gsplat/experimental/render/kernels/cuda/csrc/gaussian_inference/SHCommon.h -> build/lib.linux-x86_64-cpython-310/gsplat/experimental/render/kernels/cuda/csrc/gaussian_inference
  copying gsplat/experimental/render/kernels/cuda/csrc/gaussian_inference/SHCompression.cu -> build/lib.linux-x86_64-cpython-310/gsplat/experimental/render/kernels/cuda/csrc/gaussian_inference
  copying gsplat/experimental/render/kernels/cuda/csrc/gaussian_inference/SHCompression.h -> build/lib.linux-x86_64-cpython-310/gsplat/experimental/render/kernels/cuda/csrc/gaussian_inference
  copying gsplat/experimental/render/kernels/cuda/csrc/gaussian_inference/SegmentedSort.cu -> build/lib.linux-x86_64-cpython-310/gsplat/experimental/render/kernels/cuda/csrc/gaussian_inference
  copying gsplat/experimental/render/kernels/cuda/csrc/gaussian_inference/SegmentedSort.h -> build/lib.linux-x86_64-cpython-310/gsplat/experimental/render/kernels/cuda/csrc/gaussian_inference
  copying gsplat/experimental/render/kernels/cuda/csrc/gaussian_inference/SphericalHarmonics.cu -> build/lib.linux-x86_64-cpython-310/gsplat/experimental/render/kernels/cuda/csrc/gaussian_inference
  copying gsplat/experimental/render/kernels/cuda/csrc/gaussian_inference/SphericalHarmonics.h -> build/lib.linux-x86_64-cpython-310/gsplat/experimental/render/kernels/cuda/csrc/gaussian_inference
  copying gsplat/experimental/render/kernels/cuda/csrc/gaussian_inference/Utils.h -> build/lib.linux-x86_64-cpython-310/gsplat/experimental/render/kernels/cuda/csrc/gaussian_inference
  copying gsplat/geometry/kernels/cuda/ext.cpp -> build/lib.linux-x86_64-cpython-310/gsplat/geometry/kernels/cuda
  copying gsplat/geometry/kernels/cuda/csrc/coordinate_conversions.cuh -> build/lib.linux-x86_64-cpython-310/gsplat/geometry/kernels/cuda/csrc
  copying gsplat/geometry/kernels/cuda/csrc/pose.cu -> build/lib.linux-x86_64-cpython-310/gsplat/geometry/kernels/cuda/csrc
  copying gsplat/geometry/kernels/cuda/csrc/pose.cuh -> build/lib.linux-x86_64-cpython-310/gsplat/geometry/kernels/cuda/csrc
  copying gsplat/geometry/kernels/cuda/csrc/quaternion.cu -> build/lib.linux-x86_64-cpython-310/gsplat/geometry/kernels/cuda/csrc
  copying gsplat/geometry/kernels/cuda/csrc/quaternion.cuh -> build/lib.linux-x86_64-cpython-310/gsplat/geometry/kernels/cuda/csrc
  copying gsplat/scene/kernels/cuda/ext.cpp -> build/lib.linux-x86_64-cpython-310/gsplat/scene/kernels/cuda
  copying gsplat/scene/kernels/cuda/csrc/gaussian_scene_pack.cpp -> build/lib.linux-x86_64-cpython-310/gsplat/scene/kernels/cuda/csrc
  copying gsplat/scene/kernels/cuda/csrc/gaussian_scene_pack.cuh -> build/lib.linux-x86_64-cpython-310/gsplat/scene/kernels/cuda/csrc
  copying gsplat/sensors/kernels/cuda/ext.cpp -> build/lib.linux-x86_64-cpython-310/gsplat/sensors/kernels/cuda
  copying gsplat/sensors/kernels/cuda/csrc/camera_kernel.cu -> build/lib.linux-x86_64-cpython-310/gsplat/sensors/kernels/cuda/csrc
  copying gsplat/sensors/kernels/cuda/csrc/camera_kernel.cuh -> build/lib.linux-x86_64-cpython-310/gsplat/sensors/kernels/cuda/csrc
  copying gsplat/sensors/kernels/cuda/csrc/camera_kernel_backward.cu -> build/lib.linux-x86_64-cpython-310/gsplat/sensors/kernels/cuda/csrc
  copying gsplat/sensors/kernels/cuda/csrc/camera_params.h -> build/lib.linux-x86_64-cpython-310/gsplat/sensors/kernels/cuda/csrc
  copying gsplat/sensors/kernels/cuda/csrc/camera_torch.cpp -> build/lib.linux-x86_64-cpython-310/gsplat/sensors/kernels/cuda/csrc
  copying gsplat/sensors/kernels/cuda/csrc/camera_torch.h -> build/lib.linux-x86_64-cpython-310/gsplat/sensors/kernels/cuda/csrc
  copying gsplat/sensors/kernels/cuda/csrc/external_distortion_kernel.cuh -> build/lib.linux-x86_64-cpython-310/gsplat/sensors/kernels/cuda/csrc
  copying gsplat/sensors/kernels/cuda/csrc/external_distortion_params.h -> build/lib.linux-x86_64-cpython-310/gsplat/sensors/kernels/cuda/csrc
  copying gsplat/sensors/kernels/cuda/csrc/external_distortion_torch.cpp -> build/lib.linux-x86_64-cpython-310/gsplat/sensors/kernels/cuda/csrc
  copying gsplat/sensors/kernels/cuda/csrc/external_distortion_torch.h -> build/lib.linux-x86_64-cpython-310/gsplat/sensors/kernels/cuda/csrc
  copying gsplat/sensors/kernels/cuda/csrc/fisheye_kernel.cu -> build/lib.linux-x86_64-cpython-310/gsplat/sensors/kernels/cuda/csrc
  copying gsplat/sensors/kernels/cuda/csrc/fisheye_kernel.cuh -> build/lib.linux-x86_64-cpython-310/gsplat/sensors/kernels/cuda/csrc
  copying gsplat/sensors/kernels/cuda/csrc/fisheye_kernel_backward.cu -> build/lib.linux-x86_64-cpython-310/gsplat/sensors/kernels/cuda/csrc
  copying gsplat/sensors/kernels/cuda/csrc/ftheta_kernel.cu -> build/lib.linux-x86_64-cpython-310/gsplat/sensors/kernels/cuda/csrc
  copying gsplat/sensors/kernels/cuda/csrc/ftheta_kernel.cuh -> build/lib.linux-x86_64-cpython-310/gsplat/sensors/kernels/cuda/csrc
  copying gsplat/sensors/kernels/cuda/csrc/ftheta_kernel_backward.cu -> build/lib.linux-x86_64-cpython-310/gsplat/sensors/kernels/cuda/csrc
  copying gsplat/sensors/kernels/cuda/csrc/lidar_kernel.cu -> build/lib.linux-x86_64-cpython-310/gsplat/sensors/kernels/cuda/csrc
  copying gsplat/sensors/kernels/cuda/csrc/lidar_kernel.cuh -> build/lib.linux-x86_64-cpython-310/gsplat/sensors/kernels/cuda/csrc
  copying gsplat/sensors/kernels/cuda/csrc/lidar_kernel_backward.cu -> build/lib.linux-x86_64-cpython-310/gsplat/sensors/kernels/cuda/csrc
  copying gsplat/sensors/kernels/cuda/csrc/lidar_params.h -> build/lib.linux-x86_64-cpython-310/gsplat/sensors/kernels/cuda/csrc
  copying gsplat/sensors/kernels/cuda/csrc/lidar_torch.cpp -> build/lib.linux-x86_64-cpython-310/gsplat/sensors/kernels/cuda/csrc
  copying gsplat/sensors/kernels/cuda/csrc/lidar_torch.h -> build/lib.linux-x86_64-cpython-310/gsplat/sensors/kernels/cuda/csrc
  copying gsplat/sensors/kernels/cuda/csrc/math.cuh -> build/lib.linux-x86_64-cpython-310/gsplat/sensors/kernels/cuda/csrc
  copying gsplat/sensors/kernels/cuda/csrc/shutter_type.h -> build/lib.linux-x86_64-cpython-310/gsplat/sensors/kernels/cuda/csrc
  running build_ext
  /home/bkai/miniconda3/envs/gsplat/lib/python3.10/site-packages/torch/utils/cpp_extension.py:490: UserWarning: There are no /home/bkai/miniconda3/envs/gsplat/bin/x86_64-conda-linux-gnu-c++ version bounds defined for CUDA version 12.8
    warnings.warn(f'There are no {compiler_name} version bounds defined for CUDA version {cuda_str_version}')
  building 'gsplat.csrc' extension
  creating /mnt/d/avv/gsplat_src/build/temp.linux-x86_64-cpython-310/gsplat/cuda/csrc
  Emitting ninja build file /mnt/d/avv/gsplat_src/build/temp.linux-x86_64-cpython-310/build.ninja...
  Compiling objects...
  Using envvar MAX_JOBS (4) as the number of workers...
  [1/48] /home/bkai/miniconda3/envs/gsplat/bin/nvcc --generate-dependencies-with-compile --dependency-output /mnt/d/avv/gsplat_src/build/temp.linux-x86_64-cpython-310/gsplat/cuda/csrc/ExternalDistortionWrappers.o.d -I/mnt/d/avv/gsplat_src/gsplat/cuda/include/ -I/mnt/d/avv/gsplat_src/gsplat/cuda/csrc/third_party/glm -I/home/bkai/miniconda3/envs/gsplat/targets/x86_64-linux/include -I/home/bkai/miniconda3/envs/gsplat/lib/python3.10/site-packages/torch/include -I/home/bkai/miniconda3/envs/gsplat/lib/python3.10/site-packages/torch/include/torch/csrc/api/include -I/home/bkai/miniconda3/envs/gsplat/include -I/home/bkai/miniconda3/envs/gsplat/include/python3.10 -c -c /mnt/d/avv/gsplat_src/gsplat/cuda/csrc/ExternalDistortionWrappers.cu -o /mnt/d/avv/gsplat_src/build/temp.linux-x86_64-cpython-310/gsplat/cuda/csrc/ExternalDistortionWrappers.o -D__CUDA_NO_HALF_OPERATORS__ -D__CUDA_NO_HALF_CONVERSIONS__ -D__CUDA_NO_BFLOAT16_CONVERSIONS__ -D__CUDA_NO_HALF2_OPERATORS__ --expt-relaxed-constexpr --compiler-options ''"'"'-fPIC'"'"'' --forward-unknown-opts -use_fast_math -diag-suppress 3189,20012,186 --expt-relaxed-constexpr -std=c++20 -O3 -DNDEBUG -Wno-attributes -Wno-unused-but-set-variable -Wno-unknown-pragmas -DAT_PARALLEL_OPENMP -fopenmp -DTORCH_API_INCLUDE_EXTENSION_H '-DPYBIND11_COMPILER_TYPE="_gcc"' '-DPYBIND11_STDLIB="_libstdcpp"' '-DPYBIND11_BUILD_ABI="_cxxabi1016"' -DTORCH_EXTENSION_NAME=csrc -D_GLIBCXX_USE_CXX11_ABI=1 -gencode=arch=compute_120,code=compute_120 -gencode=arch=compute_120,code=sm_120 -ccbin /home/bkai/miniconda3/envs/gsplat/bin/x86_64-conda-linux-gnu-cc
  nvcc warning : incompatible redefinition for option 'compiler-bindir', the last value of this option was used
  [2/48] /home/bkai/miniconda3/envs/gsplat/bin/nvcc --generate-dependencies-with-compile --dependency-output /mnt/d/avv/gsplat_src/build/temp.linux-x86_64-cpython-310/gsplat/cuda/csrc/AdamCUDA.o.d -I/mnt/d/avv/gsplat_src/gsplat/cuda/include/ -I/mnt/d/avv/gsplat_src/gsplat/cuda/csrc/third_party/glm -I/home/bkai/miniconda3/envs/gsplat/targets/x86_64-linux/include -I/home/bkai/miniconda3/envs/gsplat/lib/python3.10/site-packages/torch/include -I/home/bkai/miniconda3/envs/gsplat/lib/python3.10/site-packages/torch/include/torch/csrc/api/include -I/home/bkai/miniconda3/envs/gsplat/include -I/home/bkai/miniconda3/envs/gsplat/include/python3.10 -c -c /mnt/d/avv/gsplat_src/gsplat/cuda/csrc/AdamCUDA.cu -o /mnt/d/avv/gsplat_src/build/temp.linux-x86_64-cpython-310/gsplat/cuda/csrc/AdamCUDA.o -D__CUDA_NO_HALF_OPERATORS__ -D__CUDA_NO_HALF_CONVERSIONS__ -D__CUDA_NO_BFLOAT16_CONVERSIONS__ -D__CUDA_NO_HALF2_OPERATORS__ --expt-relaxed-constexpr --compiler-options ''"'"'-fPIC'"'"'' --forward-unknown-opts -use_fast_math -diag-suppress 3189,20012,186 --expt-relaxed-constexpr -std=c++20 -O3 -DNDEBUG -Wno-attributes -Wno-unused-but-set-variable -Wno-unknown-pragmas -DAT_PARALLEL_OPENMP -fopenmp -DTORCH_API_INCLUDE_EXTENSION_H '-DPYBIND11_COMPILER_TYPE="_gcc"' '-DPYBIND11_STDLIB="_libstdcpp"' '-DPYBIND11_BUILD_ABI="_cxxabi1016"' -DTORCH_EXTENSION_NAME=csrc -D_GLIBCXX_USE_CXX11_ABI=1 -gencode=arch=compute_120,code=compute_120 -gencode=arch=compute_120,code=sm_120 -ccbin /home/bkai/miniconda3/envs/gsplat/bin/x86_64-conda-linux-gnu-cc
  nvcc warning : incompatible redefinition for option 'compiler-bindir', the last value of this option was used
  [3/48] /home/bkai/miniconda3/envs/gsplat/bin/x86_64-conda-linux-gnu-c++ -MMD -MF /mnt/d/avv/gsplat_src/build/temp.linux-x86_64-cpython-310/gsplat/cuda/csrc/GaussianLosses.o.d -march=nocona -mtune=haswell -ftree-vectorize -fPIC -fstack-protector-strong -fno-plt -O2 -ffunction-sections -pipe -isystem /home/bkai/miniconda3/envs/gsplat/include -I/home/bkai/miniconda3/envs/gsplat/targets/x86_64-linux/include -L/home/bkai/miniconda3/envs/gsplat/targets/x86_64-linux/lib -L/home/bkai/miniconda3/envs/gsplat/targets/x86_64-linux/lib/stubs -DNDEBUG -D_FORTIFY_SOURCE=2 -O2 -isystem /home/bkai/miniconda3/envs/gsplat/include -I/home/bkai/miniconda3/envs/gsplat/targets/x86_64-linux/include -L/home/bkai/miniconda3/envs/gsplat/targets/x86_64-linux/lib -L/home/bkai/miniconda3/envs/gsplat/targets/x86_64-linux/lib/stubs -fPIC -I/mnt/d/avv/gsplat_src/gsplat/cuda/include/ -I/mnt/d/avv/gsplat_src/gsplat/cuda/csrc/third_party/glm -I/home/bkai/miniconda3/envs/gsplat/targets/x86_64-linux/include -I/home/bkai/miniconda3/envs/gsplat/lib/python3.10/site-packages/torch/include -I/home/bkai/miniconda3/envs/gsplat/lib/python3.10/site-packages/torch/include/torch/csrc/api/include -I/home/bkai/miniconda3/envs/gsplat/include -I/home/bkai/miniconda3/envs/gsplat/include/python3.10 -c -c /mnt/d/avv/gsplat_src/gsplat/cuda/csrc/GaussianLosses.cpp -o /mnt/d/avv/gsplat_src/build/temp.linux-x86_64-cpython-310/gsplat/cuda/csrc/GaussianLosses.o -std=c++20 -O3 -DNDEBUG -Wno-attributes -Wno-unused-but-set-variable -Wno-unknown-pragmas -DAT_PARALLEL_OPENMP -fopenmp -DTORCH_API_INCLUDE_EXTENSION_H '-DPYBIND11_COMPILER_TYPE="_gcc"' '-DPYBIND11_STDLIB="_libstdcpp"' '-DPYBIND11_BUILD_ABI="_cxxabi1016"' -DTORCH_EXTENSION_NAME=csrc -D_GLIBCXX_USE_CXX11_ABI=1
  [4/48] /home/bkai/miniconda3/envs/gsplat/bin/x86_64-conda-linux-gnu-c++ -MMD -MF /mnt/d/avv/gsplat_src/build/temp.linux-x86_64-cpython-310/gsplat/cuda/csrc/DistributedCollectives.o.d -march=nocona -mtune=haswell -ftree-vectorize -fPIC -fstack-protector-strong -fno-plt -O2 -ffunction-sections -pipe -isystem /home/bkai/miniconda3/envs/gsplat/include -I/home/bkai/miniconda3/envs/gsplat/targets/x86_64-linux/include -L/home/bkai/miniconda3/envs/gsplat/targets/x86_64-linux/lib -L/home/bkai/miniconda3/envs/gsplat/targets/x86_64-linux/lib/stubs -DNDEBUG -D_FORTIFY_SOURCE=2 -O2 -isystem /home/bkai/miniconda3/envs/gsplat/include -I/home/bkai/miniconda3/envs/gsplat/targets/x86_64-linux/include -L/home/bkai/miniconda3/envs/gsplat/targets/x86_64-linux/lib -L/home/bkai/miniconda3/envs/gsplat/targets/x86_64-linux/lib/stubs -fPIC -I/mnt/d/avv/gsplat_src/gsplat/cuda/include/ -I/mnt/d/avv/gsplat_src/gsplat/cuda/csrc/third_party/glm -I/home/bkai/miniconda3/envs/gsplat/targets/x86_64-linux/include -I/home/bkai/miniconda3/envs/gsplat/lib/python3.10/site-packages/torch/include -I/home/bkai/miniconda3/envs/gsplat/lib/python3.10/site-packages/torch/include/torch/csrc/api/include -I/home/bkai/miniconda3/envs/gsplat/include -I/home/bkai/miniconda3/envs/gsplat/include/python3.10 -c -c /mnt/d/avv/gsplat_src/gsplat/cuda/csrc/DistributedCollectives.cpp -o /mnt/d/avv/gsplat_src/build/temp.linux-x86_64-cpython-310/gsplat/cuda/csrc/DistributedCollectives.o -std=c++20 -O3 -DNDEBUG -Wno-attributes -Wno-unused-but-set-variable -Wno-unknown-pragmas -DAT_PARALLEL_OPENMP -fopenmp -DTORCH_API_INCLUDE_EXTENSION_H '-DPYBIND11_COMPILER_TYPE="_gcc"' '-DPYBIND11_STDLIB="_libstdcpp"' '-DPYBIND11_BUILD_ABI="_cxxabi1016"' -DTORCH_EXTENSION_NAME=csrc -D_GLIBCXX_USE_CXX11_ABI=1
  [5/48] /home/bkai/miniconda3/envs/gsplat/bin/x86_64-conda-linux-gnu-c++ -MMD -MF /mnt/d/avv/gsplat_src/build/temp.linux-x86_64-cpython-310/gsplat/cuda/csrc/Adam.o.d -march=nocona -mtune=haswell -ftree-vectorize -fPIC -fstack-protector-strong -fno-plt -O2 -ffunction-sections -pipe -isystem /home/bkai/miniconda3/envs/gsplat/include -I/home/bkai/miniconda3/envs/gsplat/targets/x86_64-linux/include -L/home/bkai/miniconda3/envs/gsplat/targets/x86_64-linux/lib -L/home/bkai/miniconda3/envs/gsplat/targets/x86_64-linux/lib/stubs -DNDEBUG -D_FORTIFY_SOURCE=2 -O2 -isystem /home/bkai/miniconda3/envs/gsplat/include -I/home/bkai/miniconda3/envs/gsplat/targets/x86_64-linux/include -L/home/bkai/miniconda3/envs/gsplat/targets/x86_64-linux/lib -L/home/bkai/miniconda3/envs/gsplat/targets/x86_64-linux/lib/stubs -fPIC -I/mnt/d/avv/gsplat_src/gsplat/cuda/include/ -I/mnt/d/avv/gsplat_src/gsplat/cuda/csrc/third_party/glm -I/home/bkai/miniconda3/envs/gsplat/targets/x86_64-linux/include -I/home/bkai/miniconda3/envs/gsplat/lib/python3.10/site-packages/torch/include -I/home/bkai/miniconda3/envs/gsplat/lib/python3.10/site-packages/torch/include/torch/csrc/api/include -I/home/bkai/miniconda3/envs/gsplat/include -I/home/bkai/miniconda3/envs/gsplat/include/python3.10 -c -c /mnt/d/avv/gsplat_src/gsplat/cuda/csrc/Adam.cpp -o /mnt/d/avv/gsplat_src/build/temp.linux-x86_64-cpython-310/gsplat/cuda/csrc/Adam.o -std=c++20 -O3 -DNDEBUG -Wno-attributes -Wno-unused-but-set-variable -Wno-unknown-pragmas -DAT_PARALLEL_OPENMP -fopenmp -DTORCH_API_INCLUDE_EXTENSION_H '-DPYBIND11_COMPILER_TYPE="_gcc"' '-DPYBIND11_STDLIB="_libstdcpp"' '-DPYBIND11_BUILD_ABI="_cxxabi1016"' -DTORCH_EXTENSION_NAME=csrc -D_GLIBCXX_USE_CXX11_ABI=1
  [6/48] /home/bkai/miniconda3/envs/gsplat/bin/nvcc --generate-dependencies-with-compile --dependency-output /mnt/d/avv/gsplat_src/build/temp.linux-x86_64-cpython-310/gsplat/cuda/csrc/GaussianLossesCUDA.o.d -I/mnt/d/avv/gsplat_src/gsplat/cuda/include/ -I/mnt/d/avv/gsplat_src/gsplat/cuda/csrc/third_party/glm -I/home/bkai/miniconda3/envs/gsplat/targets/x86_64-linux/include -I/home/bkai/miniconda3/envs/gsplat/lib/python3.10/site-packages/torch/include -I/home/bkai/miniconda3/envs/gsplat/lib/python3.10/site-packages/torch/include/torch/csrc/api/include -I/home/bkai/miniconda3/envs/gsplat/include -I/home/bkai/miniconda3/envs/gsplat/include/python3.10 -c -c /mnt/d/avv/gsplat_src/gsplat/cuda/csrc/GaussianLossesCUDA.cu -o /mnt/d/avv/gsplat_src/build/temp.linux-x86_64-cpython-310/gsplat/cuda/csrc/GaussianLossesCUDA.o -D__CUDA_NO_HALF_OPERATORS__ -D__CUDA_NO_HALF_CONVERSIONS__ -D__CUDA_NO_BFLOAT16_CONVERSIONS__ -D__CUDA_NO_HALF2_OPERATORS__ --expt-relaxed-constexpr --compiler-options ''"'"'-fPIC'"'"'' --forward-unknown-opts -use_fast_math -diag-suppress 3189,20012,186 --expt-relaxed-constexpr -std=c++20 -O3 -DNDEBUG -Wno-attributes -Wno-unused-but-set-variable -Wno-unknown-pragmas -DAT_PARALLEL_OPENMP -fopenmp -DTORCH_API_INCLUDE_EXTENSION_H '-DPYBIND11_COMPILER_TYPE="_gcc"' '-DPYBIND11_STDLIB="_libstdcpp"' '-DPYBIND11_BUILD_ABI="_cxxabi1016"' -DTORCH_EXTENSION_NAME=csrc -D_GLIBCXX_USE_CXX11_ABI=1 -gencode=arch=compute_120,code=compute_120 -gencode=arch=compute_120,code=sm_120 -ccbin /home/bkai/miniconda3/envs/gsplat/bin/x86_64-conda-linux-gnu-cc
  nvcc warning : incompatible redefinition for option 'compiler-bindir', the last value of this option was used
  [7/48] /home/bkai/miniconda3/envs/gsplat/bin/x86_64-conda-linux-gnu-c++ -MMD -MF /mnt/d/avv/gsplat_src/build/temp.linux-x86_64-cpython-310/gsplat/cuda/csrc/Intersect.o.d -march=nocona -mtune=haswell -ftree-vectorize -fPIC -fstack-protector-strong -fno-plt -O2 -ffunction-sections -pipe -isystem /home/bkai/miniconda3/envs/gsplat/include -I/home/bkai/miniconda3/envs/gsplat/targets/x86_64-linux/include -L/home/bkai/miniconda3/envs/gsplat/targets/x86_64-linux/lib -L/home/bkai/miniconda3/envs/gsplat/targets/x86_64-linux/lib/stubs -DNDEBUG -D_FORTIFY_SOURCE=2 -O2 -isystem /home/bkai/miniconda3/envs/gsplat/include -I/home/bkai/miniconda3/envs/gsplat/targets/x86_64-linux/include -L/home/bkai/miniconda3/envs/gsplat/targets/x86_64-linux/lib -L/home/bkai/miniconda3/envs/gsplat/targets/x86_64-linux/lib/stubs -fPIC -I/mnt/d/avv/gsplat_src/gsplat/cuda/include/ -I/mnt/d/avv/gsplat_src/gsplat/cuda/csrc/third_party/glm -I/home/bkai/miniconda3/envs/gsplat/targets/x86_64-linux/include -I/home/bkai/miniconda3/envs/gsplat/lib/python3.10/site-packages/torch/include -I/home/bkai/miniconda3/envs/gsplat/lib/python3.10/site-packages/torch/include/torch/csrc/api/include -I/home/bkai/miniconda3/envs/gsplat/include -I/home/bkai/miniconda3/envs/gsplat/include/python3.10 -c -c /mnt/d/avv/gsplat_src/gsplat/cuda/csrc/Intersect.cpp -o /mnt/d/avv/gsplat_src/build/temp.linux-x86_64-cpython-310/gsplat/cuda/csrc/Intersect.o -std=c++20 -O3 -DNDEBUG -Wno-attributes -Wno-unused-but-set-variable -Wno-unknown-pragmas -DAT_PARALLEL_OPENMP -fopenmp -DTORCH_API_INCLUDE_EXTENSION_H '-DPYBIND11_COMPILER_TYPE="_gcc"' '-DPYBIND11_STDLIB="_libstdcpp"' '-DPYBIND11_BUILD_ABI="_cxxabi1016"' -DTORCH_EXTENSION_NAME=csrc -D_GLIBCXX_USE_CXX11_ABI=1
  [8/48] /home/bkai/miniconda3/envs/gsplat/bin/x86_64-conda-linux-gnu-c++ -MMD -MF /mnt/d/avv/gsplat_src/build/temp.linux-x86_64-cpython-310/gsplat/cuda/csrc/Lidar.o.d -march=nocona -mtune=haswell -ftree-vectorize -fPIC -fstack-protector-strong -fno-plt -O2 -ffunction-sections -pipe -isystem /home/bkai/miniconda3/envs/gsplat/include -I/home/bkai/miniconda3/envs/gsplat/targets/x86_64-linux/include -L/home/bkai/miniconda3/envs/gsplat/targets/x86_64-linux/lib -L/home/bkai/miniconda3/envs/gsplat/targets/x86_64-linux/lib/stubs -DNDEBUG -D_FORTIFY_SOURCE=2 -O2 -isystem /home/bkai/miniconda3/envs/gsplat/include -I/home/bkai/miniconda3/envs/gsplat/targets/x86_64-linux/include -L/home/bkai/miniconda3/envs/gsplat/targets/x86_64-linux/lib -L/home/bkai/miniconda3/envs/gsplat/targets/x86_64-linux/lib/stubs -fPIC -I/mnt/d/avv/gsplat_src/gsplat/cuda/include/ -I/mnt/d/avv/gsplat_src/gsplat/cuda/csrc/third_party/glm -I/home/bkai/miniconda3/envs/gsplat/targets/x86_64-linux/include -I/home/bkai/miniconda3/envs/gsplat/lib/python3.10/site-packages/torch/include -I/home/bkai/miniconda3/envs/gsplat/lib/python3.10/site-packages/torch/include/torch/csrc/api/include -I/home/bkai/miniconda3/envs/gsplat/include -I/home/bkai/miniconda3/envs/gsplat/include/python3.10 -c -c /mnt/d/avv/gsplat_src/gsplat/cuda/csrc/Lidar.cpp -o /mnt/d/avv/gsplat_src/build/temp.linux-x86_64-cpython-310/gsplat/cuda/csrc/Lidar.o -std=c++20 -O3 -DNDEBUG -Wno-attributes -Wno-unused-but-set-variable -Wno-unknown-pragmas -DAT_PARALLEL_OPENMP -fopenmp -DTORCH_API_INCLUDE_EXTENSION_H '-DPYBIND11_COMPILER_TYPE="_gcc"' '-DPYBIND11_STDLIB="_libstdcpp"' '-DPYBIND11_BUILD_ABI="_cxxabi1016"' -DTORCH_EXTENSION_NAME=csrc -D_GLIBCXX_USE_CXX11_ABI=1
  [9/48] /home/bkai/miniconda3/envs/gsplat/bin/nvcc --generate-dependencies-with-compile --dependency-output /mnt/d/avv/gsplat_src/build/temp.linux-x86_64-cpython-310/gsplat/cuda/csrc/IntersectTileLidar.o.d -I/mnt/d/avv/gsplat_src/gsplat/cuda/include/ -I/mnt/d/avv/gsplat_src/gsplat/cuda/csrc/third_party/glm -I/home/bkai/miniconda3/envs/gsplat/targets/x86_64-linux/include -I/home/bkai/miniconda3/envs/gsplat/lib/python3.10/site-packages/torch/include -I/home/bkai/miniconda3/envs/gsplat/lib/python3.10/site-packages/torch/include/torch/csrc/api/include -I/home/bkai/miniconda3/envs/gsplat/include -I/home/bkai/miniconda3/envs/gsplat/include/python3.10 -c -c /mnt/d/avv/gsplat_src/gsplat/cuda/csrc/IntersectTileLidar.cu -o /mnt/d/avv/gsplat_src/build/temp.linux-x86_64-cpython-310/gsplat/cuda/csrc/IntersectTileLidar.o -D__CUDA_NO_HALF_OPERATORS__ -D__CUDA_NO_HALF_CONVERSIONS__ -D__CUDA_NO_BFLOAT16_CONVERSIONS__ -D__CUDA_NO_HALF2_OPERATORS__ --expt-relaxed-constexpr --compiler-options ''"'"'-fPIC'"'"'' --forward-unknown-opts -use_fast_math -diag-suppress 3189,20012,186 --expt-relaxed-constexpr -std=c++20 -O3 -DNDEBUG -Wno-attributes -Wno-unused-but-set-variable -Wno-unknown-pragmas -DAT_PARALLEL_OPENMP -fopenmp -DTORCH_API_INCLUDE_EXTENSION_H '-DPYBIND11_COMPILER_TYPE="_gcc"' '-DPYBIND11_STDLIB="_libstdcpp"' '-DPYBIND11_BUILD_ABI="_cxxabi1016"' -DTORCH_EXTENSION_NAME=csrc -D_GLIBCXX_USE_CXX11_ABI=1 -gencode=arch=compute_120,code=compute_120 -gencode=arch=compute_120,code=sm_120 -ccbin /home/bkai/miniconda3/envs/gsplat/bin/x86_64-conda-linux-gnu-cc
  nvcc warning : incompatible redefinition for option 'compiler-bindir', the last value of this option was used
  [10/48] /home/bkai/miniconda3/envs/gsplat/bin/nvcc --generate-dependencies-with-compile --dependency-output /mnt/d/avv/gsplat_src/build/temp.linux-x86_64-cpython-310/gsplat/cuda/csrc/IntersectTileSparse.o.d -I/mnt/d/avv/gsplat_src/gsplat/cuda/include/ -I/mnt/d/avv/gsplat_src/gsplat/cuda/csrc/third_party/glm -I/home/bkai/miniconda3/envs/gsplat/targets/x86_64-linux/include -I/home/bkai/miniconda3/envs/gsplat/lib/python3.10/site-packages/torch/include -I/home/bkai/miniconda3/envs/gsplat/lib/python3.10/site-packages/torch/include/torch/csrc/api/include -I/home/bkai/miniconda3/envs/gsplat/include -I/home/bkai/miniconda3/envs/gsplat/include/python3.10 -c -c /mnt/d/avv/gsplat_src/gsplat/cuda/csrc/IntersectTileSparse.cu -o /mnt/d/avv/gsplat_src/build/temp.linux-x86_64-cpython-310/gsplat/cuda/csrc/IntersectTileSparse.o -D__CUDA_NO_HALF_OPERATORS__ -D__CUDA_NO_HALF_CONVERSIONS__ -D__CUDA_NO_BFLOAT16_CONVERSIONS__ -D__CUDA_NO_HALF2_OPERATORS__ --expt-relaxed-constexpr --compiler-options ''"'"'-fPIC'"'"'' --forward-unknown-opts -use_fast_math -diag-suppress 3189,20012,186 --expt-relaxed-constexpr -std=c++20 -O3 -DNDEBUG -Wno-attributes -Wno-unused-but-set-variable -Wno-unknown-pragmas -DAT_PARALLEL_OPENMP -fopenmp -DTORCH_API_INCLUDE_EXTENSION_H '-DPYBIND11_COMPILER_TYPE="_gcc"' '-DPYBIND11_STDLIB="_libstdcpp"' '-DPYBIND11_BUILD_ABI="_cxxabi1016"' -DTORCH_EXTENSION_NAME=csrc -D_GLIBCXX_USE_CXX11_ABI=1 -gencode=arch=compute_120,code=compute_120 -gencode=arch=compute_120,code=sm_120 -ccbin /home/bkai/miniconda3/envs/gsplat/bin/x86_64-conda-linux-gnu-cc
  nvcc warning : incompatible redefinition for option 'compiler-bindir', the last value of this option was used
  [11/48] /home/bkai/miniconda3/envs/gsplat/bin/nvcc --generate-dependencies-with-compile --dependency-output /mnt/d/avv/gsplat_src/build/temp.linux-x86_64-cpython-310/gsplat/cuda/csrc/IntersectTile.o.d -I/mnt/d/avv/gsplat_src/gsplat/cuda/include/ -I/mnt/d/avv/gsplat_src/gsplat/cuda/csrc/third_party/glm -I/home/bkai/miniconda3/envs/gsplat/targets/x86_64-linux/include -I/home/bkai/miniconda3/envs/gsplat/lib/python3.10/site-packages/torch/include -I/home/bkai/miniconda3/envs/gsplat/lib/python3.10/site-packages/torch/include/torch/csrc/api/include -I/home/bkai/miniconda3/envs/gsplat/include -I/home/bkai/miniconda3/envs/gsplat/include/python3.10 -c -c /mnt/d/avv/gsplat_src/gsplat/cuda/csrc/IntersectTile.cu -o /mnt/d/avv/gsplat_src/build/temp.linux-x86_64-cpython-310/gsplat/cuda/csrc/IntersectTile.o -D__CUDA_NO_HALF_OPERATORS__ -D__CUDA_NO_HALF_CONVERSIONS__ -D__CUDA_NO_BFLOAT16_CONVERSIONS__ -D__CUDA_NO_HALF2_OPERATORS__ --expt-relaxed-constexpr --compiler-options ''"'"'-fPIC'"'"'' --forward-unknown-opts -use_fast_math -diag-suppress 3189,20012,186 --expt-relaxed-constexpr -std=c++20 -O3 -DNDEBUG -Wno-attributes -Wno-unused-but-set-variable -Wno-unknown-pragmas -DAT_PARALLEL_OPENMP -fopenmp -DTORCH_API_INCLUDE_EXTENSION_H '-DPYBIND11_COMPILER_TYPE="_gcc"' '-DPYBIND11_STDLIB="_libstdcpp"' '-DPYBIND11_BUILD_ABI="_cxxabi1016"' -DTORCH_EXTENSION_NAME=csrc -D_GLIBCXX_USE_CXX11_ABI=1 -gencode=arch=compute_120,code=compute_120 -gencode=arch=compute_120,code=sm_120 -ccbin /home/bkai/miniconda3/envs/gsplat/bin/x86_64-conda-linux-gnu-cc
  nvcc warning : incompatible redefinition for option 'compiler-bindir', the last value of this option was used
  [12/48] /home/bkai/miniconda3/envs/gsplat/bin/x86_64-conda-linux-gnu-c++ -MMD -MF /mnt/d/avv/gsplat_src/build/temp.linux-x86_64-cpython-310/gsplat/cuda/csrc/MCMCPerturb.o.d -march=nocona -mtune=haswell -ftree-vectorize -fPIC -fstack-protector-strong -fno-plt -O2 -ffunction-sections -pipe -isystem /home/bkai/miniconda3/envs/gsplat/include -I/home/bkai/miniconda3/envs/gsplat/targets/x86_64-linux/include -L/home/bkai/miniconda3/envs/gsplat/targets/x86_64-linux/lib -L/home/bkai/miniconda3/envs/gsplat/targets/x86_64-linux/lib/stubs -DNDEBUG -D_FORTIFY_SOURCE=2 -O2 -isystem /home/bkai/miniconda3/envs/gsplat/include -I/home/bkai/miniconda3/envs/gsplat/targets/x86_64-linux/include -L/home/bkai/miniconda3/envs/gsplat/targets/x86_64-linux/lib -L/home/bkai/miniconda3/envs/gsplat/targets/x86_64-linux/lib/stubs -fPIC -I/mnt/d/avv/gsplat_src/gsplat/cuda/include/ -I/mnt/d/avv/gsplat_src/gsplat/cuda/csrc/third_party/glm -I/home/bkai/miniconda3/envs/gsplat/targets/x86_64-linux/include -I/home/bkai/miniconda3/envs/gsplat/lib/python3.10/site-packages/torch/include -I/home/bkai/miniconda3/envs/gsplat/lib/python3.10/site-packages/torch/include/torch/csrc/api/include -I/home/bkai/miniconda3/envs/gsplat/include -I/home/bkai/miniconda3/envs/gsplat/include/python3.10 -c -c /mnt/d/avv/gsplat_src/gsplat/cuda/csrc/MCMCPerturb.cpp -o /mnt/d/avv/gsplat_src/build/temp.linux-x86_64-cpython-310/gsplat/cuda/csrc/MCMCPerturb.o -std=c++20 -O3 -DNDEBUG -Wno-attributes -Wno-unused-but-set-variable -Wno-unknown-pragmas -DAT_PARALLEL_OPENMP -fopenmp -DTORCH_API_INCLUDE_EXTENSION_H '-DPYBIND11_COMPILER_TYPE="_gcc"' '-DPYBIND11_STDLIB="_libstdcpp"' '-DPYBIND11_BUILD_ABI="_cxxabi1016"' -DTORCH_EXTENSION_NAME=csrc -D_GLIBCXX_USE_CXX11_ABI=1
  [13/48] /home/bkai/miniconda3/envs/gsplat/bin/nvcc --generate-dependencies-with-compile --dependency-output /mnt/d/avv/gsplat_src/build/temp.linux-x86_64-cpython-310/gsplat/cuda/csrc/NullCUDA.o.d -I/mnt/d/avv/gsplat_src/gsplat/cuda/include/ -I/mnt/d/avv/gsplat_src/gsplat/cuda/csrc/third_party/glm -I/home/bkai/miniconda3/envs/gsplat/targets/x86_64-linux/include -I/home/bkai/miniconda3/envs/gsplat/lib/python3.10/site-packages/torch/include -I/home/bkai/miniconda3/envs/gsplat/lib/python3.10/site-packages/torch/include/torch/csrc/api/include -I/home/bkai/miniconda3/envs/gsplat/include -I/home/bkai/miniconda3/envs/gsplat/include/python3.10 -c -c /mnt/d/avv/gsplat_src/gsplat/cuda/csrc/NullCUDA.cu -o /mnt/d/avv/gsplat_src/build/temp.linux-x86_64-cpython-310/gsplat/cuda/csrc/NullCUDA.o -D__CUDA_NO_HALF_OPERATORS__ -D__CUDA_NO_HALF_CONVERSIONS__ -D__CUDA_NO_BFLOAT16_CONVERSIONS__ -D__CUDA_NO_HALF2_OPERATORS__ --expt-relaxed-constexpr --compiler-options ''"'"'-fPIC'"'"'' --forward-unknown-opts -use_fast_math -diag-suppress 3189,20012,186 --expt-relaxed-constexpr -std=c++20 -O3 -DNDEBUG -Wno-attributes -Wno-unused-but-set-variable -Wno-unknown-pragmas -DAT_PARALLEL_OPENMP -fopenmp -DTORCH_API_INCLUDE_EXTENSION_H '-DPYBIND11_COMPILER_TYPE="_gcc"' '-DPYBIND11_STDLIB="_libstdcpp"' '-DPYBIND11_BUILD_ABI="_cxxabi1016"' -DTORCH_EXTENSION_NAME=csrc -D_GLIBCXX_USE_CXX11_ABI=1 -gencode=arch=compute_120,code=compute_120 -gencode=arch=compute_120,code=sm_120 -ccbin /home/bkai/miniconda3/envs/gsplat/bin/x86_64-conda-linux-gnu-cc
  nvcc warning : incompatible redefinition for option 'compiler-bindir', the last value of this option was used
  [14/48] /home/bkai/miniconda3/envs/gsplat/bin/nvcc --generate-dependencies-with-compile --dependency-output /mnt/d/avv/gsplat_src/build/temp.linux-x86_64-cpython-310/gsplat/cuda/csrc/MCMCPerturbCUDA.o.d -I/mnt/d/avv/gsplat_src/gsplat/cuda/include/ -I/mnt/d/avv/gsplat_src/gsplat/cuda/csrc/third_party/glm -I/home/bkai/miniconda3/envs/gsplat/targets/x86_64-linux/include -I/home/bkai/miniconda3/envs/gsplat/lib/python3.10/site-packages/torch/include -I/home/bkai/miniconda3/envs/gsplat/lib/python3.10/site-packages/torch/include/torch/csrc/api/include -I/home/bkai/miniconda3/envs/gsplat/include -I/home/bkai/miniconda3/envs/gsplat/include/python3.10 -c -c /mnt/d/avv/gsplat_src/gsplat/cuda/csrc/MCMCPerturbCUDA.cu -o /mnt/d/avv/gsplat_src/build/temp.linux-x86_64-cpython-310/gsplat/cuda/csrc/MCMCPerturbCUDA.o -D__CUDA_NO_HALF_OPERATORS__ -D__CUDA_NO_HALF_CONVERSIONS__ -D__CUDA_NO_BFLOAT16_CONVERSIONS__ -D__CUDA_NO_HALF2_OPERATORS__ --expt-relaxed-constexpr --compiler-options ''"'"'-fPIC'"'"'' --forward-unknown-opts -use_fast_math -diag-suppress 3189,20012,186 --expt-relaxed-constexpr -std=c++20 -O3 -DNDEBUG -Wno-attributes -Wno-unused-but-set-variable -Wno-unknown-pragmas -DAT_PARALLEL_OPENMP -fopenmp -DTORCH_API_INCLUDE_EXTENSION_H '-DPYBIND11_COMPILER_TYPE="_gcc"' '-DPYBIND11_STDLIB="_libstdcpp"' '-DPYBIND11_BUILD_ABI="_cxxabi1016"' -DTORCH_EXTENSION_NAME=csrc -D_GLIBCXX_USE_CXX11_ABI=1 -gencode=arch=compute_120,code=compute_120 -gencode=arch=compute_120,code=sm_120 -ccbin /home/bkai/miniconda3/envs/gsplat/bin/x86_64-conda-linux-gnu-cc
  nvcc warning : incompatible redefinition for option 'compiler-bindir', the last value of this option was used
  [15/48] /home/bkai/miniconda3/envs/gsplat/bin/x86_64-conda-linux-gnu-c++ -MMD -MF /mnt/d/avv/gsplat_src/build/temp.linux-x86_64-cpython-310/gsplat/cuda/csrc/Null.o.d -march=nocona -mtune=haswell -ftree-vectorize -fPIC -fstack-protector-strong -fno-plt -O2 -ffunction-sections -pipe -isystem /home/bkai/miniconda3/envs/gsplat/include -I/home/bkai/miniconda3/envs/gsplat/targets/x86_64-linux/include -L/home/bkai/miniconda3/envs/gsplat/targets/x86_64-linux/lib -L/home/bkai/miniconda3/envs/gsplat/targets/x86_64-linux/lib/stubs -DNDEBUG -D_FORTIFY_SOURCE=2 -O2 -isystem /home/bkai/miniconda3/envs/gsplat/include -I/home/bkai/miniconda3/envs/gsplat/targets/x86_64-linux/include -L/home/bkai/miniconda3/envs/gsplat/targets/x86_64-linux/lib -L/home/bkai/miniconda3/envs/gsplat/targets/x86_64-linux/lib/stubs -fPIC -I/mnt/d/avv/gsplat_src/gsplat/cuda/include/ -I/mnt/d/avv/gsplat_src/gsplat/cuda/csrc/third_party/glm -I/home/bkai/miniconda3/envs/gsplat/targets/x86_64-linux/include -I/home/bkai/miniconda3/envs/gsplat/lib/python3.10/site-packages/torch/include -I/home/bkai/miniconda3/envs/gsplat/lib/python3.10/site-packages/torch/include/torch/csrc/api/include -I/home/bkai/miniconda3/envs/gsplat/include -I/home/bkai/miniconda3/envs/gsplat/include/python3.10 -c -c /mnt/d/avv/gsplat_src/gsplat/cuda/csrc/Null.cpp -o /mnt/d/avv/gsplat_src/build/temp.linux-x86_64-cpython-310/gsplat/cuda/csrc/Null.o -std=c++20 -O3 -DNDEBUG -Wno-attributes -Wno-unused-but-set-variable -Wno-unknown-pragmas -DAT_PARALLEL_OPENMP -fopenmp -DTORCH_API_INCLUDE_EXTENSION_H '-DPYBIND11_COMPILER_TYPE="_gcc"' '-DPYBIND11_STDLIB="_libstdcpp"' '-DPYBIND11_BUILD_ABI="_cxxabi1016"' -DTORCH_EXTENSION_NAME=csrc -D_GLIBCXX_USE_CXX11_ABI=1
