/mnt/c/Users/BKAI/an_plaza2/FastGS/gsplat_track/train_gsplat.py:302: UserWarning: The given NumPy array is not writable, and PyTorch does not support non-writable tensors. This means writing to this tensor will result in undefined behavior. You may want to copy the array to protect its data or make it writable before converting it to a tensor. This type of warning will be suppressed for the rest of this program. (Triggered internally at /pytorch/torch/csrc/utils/tensor_numpy.cpp:203.)
  gt_cache[vi] = torch.from_numpy(
240/306 images.bin entries have files in /home/bkai/data/phase1/private_set1/HCM0249/train/images
240 views, 165726 init points, K=[[928.2,0,660.0],[0,928.2,494.5]], size 1320x989
3DGUT mode: classic + with_ut + with_eval3d, k1=+0.008910
scene_scale 10.382
[0] loss 0.3300 l1 0.2131 ssim 0.2330 N 165726
Step 600: Relocated 20118 GSs.
Step 600: Added 8286 GSs. Now having 174012 GSs.
Step 700: Relocated 5072 GSs.
Step 700: Added 8700 GSs. Now having 182712 GSs.
Step 800: Relocated 4721 GSs.
Step 800: Added 9135 GSs. Now having 191847 GSs.
Step 900: Relocated 5085 GSs.
Step 900: Added 9592 GSs. Now having 201439 GSs.
Step 1000: Relocated 5131 GSs.
Step 1000: Added 10071 GSs. Now having 211510 GSs.
[1000] loss 0.1287 l1 0.0655 ssim 0.6376 N 211510
Step 1100: Relocated 5868 GSs.
Step 1100: Added 10575 GSs. Now having 222085 GSs.
Step 1200: Relocated 5894 GSs.
Step 1200: Added 11104 GSs. Now having 233189 GSs.
Step 1300: Relocated 6948 GSs.
Step 1300: Added 11659 GSs. Now having 244848 GSs.
Step 1400: Relocated 6794 GSs.
Step 1400: Added 12242 GSs. Now having 257090 GSs.
Step 1500: Relocated 8479 GSs.
Step 1500: Added 12854 GSs. Now having 269944 GSs.
Step 1600: Relocated 8840 GSs.
Step 1600: Added 13497 GSs. Now having 283441 GSs.
Step 1700: Relocated 9061 GSs.
Step 1700: Added 14172 GSs. Now having 297613 GSs.
Step 1800: Relocated 9970 GSs.
Step 1800: Added 14880 GSs. Now having 312493 GSs.
Step 1900: Relocated 10593 GSs.
Step 1900: Added 15624 GSs. Now having 328117 GSs.
Step 2000: Relocated 12738 GSs.
Step 2000: Added 16405 GSs. Now having 344522 GSs.
[2000] loss 0.1348 l1 0.0687 ssim 0.6163 N 344522
Step 2100: Relocated 15441 GSs.
Step 2100: Added 17226 GSs. Now having 361748 GSs.
Step 2200: Relocated 15231 GSs.
Step 2200: Added 18087 GSs. Now having 379835 GSs.
Step 2300: Relocated 16280 GSs.
Step 2300: Added 18991 GSs. Now having 398826 GSs.
Step 2400: Relocated 17374 GSs.
Step 2400: Added 19941 GSs. Now having 418767 GSs.
Step 2500: Relocated 18429 GSs.
Step 2500: Added 20938 GSs. Now having 439705 GSs.
Step 2600: Relocated 20648 GSs.
Step 2600: Added 21985 GSs. Now having 461690 GSs.
Step 2700: Relocated 20027 GSs.
Step 2700: Added 23084 GSs. Now having 484774 GSs.
Step 2800: Relocated 22594 GSs.
Step 2800: Added 24238 GSs. Now having 509012 GSs.
Step 2900: Relocated 24491 GSs.
Step 2900: Added 25450 GSs. Now having 534462 GSs.
Step 3000: Relocated 25891 GSs.
Step 3000: Added 26723 GSs. Now having 561185 GSs.
[3000] loss 0.1225 l1 0.0641 ssim 0.6564 N 561185
Step 3100: Relocated 26739 GSs.
Step 3100: Added 28059 GSs. Now having 589244 GSs.
Step 3200: Relocated 28258 GSs.
Step 3200: Added 29462 GSs. Now having 618706 GSs.
Step 3300: Relocated 32593 GSs.
Step 3300: Added 30935 GSs. Now having 649641 GSs.
Step 3400: Relocated 35080 GSs.
Step 3400: Added 32482 GSs. Now having 682123 GSs.
Step 3500: Relocated 35448 GSs.
Step 3500: Added 34106 GSs. Now having 716229 GSs.
Step 3600: Relocated 40137 GSs.
Step 3600: Added 35811 GSs. Now having 752040 GSs.
Step 3700: Relocated 46223 GSs.
Step 3700: Added 37602 GSs. Now having 789642 GSs.
Step 3800: Relocated 45369 GSs.
Step 3800: Added 39482 GSs. Now having 829124 GSs.
Step 3900: Relocated 49650 GSs.
Step 3900: Added 41456 GSs. Now having 870580 GSs.
Step 4000: Relocated 53016 GSs.
Step 4000: Added 43529 GSs. Now having 914109 GSs.
[4000] loss 0.1237 l1 0.0623 ssim 0.6414 N 914109
Step 4100: Relocated 56502 GSs.
Step 4100: Added 45705 GSs. Now having 959814 GSs.
Step 4200: Relocated 65970 GSs.
Step 4200: Added 47990 GSs. Now having 1007804 GSs.
Step 4300: Relocated 60875 GSs.
Step 4300: Added 50390 GSs. Now having 1058194 GSs.
Step 4400: Relocated 62230 GSs.
Step 4400: Added 52909 GSs. Now having 1111103 GSs.
Step 4500: Relocated 62465 GSs.
Step 4500: Added 55555 GSs. Now having 1166658 GSs.
Step 4600: Relocated 65677 GSs.
Step 4600: Added 58332 GSs. Now having 1224990 GSs.
Step 4700: Relocated 80610 GSs.
Step 4700: Added 61249 GSs. Now having 1286239 GSs.
Step 4800: Relocated 85337 GSs.
Step 4800: Added 64311 GSs. Now having 1350550 GSs.
Step 4900: Relocated 87588 GSs.
Step 4900: Added 67527 GSs. Now having 1418077 GSs.
Step 5000: Relocated 86483 GSs.
Step 5000: Added 70903 GSs. Now having 1488980 GSs.
[5000] loss 0.1383 l1 0.0710 ssim 0.6015 N 1488980
Step 5100: Relocated 102567 GSs.
Step 5100: Added 74449 GSs. Now having 1563429 GSs.
Step 5200: Relocated 103287 GSs.
Step 5200: Added 78171 GSs. Now having 1641600 GSs.
Step 5300: Relocated 107422 GSs.
Step 5300: Added 82080 GSs. Now having 1723680 GSs.
Step 5400: Relocated 113233 GSs.
Step 5400: Added 86184 GSs. Now having 1809864 GSs.
Step 5500: Relocated 120030 GSs.
Step 5500: Added 90493 GSs. Now having 1900357 GSs.
Step 5600: Relocated 141072 GSs.
Step 5600: Added 95017 GSs. Now having 1995374 GSs.
Step 5700: Relocated 151116 GSs.
Step 5700: Added 99768 GSs. Now having 2095142 GSs.
Step 5800: Relocated 141865 GSs.
Step 5800: Added 104757 GSs. Now having 2199899 GSs.
Step 5900: Relocated 154011 GSs.
Step 5900: Added 109994 GSs. Now having 2309893 GSs.
Step 6000: Relocated 179176 GSs.
Step 6000: Added 115494 GSs. Now having 2425387 GSs.
[6000] loss 0.1157 l1 0.0588 ssim 0.6645 N 2425387
Step 6100: Relocated 174797 GSs.
Step 6100: Added 121269 GSs. Now having 2546656 GSs.
Step 6200: Relocated 185909 GSs.
Step 6200: Added 127332 GSs. Now having 2673988 GSs.
Step 6300: Relocated 193571 GSs.
Step 6300: Added 133699 GSs. Now having 2807687 GSs.
Step 6400: Relocated 198423 GSs.
Step 6400: Added 140384 GSs. Now having 2948071 GSs.
Step 6500: Relocated 231830 GSs.
Step 6500: Added 147403 GSs. Now having 3095474 GSs.
Step 6600: Relocated 249979 GSs.
Step 6600: Added 154773 GSs. Now having 3250247 GSs.
Step 6700: Relocated 256681 GSs.
Step 6700: Added 162512 GSs. Now having 3412759 GSs.
Step 6800: Relocated 256232 GSs.
Step 6800: Added 170637 GSs. Now having 3583396 GSs.
Step 6900: Relocated 259812 GSs.
Step 6900: Added 179169 GSs. Now having 3762565 GSs.
Step 7000: Relocated 288795 GSs.
Step 7000: Added 188128 GSs. Now having 3950693 GSs.
[7000] loss 0.1235 l1 0.0652 ssim 0.6503 N 3950693
Step 7100: Relocated 310694 GSs.
Step 7100: Added 197534 GSs. Now having 4148227 GSs.
Step 7200: Relocated 321251 GSs.
Step 7200: Added 207411 GSs. Now having 4355638 GSs.
Step 7300: Relocated 362354 GSs.
Step 7300: Added 217781 GSs. Now having 4573419 GSs.
Step 7400: Relocated 390042 GSs.
Step 7400: Added 228670 GSs. Now having 4802089 GSs.
Step 7500: Relocated 380527 GSs.
Step 7500: Added 240104 GSs. Now having 5042193 GSs.
Step 7600: Relocated 431407 GSs.
Step 7600: Added 252109 GSs. Now having 5294302 GSs.
Step 7700: Relocated 467482 GSs.
Step 7700: Added 264715 GSs. Now having 5559017 GSs.
Step 7800: Relocated 467696 GSs.
Step 7800: Added 277950 GSs. Now having 5836967 GSs.
Step 7900: Relocated 538346 GSs.
Step 7900: Added 291848 GSs. Now having 6128815 GSs.
Step 8000: Relocated 567590 GSs.
Step 8000: Added 306440 GSs. Now having 6435255 GSs.
[8000] loss 0.1142 l1 0.0653 ssim 0.6960 N 6435255
Step 8100: Relocated 572067 GSs.
Step 8100: Added 321762 GSs. Now having 6757017 GSs.
Step 8200: Relocated 584276 GSs.
Step 8200: Added 337850 GSs. Now having 7094867 GSs.
Step 8300: Relocated 671817 GSs.
Step 8300: Added 354743 GSs. Now having 7449610 GSs.
Step 8400: Relocated 657867 GSs.
Step 8400: Added 372480 GSs. Now having 7822090 GSs.
Step 8500: Relocated 718159 GSs.
Step 8500: Added 177910 GSs. Now having 8000000 GSs.
Step 8600: Relocated 655621 GSs.
Step 8600: Added 0 GSs. Now having 8000000 GSs.
Step 8700: Relocated 556588 GSs.
Step 8700: Added 0 GSs. Now having 8000000 GSs.
Step 8800: Relocated 512173 GSs.
Step 8800: Added 0 GSs. Now having 8000000 GSs.
Step 8900: Relocated 489703 GSs.
Step 8900: Added 0 GSs. Now having 8000000 GSs.
Step 9000: Relocated 454574 GSs.
Step 9000: Added 0 GSs. Now having 8000000 GSs.
[9000] loss 0.1084 l1 0.0603 ssim 0.7050 N 8000000
Step 9100: Relocated 428841 GSs.
Step 9100: Added 0 GSs. Now having 8000000 GSs.
Step 9200: Relocated 437903 GSs.
Step 9200: Added 0 GSs. Now having 8000000 GSs.
Step 9300: Relocated 446576 GSs.
Step 9300: Added 0 GSs. Now having 8000000 GSs.
Step 9400: Relocated 419823 GSs.
Step 9400: Added 0 GSs. Now having 8000000 GSs.
Step 9500: Relocated 437131 GSs.
Step 9500: Added 0 GSs. Now having 8000000 GSs.
Step 9600: Relocated 419712 GSs.
Step 9600: Added 0 GSs. Now having 8000000 GSs.
Step 9700: Relocated 401895 GSs.
Step 9700: Added 0 GSs. Now having 8000000 GSs.
Step 9800: Relocated 429406 GSs.
Step 9800: Added 0 GSs. Now having 8000000 GSs.
Step 9900: Relocated 411683 GSs.
Step 9900: Added 0 GSs. Now having 8000000 GSs.
Step 10000: Relocated 412432 GSs.
Step 10000: Added 0 GSs. Now having 8000000 GSs.
[10000] loss 0.1023 l1 0.0569 ssim 0.7222 N 8000000
Step 10100: Relocated 391460 GSs.
Step 10100: Added 0 GSs. Now having 8000000 GSs.
Step 10200: Relocated 387587 GSs.
Step 10200: Added 0 GSs. Now having 8000000 GSs.
Step 10300: Relocated 400641 GSs.
Step 10300: Added 0 GSs. Now having 8000000 GSs.
Step 10400: Relocated 395826 GSs.
Step 10400: Added 0 GSs. Now having 8000000 GSs.
Step 10500: Relocated 392150 GSs.
Step 10500: Added 0 GSs. Now having 8000000 GSs.
Step 10600: Relocated 402658 GSs.
Step 10600: Added 0 GSs. Now having 8000000 GSs.
Step 10700: Relocated 387756 GSs.
Step 10700: Added 0 GSs. Now having 8000000 GSs.
Step 10800: Relocated 391960 GSs.
Step 10800: Added 0 GSs. Now having 8000000 GSs.
Step 10900: Relocated 378230 GSs.
Step 10900: Added 0 GSs. Now having 8000000 GSs.
Step 11000: Relocated 378130 GSs.
Step 11000: Added 0 GSs. Now having 8000000 GSs.
[11000] loss 0.1142 l1 0.0615 ssim 0.6813 N 8000000
Step 11100: Relocated 364849 GSs.
Step 11100: Added 0 GSs. Now having 8000000 GSs.
Step 11200: Relocated 370971 GSs.
Step 11200: Added 0 GSs. Now having 8000000 GSs.
Step 11300: Relocated 366791 GSs.
Step 11300: Added 0 GSs. Now having 8000000 GSs.
Step 11400: Relocated 394504 GSs.
Step 11400: Added 0 GSs. Now having 8000000 GSs.
Step 11500: Relocated 385099 GSs.
Step 11500: Added 0 GSs. Now having 8000000 GSs.
Step 11600: Relocated 355644 GSs.
Step 11600: Added 0 GSs. Now having 8000000 GSs.
Step 11700: Relocated 360333 GSs.
Step 11700: Added 0 GSs. Now having 8000000 GSs.
Step 11800: Relocated 381219 GSs.
Step 11800: Added 0 GSs. Now having 8000000 GSs.
Step 11900: Relocated 373245 GSs.
Step 11900: Added 0 GSs. Now having 8000000 GSs.
Step 12000: Relocated 375732 GSs.
Step 12000: Added 0 GSs. Now having 8000000 GSs.
[12000] loss 0.0749 l1 0.0430 ssim 0.8039 N 8000000
Step 12100: Relocated 387580 GSs.
Step 12100: Added 0 GSs. Now having 8000000 GSs.
Step 12200: Relocated 390030 GSs.
Step 12200: Added 0 GSs. Now having 8000000 GSs.
Step 12300: Relocated 379755 GSs.
Step 12300: Added 0 GSs. Now having 8000000 GSs.
Step 12400: Relocated 369196 GSs.
Step 12400: Added 0 GSs. Now having 8000000 GSs.
Step 12500: Relocated 368399 GSs.
Step 12500: Added 0 GSs. Now having 8000000 GSs.
Step 12600: Relocated 366520 GSs.
Step 12600: Added 0 GSs. Now having 8000000 GSs.
Step 12700: Relocated 389100 GSs.
Step 12700: Added 0 GSs. Now having 8000000 GSs.
Step 12800: Relocated 427021 GSs.
Step 12800: Added 0 GSs. Now having 8000000 GSs.
Step 12900: Relocated 393642 GSs.
Step 12900: Added 0 GSs. Now having 8000000 GSs.
Step 13000: Relocated 423105 GSs.
Step 13000: Added 0 GSs. Now having 8000000 GSs.
[13000] loss 0.0953 l1 0.0514 ssim 0.7358 N 8000000
Step 13100: Relocated 423992 GSs.
Step 13100: Added 0 GSs. Now having 8000000 GSs.
Step 13200: Relocated 390881 GSs.
Step 13200: Added 0 GSs. Now having 8000000 GSs.
Step 13300: Relocated 402230 GSs.
Step 13300: Added 0 GSs. Now having 8000000 GSs.
Step 13400: Relocated 416202 GSs.
Step 13400: Added 0 GSs. Now having 8000000 GSs.
Step 13500: Relocated 408931 GSs.
Step 13500: Added 0 GSs. Now having 8000000 GSs.
Step 13600: Relocated 411725 GSs.
Step 13600: Added 0 GSs. Now having 8000000 GSs.
Step 13700: Relocated 438073 GSs.
Step 13700: Added 0 GSs. Now having 8000000 GSs.
Step 13800: Relocated 411286 GSs.
Step 13800: Added 0 GSs. Now having 8000000 GSs.
Step 13900: Relocated 397714 GSs.
Step 13900: Added 0 GSs. Now having 8000000 GSs.
Step 14000: Relocated 427628 GSs.
Step 14000: Added 0 GSs. Now having 8000000 GSs.
[14000] loss 0.0853 l1 0.0504 ssim 0.7814 N 8000000
Step 14100: Relocated 395481 GSs.
Step 14100: Added 0 GSs. Now having 8000000 GSs.
Step 14200: Relocated 406059 GSs.
Step 14200: Added 0 GSs. Now having 8000000 GSs.
Step 14300: Relocated 368438 GSs.
Step 14300: Added 0 GSs. Now having 8000000 GSs.
Step 14400: Relocated 382878 GSs.
Step 14400: Added 0 GSs. Now having 8000000 GSs.
Step 14500: Relocated 386980 GSs.
Step 14500: Added 0 GSs. Now having 8000000 GSs.
Step 14600: Relocated 395059 GSs.
Step 14600: Added 0 GSs. Now having 8000000 GSs.
Step 14700: Relocated 415619 GSs.
Step 14700: Added 0 GSs. Now having 8000000 GSs.
Step 14800: Relocated 416674 GSs.
Step 14800: Added 0 GSs. Now having 8000000 GSs.
Step 14900: Relocated 385270 GSs.
Step 14900: Added 0 GSs. Now having 8000000 GSs.
Step 15000: Relocated 391743 GSs.
Step 15000: Added 0 GSs. Now having 8000000 GSs.
[15000] loss 0.0725 l1 0.0431 ssim 0.8163 N 8000000
Step 15100: Relocated 421958 GSs.
Step 15100: Added 0 GSs. Now having 8000000 GSs.
Step 15200: Relocated 409868 GSs.
Step 15200: Added 0 GSs. Now having 8000000 GSs.
Step 15300: Relocated 408345 GSs.
Step 15300: Added 0 GSs. Now having 8000000 GSs.
Step 15400: Relocated 396775 GSs.
Step 15400: Added 0 GSs. Now having 8000000 GSs.
Step 15500: Relocated 411170 GSs.
Step 15500: Added 0 GSs. Now having 8000000 GSs.
Step 15600: Relocated 405964 GSs.
Step 15600: Added 0 GSs. Now having 8000000 GSs.
Step 15700: Relocated 404751 GSs.
Step 15700: Added 0 GSs. Now having 8000000 GSs.
Step 15800: Relocated 375166 GSs.
Step 15800: Added 0 GSs. Now having 8000000 GSs.
Step 15900: Relocated 420005 GSs.
Step 15900: Added 0 GSs. Now having 8000000 GSs.
Step 16000: Relocated 386753 GSs.
Step 16000: Added 0 GSs. Now having 8000000 GSs.
[16000] loss 0.0850 l1 0.0502 ssim 0.7827 N 8000000
Step 16100: Relocated 386850 GSs.
Step 16100: Added 0 GSs. Now having 8000000 GSs.
Step 16200: Relocated 400451 GSs.
Step 16200: Added 0 GSs. Now having 8000000 GSs.
Step 16300: Relocated 428483 GSs.
Step 16300: Added 0 GSs. Now having 8000000 GSs.
Step 16400: Relocated 439576 GSs.
Step 16400: Added 0 GSs. Now having 8000000 GSs.
Step 16500: Relocated 418543 GSs.
Step 16500: Added 0 GSs. Now having 8000000 GSs.
Step 16600: Relocated 390316 GSs.
Step 16600: Added 0 GSs. Now having 8000000 GSs.
Step 16700: Relocated 373961 GSs.
Step 16700: Added 0 GSs. Now having 8000000 GSs.
Step 16800: Relocated 378106 GSs.
Step 16800: Added 0 GSs. Now having 8000000 GSs.
Step 16900: Relocated 380232 GSs.
Step 16900: Added 0 GSs. Now having 8000000 GSs.
Step 17000: Relocated 401149 GSs.
Step 17000: Added 0 GSs. Now having 8000000 GSs.
[17000] loss 0.0769 l1 0.0478 ssim 0.8136 N 8000000
Step 17100: Relocated 369586 GSs.
Step 17100: Added 0 GSs. Now having 8000000 GSs.
Step 17200: Relocated 389463 GSs.
Step 17200: Added 0 GSs. Now having 8000000 GSs.
Step 17300: Relocated 395001 GSs.
Step 17300: Added 0 GSs. Now having 8000000 GSs.
Step 17400: Relocated 396380 GSs.
Step 17400: Added 0 GSs. Now having 8000000 GSs.
Step 17500: Relocated 378534 GSs.
Step 17500: Added 0 GSs. Now having 8000000 GSs.
Step 17600: Relocated 387055 GSs.
Step 17600: Added 0 GSs. Now having 8000000 GSs.
Step 17700: Relocated 385384 GSs.
Step 17700: Added 0 GSs. Now having 8000000 GSs.
Step 17800: Relocated 397149 GSs.
Step 17800: Added 0 GSs. Now having 8000000 GSs.
Step 17900: Relocated 406216 GSs.
Step 17900: Added 0 GSs. Now having 8000000 GSs.
Step 18000: Relocated 385433 GSs.
Step 18000: Added 0 GSs. Now having 8000000 GSs.
[18000] loss 0.0668 l1 0.0435 ssim 0.8468 N 8000000
Step 18100: Relocated 367768 GSs.
Step 18100: Added 0 GSs. Now having 8000000 GSs.
Step 18200: Relocated 361961 GSs.
Step 18200: Added 0 GSs. Now having 8000000 GSs.
Step 18300: Relocated 365068 GSs.
Step 18300: Added 0 GSs. Now having 8000000 GSs.
Step 18400: Relocated 362808 GSs.
Step 18400: Added 0 GSs. Now having 8000000 GSs.
Step 18500: Relocated 361257 GSs.
Step 18500: Added 0 GSs. Now having 8000000 GSs.
Step 18600: Relocated 360735 GSs.
Step 18600: Added 0 GSs. Now having 8000000 GSs.
Step 18700: Relocated 348290 GSs.
Step 18700: Added 0 GSs. Now having 8000000 GSs.
Step 18800: Relocated 380655 GSs.
Step 18800: Added 0 GSs. Now having 8000000 GSs.
Step 18900: Relocated 393072 GSs.
Step 18900: Added 0 GSs. Now having 8000000 GSs.
Step 19000: Relocated 375035 GSs.
Step 19000: Added 0 GSs. Now having 8000000 GSs.
[19000] loss 0.0766 l1 0.0438 ssim 0.7992 N 8000000
Step 19100: Relocated 373546 GSs.
Step 19100: Added 0 GSs. Now having 8000000 GSs.
Step 19200: Relocated 384429 GSs.
Step 19200: Added 0 GSs. Now having 8000000 GSs.
Step 19300: Relocated 370675 GSs.
Step 19300: Added 0 GSs. Now having 8000000 GSs.
Step 19400: Relocated 392857 GSs.
Step 19400: Added 0 GSs. Now having 8000000 GSs.
Step 19500: Relocated 411950 GSs.
Step 19500: Added 0 GSs. Now having 8000000 GSs.
Step 19600: Relocated 389740 GSs.
Step 19600: Added 0 GSs. Now having 8000000 GSs.
Step 19700: Relocated 378299 GSs.
Step 19700: Added 0 GSs. Now having 8000000 GSs.
Step 19800: Relocated 366715 GSs.
Step 19800: Added 0 GSs. Now having 8000000 GSs.
Step 19900: Relocated 368212 GSs.
Step 19900: Added 0 GSs. Now having 8000000 GSs.
Step 20000: Relocated 377819 GSs.
Step 20000: Added 0 GSs. Now having 8000000 GSs.
[20000] loss 0.0861 l1 0.0518 ssim 0.7838 N 8000000
Step 20100: Relocated 367726 GSs.
Step 20100: Added 0 GSs. Now having 8000000 GSs.
Step 20200: Relocated 363339 GSs.
Step 20200: Added 0 GSs. Now having 8000000 GSs.
Step 20300: Relocated 384372 GSs.
Step 20300: Added 0 GSs. Now having 8000000 GSs.
Step 20400: Relocated 351762 GSs.
Step 20400: Added 0 GSs. Now having 8000000 GSs.
Step 20500: Relocated 380730 GSs.
Step 20500: Added 0 GSs. Now having 8000000 GSs.
Step 20600: Relocated 399558 GSs.
Step 20600: Added 0 GSs. Now having 8000000 GSs.
Step 20700: Relocated 390011 GSs.
Step 20700: Added 0 GSs. Now having 8000000 GSs.
Step 20800: Relocated 397429 GSs.
Step 20800: Added 0 GSs. Now having 8000000 GSs.
Step 20900: Relocated 386801 GSs.
Step 20900: Added 0 GSs. Now having 8000000 GSs.
Step 21000: Relocated 391740 GSs.
Step 21000: Added 0 GSs. Now having 8000000 GSs.
[21000] loss 0.0711 l1 0.0437 ssim 0.8263 N 8000000
Step 21100: Relocated 386911 GSs.
Step 21100: Added 0 GSs. Now having 8000000 GSs.
Step 21200: Relocated 378319 GSs.
Step 21200: Added 0 GSs. Now having 8000000 GSs.
Step 21300: Relocated 405874 GSs.
Step 21300: Added 0 GSs. Now having 8000000 GSs.
Step 21400: Relocated 348505 GSs.
Step 21400: Added 0 GSs. Now having 8000000 GSs.
Step 21500: Relocated 351658 GSs.
Step 21500: Added 0 GSs. Now having 8000000 GSs.
Step 21600: Relocated 366999 GSs.
Step 21600: Added 0 GSs. Now having 8000000 GSs.
Step 21700: Relocated 363843 GSs.
Step 21700: Added 0 GSs. Now having 8000000 GSs.
Step 21800: Relocated 379800 GSs.
Step 21800: Added 0 GSs. Now having 8000000 GSs.
Step 21900: Relocated 393958 GSs.
Step 21900: Added 0 GSs. Now having 8000000 GSs.
Step 22000: Relocated 398278 GSs.
Step 22000: Added 0 GSs. Now having 8000000 GSs.
[22000] loss 0.0776 l1 0.0454 ssim 0.8003 N 8000000
Step 22100: Relocated 395418 GSs.
Step 22100: Added 0 GSs. Now having 8000000 GSs.
Step 22200: Relocated 391586 GSs.
Step 22200: Added 0 GSs. Now having 8000000 GSs.
Step 22300: Relocated 365571 GSs.
Step 22300: Added 0 GSs. Now having 8000000 GSs.
Step 22400: Relocated 369675 GSs.
Step 22400: Added 0 GSs. Now having 8000000 GSs.
Step 22500: Relocated 350368 GSs.
Step 22500: Added 0 GSs. Now having 8000000 GSs.
Step 22600: Relocated 358548 GSs.
Step 22600: Added 0 GSs. Now having 8000000 GSs.
Step 22700: Relocated 341964 GSs.
Step 22700: Added 0 GSs. Now having 8000000 GSs.
Step 22800: Relocated 361066 GSs.
Step 22800: Added 0 GSs. Now having 8000000 GSs.
Step 22900: Relocated 376643 GSs.
Step 22900: Added 0 GSs. Now having 8000000 GSs.
Step 23000: Relocated 365058 GSs.
Step 23000: Added 0 GSs. Now having 8000000 GSs.
[23000] loss 0.0946 l1 0.0537 ssim 0.7489 N 8000000
Step 23100: Relocated 333481 GSs.
Step 23100: Added 0 GSs. Now having 8000000 GSs.
Step 23200: Relocated 365592 GSs.
Step 23200: Added 0 GSs. Now having 8000000 GSs.
Step 23300: Relocated 343602 GSs.
Step 23300: Added 0 GSs. Now having 8000000 GSs.
Step 23400: Relocated 345296 GSs.
Step 23400: Added 0 GSs. Now having 8000000 GSs.
Step 23500: Relocated 372653 GSs.
Step 23500: Added 0 GSs. Now having 8000000 GSs.
Step 23600: Relocated 357880 GSs.
Step 23600: Added 0 GSs. Now having 8000000 GSs.
Step 23700: Relocated 332791 GSs.
Step 23700: Added 0 GSs. Now having 8000000 GSs.
Step 23800: Relocated 349187 GSs.
Step 23800: Added 0 GSs. Now having 8000000 GSs.
Step 23900: Relocated 347455 GSs.
Step 23900: Added 0 GSs. Now having 8000000 GSs.
Step 24000: Relocated 365210 GSs.
Step 24000: Added 0 GSs. Now having 8000000 GSs.
[24000] loss 0.0712 l1 0.0436 ssim 0.8257 N 8000000
Step 24100: Relocated 357310 GSs.
Step 24100: Added 0 GSs. Now having 8000000 GSs.
Step 24200: Relocated 365387 GSs.
Step 24200: Added 0 GSs. Now having 8000000 GSs.
Step 24300: Relocated 348793 GSs.
Step 24300: Added 0 GSs. Now having 8000000 GSs.
Step 24400: Relocated 353927 GSs.
Step 24400: Added 0 GSs. Now having 8000000 GSs.
Step 24500: Relocated 358602 GSs.
Step 24500: Added 0 GSs. Now having 8000000 GSs.
Step 24600: Relocated 341102 GSs.
Step 24600: Added 0 GSs. Now having 8000000 GSs.
Step 24700: Relocated 345882 GSs.
Step 24700: Added 0 GSs. Now having 8000000 GSs.
Step 24800: Relocated 336739 GSs.
Step 24800: Added 0 GSs. Now having 8000000 GSs.
Step 24900: Relocated 356159 GSs.
Step 24900: Added 0 GSs. Now having 8000000 GSs.
Step 25000: Relocated 343057 GSs.
Step 25000: Added 0 GSs. Now having 8000000 GSs.
[25000] loss 0.0743 l1 0.0501 ssim 0.8360 N 8000000
Step 25100: Relocated 353547 GSs.
Step 25100: Added 0 GSs. Now having 8000000 GSs.
Step 25200: Relocated 379785 GSs.
Step 25200: Added 0 GSs. Now having 8000000 GSs.
Step 25300: Relocated 368096 GSs.
Step 25300: Added 0 GSs. Now having 8000000 GSs.
Step 25400: Relocated 376237 GSs.
Step 25400: Added 0 GSs. Now having 8000000 GSs.
Step 25500: Relocated 368908 GSs.
Step 25500: Added 0 GSs. Now having 8000000 GSs.
Step 25600: Relocated 336601 GSs.
Step 25600: Added 0 GSs. Now having 8000000 GSs.
Step 25700: Relocated 335160 GSs.
Step 25700: Added 0 GSs. Now having 8000000 GSs.
Step 25800: Relocated 356262 GSs.
Step 25800: Added 0 GSs. Now having 8000000 GSs.
Step 25900: Relocated 350220 GSs.
Step 25900: Added 0 GSs. Now having 8000000 GSs.
Step 26000: Relocated 367419 GSs.
Step 26000: Added 0 GSs. Now having 8000000 GSs.
[26000] loss 0.0697 l1 0.0418 ssim 0.8259 N 8000000
Step 26100: Relocated 363663 GSs.
Step 26100: Added 0 GSs. Now having 8000000 GSs.
Step 26200: Relocated 352104 GSs.
Step 26200: Added 0 GSs. Now having 8000000 GSs.
Step 26300: Relocated 341233 GSs.
Step 26300: Added 0 GSs. Now having 8000000 GSs.
Step 26400: Relocated 350596 GSs.
Step 26400: Added 0 GSs. Now having 8000000 GSs.
Step 26500: Relocated 327838 GSs.
Step 26500: Added 0 GSs. Now having 8000000 GSs.
Step 26600: Relocated 339094 GSs.
Step 26600: Added 0 GSs. Now having 8000000 GSs.
Step 26700: Relocated 331571 GSs.
Step 26700: Added 0 GSs. Now having 8000000 GSs.
Step 26800: Relocated 336844 GSs.
Step 26800: Added 0 GSs. Now having 8000000 GSs.
Step 26900: Relocated 316421 GSs.
Step 26900: Added 0 GSs. Now having 8000000 GSs.
Step 27000: Relocated 318259 GSs.
Step 27000: Added 0 GSs. Now having 8000000 GSs.
[27000] loss 0.0605 l1 0.0390 ssim 0.8607 N 8000000
Step 27100: Relocated 333517 GSs.
Step 27100: Added 0 GSs. Now having 8000000 GSs.
Step 27200: Relocated 314115 GSs.
Step 27200: Added 0 GSs. Now having 8000000 GSs.
Step 27300: Relocated 313043 GSs.
Step 27300: Added 0 GSs. Now having 8000000 GSs.
Step 27400: Relocated 336841 GSs.
Step 27400: Added 0 GSs. Now having 8000000 GSs.
Step 27500: Relocated 324123 GSs.
Step 27500: Added 0 GSs. Now having 8000000 GSs.
Step 27600: Relocated 326341 GSs.
Step 27600: Added 0 GSs. Now having 8000000 GSs.
Step 27700: Relocated 340386 GSs.
Step 27700: Added 0 GSs. Now having 8000000 GSs.
Step 27800: Relocated 349416 GSs.
Step 27800: Added 0 GSs. Now having 8000000 GSs.
Step 27900: Relocated 329211 GSs.
Step 27900: Added 0 GSs. Now having 8000000 GSs.
Step 28000: Relocated 298782 GSs.
Step 28000: Added 0 GSs. Now having 8000000 GSs.
[28000] loss 0.1234 l1 0.0835 ssim 0.7246 N 8000000
Step 28100: Relocated 316997 GSs.
Step 28100: Added 0 GSs. Now having 8000000 GSs.
Step 28200: Relocated 327487 GSs.
Step 28200: Added 0 GSs. Now having 8000000 GSs.
Step 28300: Relocated 314518 GSs.
Step 28300: Added 0 GSs. Now having 8000000 GSs.
Step 28400: Relocated 306001 GSs.
Step 28400: Added 0 GSs. Now having 8000000 GSs.
Step 28500: Relocated 330728 GSs.
Step 28500: Added 0 GSs. Now having 8000000 GSs.
Step 28600: Relocated 314828 GSs.
Step 28600: Added 0 GSs. Now having 8000000 GSs.
Step 28700: Relocated 321010 GSs.
Step 28700: Added 0 GSs. Now having 8000000 GSs.
Step 28800: Relocated 301999 GSs.
Step 28800: Added 0 GSs. Now having 8000000 GSs.
Step 28900: Relocated 301778 GSs.
Step 28900: Added 0 GSs. Now having 8000000 GSs.
Step 29000: Relocated 320197 GSs.
Step 29000: Added 0 GSs. Now having 8000000 GSs.
[29000] loss 0.0504 l1 0.0339 ssim 0.8910 N 8000000
Step 29100: Relocated 327412 GSs.
Step 29100: Added 0 GSs. Now having 8000000 GSs.
Step 29200: Relocated 328992 GSs.
Step 29200: Added 0 GSs. Now having 8000000 GSs.
Step 29300: Relocated 324061 GSs.
Step 29300: Added 0 GSs. Now having 8000000 GSs.
Step 29400: Relocated 328313 GSs.
Step 29400: Added 0 GSs. Now having 8000000 GSs.
Step 29500: Relocated 327398 GSs.
Step 29500: Added 0 GSs. Now having 8000000 GSs.
Step 29600: Relocated 310814 GSs.
Step 29600: Added 0 GSs. Now having 8000000 GSs.
Step 29700: Relocated 334431 GSs.
Step 29700: Added 0 GSs. Now having 8000000 GSs.
Step 29800: Relocated 323054 GSs.
Step 29800: Added 0 GSs. Now having 8000000 GSs.
Step 29900: Relocated 301197 GSs.
Step 29900: Added 0 GSs. Now having 8000000 GSs.
Step 30000: Relocated 308670 GSs.
Step 30000: Added 0 GSs. Now having 8000000 GSs.
[30000] loss 0.0547 l1 0.0352 ssim 0.8747 N 8000000
Step 30100: Relocated 317541 GSs.
Step 30100: Added 0 GSs. Now having 8000000 GSs.
Step 30200: Relocated 310236 GSs.
Step 30200: Added 0 GSs. Now having 8000000 GSs.
Step 30300: Relocated 307002 GSs.
Step 30300: Added 0 GSs. Now having 8000000 GSs.
Step 30400: Relocated 296489 GSs.
Step 30400: Added 0 GSs. Now having 8000000 GSs.
Step 30500: Relocated 293210 GSs.
Step 30500: Added 0 GSs. Now having 8000000 GSs.
Step 30600: Relocated 314016 GSs.
Step 30600: Added 0 GSs. Now having 8000000 GSs.
Step 30700: Relocated 303652 GSs.
Step 30700: Added 0 GSs. Now having 8000000 GSs.
Step 30800: Relocated 296204 GSs.
Step 30800: Added 0 GSs. Now having 8000000 GSs.
Step 30900: Relocated 301470 GSs.
Step 30900: Added 0 GSs. Now having 8000000 GSs.
Step 31000: Relocated 293244 GSs.
Step 31000: Added 0 GSs. Now having 8000000 GSs.
[31000] loss 0.0571 l1 0.0359 ssim 0.8660 N 8000000
Step 31100: Relocated 305308 GSs.
Step 31100: Added 0 GSs. Now having 8000000 GSs.
Step 31200: Relocated 291938 GSs.
Step 31200: Added 0 GSs. Now having 8000000 GSs.
Step 31300: Relocated 279663 GSs.
Step 31300: Added 0 GSs. Now having 8000000 GSs.
Step 31400: Relocated 303414 GSs.
Step 31400: Added 0 GSs. Now having 8000000 GSs.
Step 31500: Relocated 284060 GSs.
Step 31500: Added 0 GSs. Now having 8000000 GSs.
Step 31600: Relocated 284243 GSs.
Step 31600: Added 0 GSs. Now having 8000000 GSs.
Step 31700: Relocated 293510 GSs.
Step 31700: Added 0 GSs. Now having 8000000 GSs.
Step 31800: Relocated 315278 GSs.
Step 31800: Added 0 GSs. Now having 8000000 GSs.
Step 31900: Relocated 287735 GSs.
Step 31900: Added 0 GSs. Now having 8000000 GSs.
Step 32000: Relocated 278551 GSs.
Step 32000: Added 0 GSs. Now having 8000000 GSs.
[32000] loss 0.0495 l1 0.0335 ssim 0.8944 N 8000000
Step 32100: Relocated 276597 GSs.
Step 32100: Added 0 GSs. Now having 8000000 GSs.
Step 32200: Relocated 293094 GSs.
Step 32200: Added 0 GSs. Now having 8000000 GSs.
Step 32300: Relocated 266465 GSs.
Step 32300: Added 0 GSs. Now having 8000000 GSs.
Step 32400: Relocated 264818 GSs.
Step 32400: Added 0 GSs. Now having 8000000 GSs.
Step 32500: Relocated 279874 GSs.
Step 32500: Added 0 GSs. Now having 8000000 GSs.
Step 32600: Relocated 291009 GSs.
Step 32600: Added 0 GSs. Now having 8000000 GSs.
Step 32700: Relocated 273127 GSs.
Step 32700: Added 0 GSs. Now having 8000000 GSs.
Step 32800: Relocated 274216 GSs.
Step 32800: Added 0 GSs. Now having 8000000 GSs.
Step 32900: Relocated 267615 GSs.
Step 32900: Added 0 GSs. Now having 8000000 GSs.
Step 33000: Relocated 285524 GSs.
Step 33000: Added 0 GSs. Now having 8000000 GSs.
[33000] loss 0.0486 l1 0.0325 ssim 0.8947 N 8000000
Step 33100: Relocated 288812 GSs.
Step 33100: Added 0 GSs. Now having 8000000 GSs.
Step 33200: Relocated 279848 GSs.
Step 33200: Added 0 GSs. Now having 8000000 GSs.
Step 33300: Relocated 264870 GSs.
Step 33300: Added 0 GSs. Now having 8000000 GSs.
Step 33400: Relocated 267649 GSs.
Step 33400: Added 0 GSs. Now having 8000000 GSs.
Step 33500: Relocated 283620 GSs.
Step 33500: Added 0 GSs. Now having 8000000 GSs.
Step 33600: Relocated 284363 GSs.
Step 33600: Added 0 GSs. Now having 8000000 GSs.
Step 33700: Relocated 290792 GSs.
Step 33700: Added 0 GSs. Now having 8000000 GSs.
Step 33800: Relocated 276384 GSs.
Step 33800: Added 0 GSs. Now having 8000000 GSs.
Step 33900: Relocated 265244 GSs.
Step 33900: Added 0 GSs. Now having 8000000 GSs.
Step 34000: Relocated 264903 GSs.
Step 34000: Added 0 GSs. Now having 8000000 GSs.
[34000] loss 0.0701 l1 0.0424 ssim 0.8274 N 8000000
Step 34100: Relocated 292188 GSs.
Step 34100: Added 0 GSs. Now having 8000000 GSs.
Step 34200: Relocated 271420 GSs.
Step 34200: Added 0 GSs. Now having 8000000 GSs.
Step 34300: Relocated 253937 GSs.
Step 34300: Added 0 GSs. Now having 8000000 GSs.
Step 34400: Relocated 257464 GSs.
Step 34400: Added 0 GSs. Now having 8000000 GSs.
Step 34500: Relocated 259085 GSs.
Step 34500: Added 0 GSs. Now having 8000000 GSs.
Step 34600: Relocated 261237 GSs.
Step 34600: Added 0 GSs. Now having 8000000 GSs.
Step 34700: Relocated 274680 GSs.
Step 34700: Added 0 GSs. Now having 8000000 GSs.
Step 34800: Relocated 271768 GSs.
Step 34800: Added 0 GSs. Now having 8000000 GSs.
Step 34900: Relocated 262599 GSs.
Step 34900: Added 0 GSs. Now having 8000000 GSs.
Step 35000: Relocated 271660 GSs.
Step 35000: Added 0 GSs. Now having 8000000 GSs.
[35000] loss 0.0506 l1 0.0336 ssim 0.8893 N 8000000
Step 35100: Relocated 262040 GSs.
Step 35100: Added 0 GSs. Now having 8000000 GSs.
Step 35200: Relocated 260214 GSs.
Step 35200: Added 0 GSs. Now having 8000000 GSs.
Step 35300: Relocated 248486 GSs.
Step 35300: Added 0 GSs. Now having 8000000 GSs.
Step 35400: Relocated 259486 GSs.
Step 35400: Added 0 GSs. Now having 8000000 GSs.
Step 35500: Relocated 258326 GSs.
Step 35500: Added 0 GSs. Now having 8000000 GSs.
Step 35600: Relocated 265352 GSs.
Step 35600: Added 0 GSs. Now having 8000000 GSs.
Step 35700: Relocated 248214 GSs.
Step 35700: Added 0 GSs. Now having 8000000 GSs.
Step 35800: Relocated 244554 GSs.
Step 35800: Added 0 GSs. Now having 8000000 GSs.
Step 35900: Relocated 239251 GSs.
Step 35900: Added 0 GSs. Now having 8000000 GSs.
Step 36000: Relocated 252343 GSs.
Step 36000: Added 0 GSs. Now having 8000000 GSs.
[36000] loss 0.0635 l1 0.0367 ssim 0.8378 N 8000000
Step 36100: Relocated 250701 GSs.
Step 36100: Added 0 GSs. Now having 8000000 GSs.
Step 36200: Relocated 287559 GSs.
Step 36200: Added 0 GSs. Now having 8000000 GSs.
Step 36300: Relocated 283131 GSs.
Step 36300: Added 0 GSs. Now having 8000000 GSs.
Step 36400: Relocated 264759 GSs.
Step 36400: Added 0 GSs. Now having 8000000 GSs.
Step 36500: Relocated 251688 GSs.
Step 36500: Added 0 GSs. Now having 8000000 GSs.
Step 36600: Relocated 245643 GSs.
Step 36600: Added 0 GSs. Now having 8000000 GSs.
Step 36700: Relocated 242393 GSs.
Step 36700: Added 0 GSs. Now having 8000000 GSs.
Step 36800: Relocated 229976 GSs.
Step 36800: Added 0 GSs. Now having 8000000 GSs.
Step 36900: Relocated 217477 GSs.
Step 36900: Added 0 GSs. Now having 8000000 GSs.
Step 37000: Relocated 218907 GSs.
Step 37000: Added 0 GSs. Now having 8000000 GSs.
[37000] loss 0.0555 l1 0.0377 ssim 0.8820 N 8000000
Step 37100: Relocated 220310 GSs.
Step 37100: Added 0 GSs. Now having 8000000 GSs.
Step 37200: Relocated 228032 GSs.
Step 37200: Added 0 GSs. Now having 8000000 GSs.
Step 37300: Relocated 226531 GSs.
Step 37300: Added 0 GSs. Now having 8000000 GSs.
Step 37400: Relocated 236075 GSs.
Step 37400: Added 0 GSs. Now having 8000000 GSs.
Step 37500: Relocated 233405 GSs.
Step 37500: Added 0 GSs. Now having 8000000 GSs.
Step 37600: Relocated 234180 GSs.
Step 37600: Added 0 GSs. Now having 8000000 GSs.
Step 37700: Relocated 232648 GSs.
Step 37700: Added 0 GSs. Now having 8000000 GSs.
Step 37800: Relocated 239457 GSs.
Step 37800: Added 0 GSs. Now having 8000000 GSs.
Step 37900: Relocated 237245 GSs.
Step 37900: Added 0 GSs. Now having 8000000 GSs.
Step 38000: Relocated 237691 GSs.
Step 38000: Added 0 GSs. Now having 8000000 GSs.
[38000] loss 0.0605 l1 0.0370 ssim 0.8539 N 8000000
Step 38100: Relocated 231323 GSs.
Step 38100: Added 0 GSs. Now having 8000000 GSs.
Step 38200: Relocated 216658 GSs.
Step 38200: Added 0 GSs. Now having 8000000 GSs.
Step 38300: Relocated 208892 GSs.
Step 38300: Added 0 GSs. Now having 8000000 GSs.
Step 38400: Relocated 216922 GSs.
Step 38400: Added 0 GSs. Now having 8000000 GSs.
Step 38500: Relocated 226752 GSs.
Step 38500: Added 0 GSs. Now having 8000000 GSs.
Step 38600: Relocated 219812 GSs.
Step 38600: Added 0 GSs. Now having 8000000 GSs.
Step 38700: Relocated 207346 GSs.
Step 38700: Added 0 GSs. Now having 8000000 GSs.
Step 38800: Relocated 220445 GSs.
Step 38800: Added 0 GSs. Now having 8000000 GSs.
Step 38900: Relocated 226954 GSs.
Step 38900: Added 0 GSs. Now having 8000000 GSs.
Step 39000: Relocated 205598 GSs.
Step 39000: Added 0 GSs. Now having 8000000 GSs.
[39000] loss 0.0947 l1 0.0591 ssim 0.7714 N 8000000
Step 39100: Relocated 200148 GSs.
Step 39100: Added 0 GSs. Now having 8000000 GSs.
Step 39200: Relocated 206524 GSs.
Step 39200: Added 0 GSs. Now having 8000000 GSs.
Step 39300: Relocated 212596 GSs.
Step 39300: Added 0 GSs. Now having 8000000 GSs.
Step 39400: Relocated 217591 GSs.
Step 39400: Added 0 GSs. Now having 8000000 GSs.
Step 39500: Relocated 217006 GSs.
Step 39500: Added 0 GSs. Now having 8000000 GSs.
Step 39600: Relocated 208826 GSs.
Step 39600: Added 0 GSs. Now having 8000000 GSs.
Step 39700: Relocated 206367 GSs.
Step 39700: Added 0 GSs. Now having 8000000 GSs.
Step 39800: Relocated 204282 GSs.
Step 39800: Added 0 GSs. Now having 8000000 GSs.
Step 39900: Relocated 197671 GSs.
Step 39900: Added 0 GSs. Now having 8000000 GSs.
Step 40000: Relocated 208518 GSs.
Step 40000: Added 0 GSs. Now having 8000000 GSs.
[40000] loss 0.0436 l1 0.0280 ssim 0.9025 N 8000000
Step 40100: Relocated 212591 GSs.
Step 40100: Added 0 GSs. Now having 8000000 GSs.
Step 40200: Relocated 197144 GSs.
Step 40200: Added 0 GSs. Now having 8000000 GSs.
Step 40300: Relocated 199971 GSs.
Step 40300: Added 0 GSs. Now having 8000000 GSs.
Step 40400: Relocated 210546 GSs.
Step 40400: Added 0 GSs. Now having 8000000 GSs.
Step 40500: Relocated 193540 GSs.
Step 40500: Added 0 GSs. Now having 8000000 GSs.
Step 40600: Relocated 196722 GSs.
Step 40600: Added 0 GSs. Now having 8000000 GSs.
Step 40700: Relocated 181142 GSs.
Step 40700: Added 0 GSs. Now having 8000000 GSs.
Step 40800: Relocated 195686 GSs.
Step 40800: Added 0 GSs. Now having 8000000 GSs.
Step 40900: Relocated 176764 GSs.
Step 40900: Added 0 GSs. Now having 8000000 GSs.
Step 41000: Relocated 178045 GSs.
Step 41000: Added 0 GSs. Now having 8000000 GSs.
[41000] loss 0.0760 l1 0.0488 ssim 0.8239 N 8000000
Step 41100: Relocated 186497 GSs.
Step 41100: Added 0 GSs. Now having 8000000 GSs.
Step 41200: Relocated 181371 GSs.
Step 41200: Added 0 GSs. Now having 8000000 GSs.
Step 41300: Relocated 192192 GSs.
Step 41300: Added 0 GSs. Now having 8000000 GSs.
Step 41400: Relocated 182344 GSs.
Step 41400: Added 0 GSs. Now having 8000000 GSs.
Step 41500: Relocated 189043 GSs.
Step 41500: Added 0 GSs. Now having 8000000 GSs.
Step 41600: Relocated 193461 GSs.
Step 41600: Added 0 GSs. Now having 8000000 GSs.
Step 41700: Relocated 189523 GSs.
Step 41700: Added 0 GSs. Now having 8000000 GSs.
Step 41800: Relocated 192466 GSs.
Step 41800: Added 0 GSs. Now having 8000000 GSs.
Step 41900: Relocated 187913 GSs.
Step 41900: Added 0 GSs. Now having 8000000 GSs.
Step 42000: Relocated 193195 GSs.
Step 42000: Added 0 GSs. Now having 8000000 GSs.
[42000] loss 0.0506 l1 0.0346 ssim 0.8943 N 8000000
Step 42100: Relocated 191935 GSs.
Step 42100: Added 0 GSs. Now having 8000000 GSs.
Step 42200: Relocated 183874 GSs.
Step 42200: Added 0 GSs. Now having 8000000 GSs.
Step 42300: Relocated 168744 GSs.
Step 42300: Added 0 GSs. Now having 8000000 GSs.
Step 42400: Relocated 173856 GSs.
Step 42400: Added 0 GSs. Now having 8000000 GSs.
Step 42500: Relocated 172090 GSs.
Step 42500: Added 0 GSs. Now having 8000000 GSs.
Step 42600: Relocated 168826 GSs.
Step 42600: Added 0 GSs. Now having 8000000 GSs.
Step 42700: Relocated 172767 GSs.
Step 42700: Added 0 GSs. Now having 8000000 GSs.
Step 42800: Relocated 169603 GSs.
Step 42800: Added 0 GSs. Now having 8000000 GSs.
Step 42900: Relocated 178670 GSs.
Step 42900: Added 0 GSs. Now having 8000000 GSs.
Step 43000: Relocated 156888 GSs.
Step 43000: Added 0 GSs. Now having 8000000 GSs.
[43000] loss 0.0459 l1 0.0301 ssim 0.8999 N 8000000
Step 43100: Relocated 162883 GSs.
Step 43100: Added 0 GSs. Now having 8000000 GSs.
Step 43200: Relocated 168627 GSs.
Step 43200: Added 0 GSs. Now having 8000000 GSs.
Step 43300: Relocated 167512 GSs.
Step 43300: Added 0 GSs. Now having 8000000 GSs.
Step 43400: Relocated 157252 GSs.
Step 43400: Added 0 GSs. Now having 8000000 GSs.
Step 43500: Relocated 163384 GSs.
Step 43500: Added 0 GSs. Now having 8000000 GSs.
Step 43600: Relocated 168002 GSs.
Step 43600: Added 0 GSs. Now having 8000000 GSs.
Step 43700: Relocated 167024 GSs.
Step 43700: Added 0 GSs. Now having 8000000 GSs.
Step 43800: Relocated 170802 GSs.
Step 43800: Added 0 GSs. Now having 8000000 GSs.
Step 43900: Relocated 157378 GSs.
Step 43900: Added 0 GSs. Now having 8000000 GSs.
Step 44000: Relocated 161145 GSs.
Step 44000: Added 0 GSs. Now having 8000000 GSs.
[44000] loss 0.0439 l1 0.0284 ssim 0.9032 N 8000000
Step 44100: Relocated 155120 GSs.
Step 44100: Added 0 GSs. Now having 8000000 GSs.
Step 44200: Relocated 160573 GSs.
Step 44200: Added 0 GSs. Now having 8000000 GSs.
Step 44300: Relocated 154323 GSs.
Step 44300: Added 0 GSs. Now having 8000000 GSs.
Step 44400: Relocated 156931 GSs.
Step 44400: Added 0 GSs. Now having 8000000 GSs.
Step 44500: Relocated 153799 GSs.
Step 44500: Added 0 GSs. Now having 8000000 GSs.
Step 44600: Relocated 151041 GSs.
Step 44600: Added 0 GSs. Now having 8000000 GSs.
Step 44700: Relocated 154198 GSs.
Step 44700: Added 0 GSs. Now having 8000000 GSs.
Step 44800: Relocated 145469 GSs.
Step 44800: Added 0 GSs. Now having 8000000 GSs.
Step 44900: Relocated 156264 GSs.
Step 44900: Added 0 GSs. Now having 8000000 GSs.
Step 45000: Relocated 148677 GSs.
Step 45000: Added 0 GSs. Now having 8000000 GSs.
[45000] loss 0.0669 l1 0.0418 ssim 0.8420 N 8000000
Step 45100: Relocated 148326 GSs.
Step 45100: Added 0 GSs. Now having 8000000 GSs.
Step 45200: Relocated 152578 GSs.
Step 45200: Added 0 GSs. Now having 8000000 GSs.
Step 45300: Relocated 141501 GSs.
Step 45300: Added 0 GSs. Now having 8000000 GSs.
Step 45400: Relocated 146043 GSs.
Step 45400: Added 0 GSs. Now having 8000000 GSs.
Step 45500: Relocated 147476 GSs.
Step 45500: Added 0 GSs. Now having 8000000 GSs.
Step 45600: Relocated 144750 GSs.
Step 45600: Added 0 GSs. Now having 8000000 GSs.
Step 45700: Relocated 136734 GSs.
Step 45700: Added 0 GSs. Now having 8000000 GSs.
Step 45800: Relocated 144605 GSs.
Step 45800: Added 0 GSs. Now having 8000000 GSs.
Step 45900: Relocated 137043 GSs.
Step 45900: Added 0 GSs. Now having 8000000 GSs.
Step 46000: Relocated 141721 GSs.
Step 46000: Added 0 GSs. Now having 8000000 GSs.
[46000] loss 0.0571 l1 0.0362 ssim 0.8685 N 8000000
Step 46100: Relocated 146414 GSs.
Step 46100: Added 0 GSs. Now having 8000000 GSs.
Step 46200: Relocated 143715 GSs.
Step 46200: Added 0 GSs. Now having 8000000 GSs.
Step 46300: Relocated 139898 GSs.
Step 46300: Added 0 GSs. Now having 8000000 GSs.
Step 46400: Relocated 140051 GSs.
Step 46400: Added 0 GSs. Now having 8000000 GSs.
Step 46500: Relocated 136069 GSs.
/home/bkai/miniconda3/envs/gsplat/lib/python3.10/site-packages/torchvision/models/_utils.py:208: UserWarning: The parameter 'pretrained' is deprecated since 0.13 and may be removed in the future, please use 'weights' instead.
  warnings.warn(
/home/bkai/miniconda3/envs/gsplat/lib/python3.10/site-packages/torchvision/models/_utils.py:223: UserWarning: Arguments other than a weight enum or `None` for 'weights' are deprecated since 0.13 and may be removed in the future. The current behavior is equivalent to passing `weights=VGG16_Weights.IMAGENET1K_V1`. You can also use `weights=VGG16_Weights.DEFAULT` to get the most up-to-date weights.
  warnings.warn(msg)
Step 46500: Added 0 GSs. Now having 8000000 GSs.
Step 46600: Relocated 132433 GSs.
Step 46600: Added 0 GSs. Now having 8000000 GSs.
Step 46700: Relocated 138843 GSs.
Step 46700: Added 0 GSs. Now having 8000000 GSs.
Step 46800: Relocated 132897 GSs.
Step 46800: Added 0 GSs. Now having 8000000 GSs.
Step 46900: Relocated 136561 GSs.
Step 46900: Added 0 GSs. Now having 8000000 GSs.
Step 47000: Relocated 138869 GSs.
Step 47000: Added 0 GSs. Now having 8000000 GSs.
[47000] loss 0.0668 l1 0.0403 ssim 0.8361 N 8000000
Step 47100: Relocated 148033 GSs.
Step 47100: Added 0 GSs. Now having 8000000 GSs.
Step 47200: Relocated 133482 GSs.
Step 47200: Added 0 GSs. Now having 8000000 GSs.
Step 47300: Relocated 133843 GSs.
Step 47300: Added 0 GSs. Now having 8000000 GSs.
Step 47400: Relocated 137800 GSs.
Step 47400: Added 0 GSs. Now having 8000000 GSs.
Step 47500: Relocated 128166 GSs.
Step 47500: Added 0 GSs. Now having 8000000 GSs.
Step 47600: Relocated 130096 GSs.
Step 47600: Added 0 GSs. Now having 8000000 GSs.
Step 47700: Relocated 136688 GSs.
Step 47700: Added 0 GSs. Now having 8000000 GSs.
Step 47800: Relocated 123949 GSs.
Step 47800: Added 0 GSs. Now having 8000000 GSs.
Step 47900: Relocated 123097 GSs.
Step 47900: Added 0 GSs. Now having 8000000 GSs.
Step 48000: Relocated 120121 GSs.
Step 48000: Added 0 GSs. Now having 8000000 GSs.
[48000] loss 0.0533 l1 0.0345 ssim 0.8813 N 8000000
Step 48100: Relocated 122098 GSs.
Step 48100: Added 0 GSs. Now having 8000000 GSs.
Step 48200: Relocated 127719 GSs.
Step 48200: Added 0 GSs. Now having 8000000 GSs.
Step 48300: Relocated 122973 GSs.
Step 48300: Added 0 GSs. Now having 8000000 GSs.
Step 48400: Relocated 121737 GSs.
Step 48400: Added 0 GSs. Now having 8000000 GSs.
Step 48500: Relocated 117501 GSs.
Step 48500: Added 0 GSs. Now having 8000000 GSs.
Step 48600: Relocated 121540 GSs.
Step 48600: Added 0 GSs. Now having 8000000 GSs.
Step 48700: Relocated 118004 GSs.
Step 48700: Added 0 GSs. Now having 8000000 GSs.
Step 48800: Relocated 113903 GSs.
Step 48800: Added 0 GSs. Now having 8000000 GSs.
Step 48900: Relocated 113372 GSs.
Step 48900: Added 0 GSs. Now having 8000000 GSs.
Step 49000: Relocated 115768 GSs.
Step 49000: Added 0 GSs. Now having 8000000 GSs.
[49000] loss 0.1077 l1 0.0712 ssim 0.7559 N 8000000
Step 49100: Relocated 115614 GSs.
Step 49100: Added 0 GSs. Now having 8000000 GSs.
Step 49200: Relocated 119820 GSs.
Step 49200: Added 0 GSs. Now having 8000000 GSs.
Step 49300: Relocated 110442 GSs.
Step 49300: Added 0 GSs. Now having 8000000 GSs.
Step 49400: Relocated 113963 GSs.
Step 49400: Added 0 GSs. Now having 8000000 GSs.
Step 49500: Relocated 108735 GSs.
Step 49500: Added 0 GSs. Now having 8000000 GSs.
Step 49600: Relocated 112864 GSs.
Step 49600: Added 0 GSs. Now having 8000000 GSs.
Step 49700: Relocated 112162 GSs.
Step 49700: Added 0 GSs. Now having 8000000 GSs.
Step 49800: Relocated 108406 GSs.
Step 49800: Added 0 GSs. Now having 8000000 GSs.
Step 49900: Relocated 114734 GSs.
Step 49900: Added 0 GSs. Now having 8000000 GSs.
[50000] loss 0.0476 l1 0.0328 ssim 0.9030 N 8000000
Setting up [LPIPS] perceptual loss: trunk [vgg], v[0.1], spatial [off]
Loading model from: /home/bkai/miniconda3/envs/gsplat/lib/python3.10/site-packages/lpips/weights/v0.1/vgg.pth
[51000] loss 0.0518 l1 0.0300 ssim 0.9086 N 8000000
[52000] loss 0.0730 l1 0.0381 ssim 0.8471 N 8000000
[53000] loss 0.0637 l1 0.0357 ssim 0.8785 N 8000000
[54000] loss 0.0418 l1 0.0247 ssim 0.9347 N 8000000
[55000] loss 0.0479 l1 0.0280 ssim 0.9193 N 8000000
[56000] loss 0.0765 l1 0.0393 ssim 0.8446 N 8000000
[57000] loss 0.0520 l1 0.0306 ssim 0.9103 N 8000000
[58000] loss 0.0712 l1 0.0355 ssim 0.8567 N 8000000
[59000] loss 0.0571 l1 0.0306 ssim 0.8919 N 8000000
[59999] loss 0.0514 l1 0.0294 ssim 0.9050 N 8000000
Saved 8000000 gaussians to /mnt/d/avv/output/HCM0249_gsplatB9ut60k/ckpt.pt
=== UT60k HCM0249 TRAIN DONE ===
Wrote 60 images to /mnt/d/avv/output/HCM0249_gsplatB9ut60k/test_poses_renders
=== UT60k HCM0249 RENDERED ===
/mnt/c/Users/BKAI/an_plaza2/FastGS/gsplat_track/train_gsplat.py:320: UserWarning: The given NumPy array is not writable, and PyTorch does not support non-writable tensors. This means writing to this tensor will result in undefined behavior. You may want to copy the array to protect its data or make it writable before converting it to a tensor. This type of warning will be suppressed for the rest of this program. (Triggered internally at /pytorch/torch/csrc/utils/tensor_numpy.cpp:203.)
  gt_cache[vi] = torch.from_numpy(
240/341 images.bin entries have files in /home/bkai/data/phase1/private_set1/HCM0254/train/images
240 views, 176590 init points, K=[[926.4,0,660.0],[0,926.4,494.5]], size 1320x989
3DGUT mode: classic + with_ut + with_eval3d, k1=+0.009819
scene_scale 10.346
[0] loss 0.3182 l1 0.2071 ssim 0.2660 N 176590
Step 600: Relocated 14699 GSs.
Step 600: Added 8829 GSs. Now having 185419 GSs.
Step 700: Relocated 4172 GSs.
Step 700: Added 9270 GSs. Now having 194689 GSs.
Step 800: Relocated 3985 GSs.
Step 800: Added 9734 GSs. Now having 204423 GSs.
Step 900: Relocated 4461 GSs.
Step 900: Added 10221 GSs. Now having 214644 GSs.
Step 1000: Relocated 4767 GSs.
Step 1000: Added 10732 GSs. Now having 225376 GSs.
[1000] loss 0.1207 l1 0.0565 ssim 0.6411 N 225376
Step 1100: Relocated 5108 GSs.
Step 1100: Added 11268 GSs. Now having 236644 GSs.
Step 1200: Relocated 5371 GSs.
Step 1200: Added 11832 GSs. Now having 248476 GSs.
Step 1300: Relocated 6449 GSs.
Step 1300: Added 12423 GSs. Now having 260899 GSs.
Step 1400: Relocated 6552 GSs.
Step 1400: Added 13044 GSs. Now having 273943 GSs.
Step 1500: Relocated 7760 GSs.
Step 1500: Added 13697 GSs. Now having 287640 GSs.
Step 1600: Relocated 8321 GSs.
Step 1600: Added 14382 GSs. Now having 302022 GSs.
Step 1700: Relocated 8908 GSs.
Step 1700: Added 15101 GSs. Now having 317123 GSs.
Step 1800: Relocated 10221 GSs.
Step 1800: Added 15856 GSs. Now having 332979 GSs.
Step 1900: Relocated 11908 GSs.
Step 1900: Added 16648 GSs. Now having 349627 GSs.
Step 2000: Relocated 12550 GSs.
Step 2000: Added 17481 GSs. Now having 367108 GSs.
[2000] loss 0.1452 l1 0.0761 ssim 0.5933 N 367108
Step 2100: Relocated 14707 GSs.
Step 2100: Added 18355 GSs. Now having 385463 GSs.
Step 2200: Relocated 14755 GSs.
Step 2200: Added 19273 GSs. Now having 404736 GSs.
Step 2300: Relocated 17428 GSs.
Step 2300: Added 20236 GSs. Now having 424972 GSs.
Step 2400: Relocated 21227 GSs.
Step 2400: Added 21248 GSs. Now having 446220 GSs.
Step 2500: Relocated 19438 GSs.
Step 2500: Added 22311 GSs. Now having 468531 GSs.
Step 2600: Relocated 20749 GSs.
Step 2600: Added 23426 GSs. Now having 491957 GSs.
Step 2700: Relocated 21085 GSs.
Step 2700: Added 24597 GSs. Now having 516554 GSs.
Step 2800: Relocated 22559 GSs.
Step 2800: Added 25827 GSs. Now having 542381 GSs.
Step 2900: Relocated 25076 GSs.
Step 2900: Added 27119 GSs. Now having 569500 GSs.
Step 3000: Relocated 28024 GSs.
Step 3000: Added 28475 GSs. Now having 597975 GSs.
[3000] loss 0.1016 l1 0.0486 ssim 0.6980 N 597975
Step 3100: Relocated 26765 GSs.
Step 3100: Added 29898 GSs. Now having 627873 GSs.
Step 3200: Relocated 32733 GSs.
Step 3200: Added 31393 GSs. Now having 659266 GSs.
Step 3300: Relocated 36866 GSs.
Step 3300: Added 32963 GSs. Now having 692229 GSs.
Step 3400: Relocated 33307 GSs.
Step 3400: Added 34611 GSs. Now having 726840 GSs.
Step 3500: Relocated 35712 GSs.
Step 3500: Added 36342 GSs. Now having 763182 GSs.
Step 3600: Relocated 37438 GSs.
Step 3600: Added 38159 GSs. Now having 801341 GSs.
Step 3700: Relocated 41600 GSs.
Step 3700: Added 40067 GSs. Now having 841408 GSs.
Step 3800: Relocated 46338 GSs.
Step 3800: Added 42070 GSs. Now having 883478 GSs.
Step 3900: Relocated 51698 GSs.
Step 3900: Added 44173 GSs. Now having 927651 GSs.
Step 4000: Relocated 52075 GSs.
Step 4000: Added 46382 GSs. Now having 974033 GSs.
[4000] loss 0.1286 l1 0.0603 ssim 0.6077 N 974033
Step 4100: Relocated 56181 GSs.
Step 4100: Added 48701 GSs. Now having 1022734 GSs.
Step 4200: Relocated 61177 GSs.
Step 4200: Added 51136 GSs. Now having 1073870 GSs.
Step 4300: Relocated 60563 GSs.
Step 4300: Added 53693 GSs. Now having 1127563 GSs.
Step 4400: Relocated 65320 GSs.
Step 4400: Added 56378 GSs. Now having 1183941 GSs.
Step 4500: Relocated 70455 GSs.
Step 4500: Added 59197 GSs. Now having 1243138 GSs.
Step 4600: Relocated 73603 GSs.
Step 4600: Added 62156 GSs. Now having 1305294 GSs.
Step 4700: Relocated 98032 GSs.
Step 4700: Added 65264 GSs. Now having 1370558 GSs.
Step 4800: Relocated 81403 GSs.
Step 4800: Added 68527 GSs. Now having 1439085 GSs.
Step 4900: Relocated 96977 GSs.
Step 4900: Added 71954 GSs. Now having 1511039 GSs.
Step 5000: Relocated 100092 GSs.
Step 5000: Added 75551 GSs. Now having 1586590 GSs.
[5000] loss 0.0973 l1 0.0486 ssim 0.7159 N 1586590
Step 5100: Relocated 103169 GSs.
Step 5100: Added 79329 GSs. Now having 1665919 GSs.
Step 5200: Relocated 105713 GSs.
Step 5200: Added 83295 GSs. Now having 1749214 GSs.
Step 5300: Relocated 110186 GSs.
Step 5300: Added 87460 GSs. Now having 1836674 GSs.
Step 5400: Relocated 108469 GSs.
Step 5400: Added 91833 GSs. Now having 1928507 GSs.
Step 5500: Relocated 116166 GSs.
Step 5500: Added 96425 GSs. Now having 2024932 GSs.
Step 5600: Relocated 127776 GSs.
Step 5600: Added 101246 GSs. Now having 2126178 GSs.
Step 5700: Relocated 140535 GSs.
Step 5700: Added 106308 GSs. Now having 2232486 GSs.
Step 5800: Relocated 154767 GSs.
Step 5800: Added 111624 GSs. Now having 2344110 GSs.
Step 5900: Relocated 168521 GSs.
Step 5900: Added 117205 GSs. Now having 2461315 GSs.
Step 6000: Relocated 182700 GSs.
Step 6000: Added 123065 GSs. Now having 2584380 GSs.
[6000] loss 0.0986 l1 0.0485 ssim 0.7080 N 2584380
Step 6100: Relocated 183919 GSs.
Step 6100: Added 129219 GSs. Now having 2713599 GSs.
Step 6200: Relocated 208441 GSs.
Step 6200: Added 135679 GSs. Now having 2849278 GSs.
Step 6300: Relocated 203837 GSs.
Step 6300: Added 142463 GSs. Now having 2991741 GSs.
Step 6400: Relocated 209319 GSs.
Step 6400: Added 149587 GSs. Now having 3141328 GSs.
Step 6500: Relocated 225627 GSs.
Step 6500: Added 157066 GSs. Now having 3298394 GSs.
Step 6600: Relocated 234696 GSs.
Step 6600: Added 164919 GSs. Now having 3463313 GSs.
Step 6700: Relocated 249877 GSs.
Step 6700: Added 173165 GSs. Now having 3636478 GSs.
Step 6800: Relocated 248847 GSs.
Step 6800: Added 181823 GSs. Now having 3818301 GSs.
Step 6900: Relocated 261809 GSs.
Step 6900: Added 190915 GSs. Now having 4009216 GSs.
Step 7000: Relocated 309101 GSs.
Step 7000: Added 200460 GSs. Now having 4209676 GSs.
[7000] loss 0.1261 l1 0.0683 ssim 0.6491 N 4209676
Step 7100: Relocated 314346 GSs.
Step 7100: Added 210483 GSs. Now having 4420159 GSs.
Step 7200: Relocated 329497 GSs.
Step 7200: Added 221007 GSs. Now having 4641166 GSs.
Step 7300: Relocated 374733 GSs.
Step 7300: Added 232058 GSs. Now having 4873224 GSs.
Step 7400: Relocated 416888 GSs.
Step 7400: Added 243661 GSs. Now having 5116885 GSs.
Step 7500: Relocated 422668 GSs.
Step 7500: Added 255844 GSs. Now having 5372729 GSs.
Step 7600: Relocated 449890 GSs.
Step 7600: Added 268636 GSs. Now having 5641365 GSs.
Step 7700: Relocated 477934 GSs.
Step 7700: Added 282068 GSs. Now having 5923433 GSs.
Step 7800: Relocated 530525 GSs.
Step 7800: Added 296171 GSs. Now having 6219604 GSs.
Step 7900: Relocated 537688 GSs.
Step 7900: Added 310980 GSs. Now having 6530584 GSs.
Step 8000: Relocated 559456 GSs.
Step 8000: Added 326529 GSs. Now having 6857113 GSs.
[8000] loss 0.0992 l1 0.0510 ssim 0.7133 N 6857113
Step 8100: Relocated 597448 GSs.
Step 8100: Added 342855 GSs. Now having 7199968 GSs.
Step 8200: Relocated 579865 GSs.
Step 8200: Added 359998 GSs. Now having 7559966 GSs.
Step 8300: Relocated 638160 GSs.
Step 8300: Added 377998 GSs. Now having 7937964 GSs.
Step 8400: Relocated 704780 GSs.
Step 8400: Added 62036 GSs. Now having 8000000 GSs.
Step 8500: Relocated 616888 GSs.
Step 8500: Added 0 GSs. Now having 8000000 GSs.
Step 8600: Relocated 532226 GSs.
Step 8600: Added 0 GSs. Now having 8000000 GSs.
Step 8700: Relocated 487516 GSs.
Step 8700: Added 0 GSs. Now having 8000000 GSs.
Step 8800: Relocated 473656 GSs.
Step 8800: Added 0 GSs. Now having 8000000 GSs.
Step 8900: Relocated 445691 GSs.
Step 8900: Added 0 GSs. Now having 8000000 GSs.
Step 9000: Relocated 443319 GSs.
Step 9000: Added 0 GSs. Now having 8000000 GSs.
[9000] loss 0.1064 l1 0.0521 ssim 0.6818 N 8000000
Step 9100: Relocated 421743 GSs.
Step 9100: Added 0 GSs. Now having 8000000 GSs.
Step 9200: Relocated 412878 GSs.
Step 9200: Added 0 GSs. Now having 8000000 GSs.
Step 9300: Relocated 445067 GSs.
Step 9300: Added 0 GSs. Now having 8000000 GSs.
Step 9400: Relocated 411785 GSs.
Step 9400: Added 0 GSs. Now having 8000000 GSs.
Step 9500: Relocated 423130 GSs.
Step 9500: Added 0 GSs. Now having 8000000 GSs.
Step 9600: Relocated 427793 GSs.
Step 9600: Added 0 GSs. Now having 8000000 GSs.
Step 9700: Relocated 400372 GSs.
Step 9700: Added 0 GSs. Now having 8000000 GSs.
Step 9800: Relocated 419997 GSs.
Step 9800: Added 0 GSs. Now having 8000000 GSs.
Step 9900: Relocated 391369 GSs.
Step 9900: Added 0 GSs. Now having 8000000 GSs.
Step 10000: Relocated 402497 GSs.
Step 10000: Added 0 GSs. Now having 8000000 GSs.
[10000] loss 0.0903 l1 0.0495 ssim 0.7516 N 8000000
Step 10100: Relocated 381474 GSs.
Step 10100: Added 0 GSs. Now having 8000000 GSs.
Step 10200: Relocated 374086 GSs.
Step 10200: Added 0 GSs. Now having 8000000 GSs.
Step 10300: Relocated 378243 GSs.
Step 10300: Added 0 GSs. Now having 8000000 GSs.
Step 10400: Relocated 386278 GSs.
Step 10400: Added 0 GSs. Now having 8000000 GSs.
Step 10500: Relocated 382253 GSs.
Step 10500: Added 0 GSs. Now having 8000000 GSs.
Step 10600: Relocated 374192 GSs.
Step 10600: Added 0 GSs. Now having 8000000 GSs.
Step 10700: Relocated 388062 GSs.
Step 10700: Added 0 GSs. Now having 8000000 GSs.
Step 10800: Relocated 372973 GSs.
Step 10800: Added 0 GSs. Now having 8000000 GSs.
Step 10900: Relocated 371559 GSs.
Step 10900: Added 0 GSs. Now having 8000000 GSs.
Step 11000: Relocated 378395 GSs.
Step 11000: Added 0 GSs. Now having 8000000 GSs.
[11000] loss 0.1034 l1 0.0561 ssim 0.7130 N 8000000
Step 11100: Relocated 391502 GSs.
Step 11100: Added 0 GSs. Now having 8000000 GSs.
Step 11200: Relocated 379959 GSs.
Step 11200: Added 0 GSs. Now having 8000000 GSs.
Step 11300: Relocated 372969 GSs.
Step 11300: Added 0 GSs. Now having 8000000 GSs.
Step 11400: Relocated 369149 GSs.
Step 11400: Added 0 GSs. Now having 8000000 GSs.
Step 11500: Relocated 364226 GSs.
Step 11500: Added 0 GSs. Now having 8000000 GSs.
Step 11600: Relocated 380880 GSs.
Step 11600: Added 0 GSs. Now having 8000000 GSs.
Step 11700: Relocated 386724 GSs.
Step 11700: Added 0 GSs. Now having 8000000 GSs.
Step 11800: Relocated 363185 GSs.
Step 11800: Added 0 GSs. Now having 8000000 GSs.
Step 11900: Relocated 369828 GSs.
Step 11900: Added 0 GSs. Now having 8000000 GSs.
Step 12000: Relocated 402346 GSs.
Step 12000: Added 0 GSs. Now having 8000000 GSs.
[12000] loss 0.0844 l1 0.0457 ssim 0.7667 N 8000000
Step 12100: Relocated 390588 GSs.
Step 12100: Added 0 GSs. Now having 8000000 GSs.
Step 12200: Relocated 373402 GSs.
Step 12200: Added 0 GSs. Now having 8000000 GSs.
Step 12300: Relocated 378343 GSs.
Step 12300: Added 0 GSs. Now having 8000000 GSs.
Step 12400: Relocated 375431 GSs.
Step 12400: Added 0 GSs. Now having 8000000 GSs.
Step 12500: Relocated 377584 GSs.
Step 12500: Added 0 GSs. Now having 8000000 GSs.
Step 12600: Relocated 372815 GSs.
Step 12600: Added 0 GSs. Now having 8000000 GSs.
Step 12700: Relocated 370206 GSs.
Step 12700: Added 0 GSs. Now having 8000000 GSs.
Step 12800: Relocated 401042 GSs.
Step 12800: Added 0 GSs. Now having 8000000 GSs.
Step 12900: Relocated 380936 GSs.
Step 12900: Added 0 GSs. Now having 8000000 GSs.
Step 13000: Relocated 404583 GSs.
Step 13000: Added 0 GSs. Now having 8000000 GSs.
[13000] loss 0.0964 l1 0.0531 ssim 0.7361 N 8000000
Step 13100: Relocated 389820 GSs.
Step 13100: Added 0 GSs. Now having 8000000 GSs.
Step 13200: Relocated 393890 GSs.
Step 13200: Added 0 GSs. Now having 8000000 GSs.
Step 13300: Relocated 408855 GSs.
Step 13300: Added 0 GSs. Now having 8000000 GSs.
Step 13400: Relocated 426576 GSs.
Step 13400: Added 0 GSs. Now having 8000000 GSs.
Step 13500: Relocated 408585 GSs.
Step 13500: Added 0 GSs. Now having 8000000 GSs.
Step 13600: Relocated 396867 GSs.
Step 13600: Added 0 GSs. Now having 8000000 GSs.
Step 13700: Relocated 422206 GSs.
Step 13700: Added 0 GSs. Now having 8000000 GSs.
Step 13800: Relocated 407568 GSs.
Step 13800: Added 0 GSs. Now having 8000000 GSs.
Step 13900: Relocated 385068 GSs.
Step 13900: Added 0 GSs. Now having 8000000 GSs.
Step 14000: Relocated 384656 GSs.
Step 14000: Added 0 GSs. Now having 8000000 GSs.
[14000] loss 0.0766 l1 0.0424 ssim 0.7926 N 8000000
Step 14100: Relocated 380215 GSs.
Step 14100: Added 0 GSs. Now having 8000000 GSs.
Step 14200: Relocated 383994 GSs.
Step 14200: Added 0 GSs. Now having 8000000 GSs.
Step 14300: Relocated 375899 GSs.
Step 14300: Added 0 GSs. Now having 8000000 GSs.
Step 14400: Relocated 379383 GSs.
Step 14400: Added 0 GSs. Now having 8000000 GSs.
Step 14500: Relocated 375923 GSs.
Step 14500: Added 0 GSs. Now having 8000000 GSs.
Step 14600: Relocated 385516 GSs.
Step 14600: Added 0 GSs. Now having 8000000 GSs.
Step 14700: Relocated 398093 GSs.
Step 14700: Added 0 GSs. Now having 8000000 GSs.
Step 14800: Relocated 395929 GSs.
Step 14800: Added 0 GSs. Now having 8000000 GSs.
Step 14900: Relocated 366444 GSs.
Step 14900: Added 0 GSs. Now having 8000000 GSs.
Step 15000: Relocated 382764 GSs.
Step 15000: Added 0 GSs. Now having 8000000 GSs.
[15000] loss 0.0915 l1 0.0467 ssim 0.7355 N 8000000
Step 15100: Relocated 378360 GSs.
Step 15100: Added 0 GSs. Now having 8000000 GSs.
Step 15200: Relocated 380805 GSs.
Step 15200: Added 0 GSs. Now having 8000000 GSs.
Step 15300: Relocated 364677 GSs.
Step 15300: Added 0 GSs. Now having 8000000 GSs.
Step 15400: Relocated 384848 GSs.
Step 15400: Added 0 GSs. Now having 8000000 GSs.
Step 15500: Relocated 386857 GSs.
Step 15500: Added 0 GSs. Now having 8000000 GSs.
Step 15600: Relocated 368534 GSs.
Step 15600: Added 0 GSs. Now having 8000000 GSs.
Step 15700: Relocated 389741 GSs.
Step 15700: Added 0 GSs. Now having 8000000 GSs.
Step 15800: Relocated 376033 GSs.
Step 15800: Added 0 GSs. Now having 8000000 GSs.
Step 15900: Relocated 380672 GSs.
Step 15900: Added 0 GSs. Now having 8000000 GSs.
Step 16000: Relocated 369536 GSs.
Step 16000: Added 0 GSs. Now having 8000000 GSs.
[16000] loss 0.0712 l1 0.0404 ssim 0.8120 N 8000000
Step 16100: Relocated 358499 GSs.
Step 16100: Added 0 GSs. Now having 8000000 GSs.
Step 16200: Relocated 384200 GSs.
Step 16200: Added 0 GSs. Now having 8000000 GSs.
Step 16300: Relocated 399343 GSs.
Step 16300: Added 0 GSs. Now having 8000000 GSs.
Step 16400: Relocated 367986 GSs.
Step 16400: Added 0 GSs. Now having 8000000 GSs.
Step 16500: Relocated 377260 GSs.
Step 16500: Added 0 GSs. Now having 8000000 GSs.
Step 16600: Relocated 376608 GSs.
Step 16600: Added 0 GSs. Now having 8000000 GSs.
Step 16700: Relocated 358330 GSs.
Step 16700: Added 0 GSs. Now having 8000000 GSs.
Step 16800: Relocated 375873 GSs.
Step 16800: Added 0 GSs. Now having 8000000 GSs.
Step 16900: Relocated 372149 GSs.
Step 16900: Added 0 GSs. Now having 8000000 GSs.
Step 17000: Relocated 358518 GSs.
Step 17000: Added 0 GSs. Now having 8000000 GSs.
[17000] loss 0.0704 l1 0.0398 ssim 0.8137 N 8000000
Step 17100: Relocated 377932 GSs.
Step 17100: Added 0 GSs. Now having 8000000 GSs.
Step 17200: Relocated 359488 GSs.
Step 17200: Added 0 GSs. Now having 8000000 GSs.
Step 17300: Relocated 364844 GSs.
Step 17300: Added 0 GSs. Now having 8000000 GSs.
Step 17400: Relocated 368198 GSs.
Step 17400: Added 0 GSs. Now having 8000000 GSs.
Step 17500: Relocated 382219 GSs.
Step 17500: Added 0 GSs. Now having 8000000 GSs.
Step 17600: Relocated 364071 GSs.
Step 17600: Added 0 GSs. Now having 8000000 GSs.
Step 17700: Relocated 360442 GSs.
Step 17700: Added 0 GSs. Now having 8000000 GSs.
Step 17800: Relocated 368171 GSs.
Step 17800: Added 0 GSs. Now having 8000000 GSs.
Step 17900: Relocated 369437 GSs.
Step 17900: Added 0 GSs. Now having 8000000 GSs.
Step 18000: Relocated 374192 GSs.
Step 18000: Added 0 GSs. Now having 8000000 GSs.
[18000] loss 0.0487 l1 0.0310 ssim 0.8868 N 8000000
Step 18100: Relocated 387403 GSs.
Step 18100: Added 0 GSs. Now having 8000000 GSs.
Step 18200: Relocated 368262 GSs.
Step 18200: Added 0 GSs. Now having 8000000 GSs.
Step 18300: Relocated 394838 GSs.
Step 18300: Added 0 GSs. Now having 8000000 GSs.
Step 18400: Relocated 362846 GSs.
Step 18400: Added 0 GSs. Now having 8000000 GSs.
Step 18500: Relocated 369769 GSs.
Step 18500: Added 0 GSs. Now having 8000000 GSs.
Step 18600: Relocated 385998 GSs.
Step 18600: Added 0 GSs. Now having 8000000 GSs.
Step 18700: Relocated 384153 GSs.
Step 18700: Added 0 GSs. Now having 8000000 GSs.
Step 18800: Relocated 381470 GSs.
Step 18800: Added 0 GSs. Now having 8000000 GSs.
Step 18900: Relocated 399729 GSs.
Step 18900: Added 0 GSs. Now having 8000000 GSs.
Step 19000: Relocated 407101 GSs.
Step 19000: Added 0 GSs. Now having 8000000 GSs.
[19000] loss 0.1087 l1 0.0603 ssim 0.7042 N 8000000
Step 19100: Relocated 415607 GSs.
Step 19100: Added 0 GSs. Now having 8000000 GSs.
Step 19200: Relocated 379512 GSs.
Step 19200: Added 0 GSs. Now having 8000000 GSs.
Step 19300: Relocated 361518 GSs.
Step 19300: Added 0 GSs. Now having 8000000 GSs.
Step 19400: Relocated 354397 GSs.
Step 19400: Added 0 GSs. Now having 8000000 GSs.
Step 19500: Relocated 385065 GSs.
Step 19500: Added 0 GSs. Now having 8000000 GSs.
Step 19600: Relocated 374445 GSs.
Step 19600: Added 0 GSs. Now having 8000000 GSs.
Step 19700: Relocated 365565 GSs.
Step 19700: Added 0 GSs. Now having 8000000 GSs.
Step 19800: Relocated 351983 GSs.
Step 19800: Added 0 GSs. Now having 8000000 GSs.
Step 19900: Relocated 338183 GSs.
Step 19900: Added 0 GSs. Now having 8000000 GSs.
Step 20000: Relocated 354023 GSs.
Step 20000: Added 0 GSs. Now having 8000000 GSs.
[20000] loss 0.0649 l1 0.0364 ssim 0.8279 N 8000000
Step 20100: Relocated 354068 GSs.
Step 20100: Added 0 GSs. Now having 8000000 GSs.
Step 20200: Relocated 370248 GSs.
Step 20200: Added 0 GSs. Now having 8000000 GSs.
Step 20300: Relocated 361643 GSs.
Step 20300: Added 0 GSs. Now having 8000000 GSs.
Step 20400: Relocated 341675 GSs.
Step 20400: Added 0 GSs. Now having 8000000 GSs.
Step 20500: Relocated 373357 GSs.
Step 20500: Added 0 GSs. Now having 8000000 GSs.
Step 20600: Relocated 342283 GSs.
Step 20600: Added 0 GSs. Now having 8000000 GSs.
Step 20700: Relocated 349639 GSs.
Step 20700: Added 0 GSs. Now having 8000000 GSs.
Step 20800: Relocated 347647 GSs.
Step 20800: Added 0 GSs. Now having 8000000 GSs.
Step 20900: Relocated 351413 GSs.
Step 20900: Added 0 GSs. Now having 8000000 GSs.
Step 21000: Relocated 366893 GSs.
Step 21000: Added 0 GSs. Now having 8000000 GSs.
[21000] loss 0.0773 l1 0.0464 ssim 0.8057 N 8000000
Step 21100: Relocated 383173 GSs.
Step 21100: Added 0 GSs. Now having 8000000 GSs.
Step 21200: Relocated 378536 GSs.
Step 21200: Added 0 GSs. Now having 8000000 GSs.
Step 21300: Relocated 357398 GSs.
Step 21300: Added 0 GSs. Now having 8000000 GSs.
Step 21400: Relocated 359358 GSs.
Step 21400: Added 0 GSs. Now having 8000000 GSs.
Step 21500: Relocated 356716 GSs.
Step 21500: Added 0 GSs. Now having 8000000 GSs.
Step 21600: Relocated 348942 GSs.
Step 21600: Added 0 GSs. Now having 8000000 GSs.
Step 21700: Relocated 355446 GSs.
Step 21700: Added 0 GSs. Now having 8000000 GSs.
Step 21800: Relocated 385419 GSs.
Step 21800: Added 0 GSs. Now having 8000000 GSs.
Step 21900: Relocated 377200 GSs.
Step 21900: Added 0 GSs. Now having 8000000 GSs.
Step 22000: Relocated 381361 GSs.
Step 22000: Added 0 GSs. Now having 8000000 GSs.
[22000] loss 0.0473 l1 0.0279 ssim 0.8821 N 8000000
Step 22100: Relocated 359301 GSs.
Step 22100: Added 0 GSs. Now having 8000000 GSs.
Step 22200: Relocated 348444 GSs.
Step 22200: Added 0 GSs. Now having 8000000 GSs.
Step 22300: Relocated 369583 GSs.
Step 22300: Added 0 GSs. Now having 8000000 GSs.
Step 22400: Relocated 369415 GSs.
Step 22400: Added 0 GSs. Now having 8000000 GSs.
Step 22500: Relocated 384394 GSs.
Step 22500: Added 0 GSs. Now having 8000000 GSs.
Step 22600: Relocated 351777 GSs.
Step 22600: Added 0 GSs. Now having 8000000 GSs.
Step 22700: Relocated 339180 GSs.
Step 22700: Added 0 GSs. Now having 8000000 GSs.
Step 22800: Relocated 352924 GSs.
Step 22800: Added 0 GSs. Now having 8000000 GSs.
Step 22900: Relocated 345124 GSs.
Step 22900: Added 0 GSs. Now having 8000000 GSs.
Step 23000: Relocated 345095 GSs.
Step 23000: Added 0 GSs. Now having 8000000 GSs.
[23000] loss 0.0652 l1 0.0372 ssim 0.8296 N 8000000
Step 23100: Relocated 322817 GSs.
Step 23100: Added 0 GSs. Now having 8000000 GSs.
Step 23200: Relocated 337291 GSs.
Step 23200: Added 0 GSs. Now having 8000000 GSs.
Step 23300: Relocated 333914 GSs.
Step 23300: Added 0 GSs. Now having 8000000 GSs.
Step 23400: Relocated 340617 GSs.
Step 23400: Added 0 GSs. Now having 8000000 GSs.
Step 23500: Relocated 367464 GSs.
Step 23500: Added 0 GSs. Now having 8000000 GSs.
Step 23600: Relocated 362154 GSs.
Step 23600: Added 0 GSs. Now having 8000000 GSs.
Step 23700: Relocated 331293 GSs.
Step 23700: Added 0 GSs. Now having 8000000 GSs.
Step 23800: Relocated 334335 GSs.
Step 23800: Added 0 GSs. Now having 8000000 GSs.
Step 23900: Relocated 340378 GSs.
Step 23900: Added 0 GSs. Now having 8000000 GSs.
Step 24000: Relocated 346893 GSs.
Step 24000: Added 0 GSs. Now having 8000000 GSs.
[24000] loss 0.0544 l1 0.0339 ssim 0.8709 N 8000000
Step 24100: Relocated 325943 GSs.
Step 24100: Added 0 GSs. Now having 8000000 GSs.
Step 24200: Relocated 337262 GSs.
Step 24200: Added 0 GSs. Now having 8000000 GSs.
Step 24300: Relocated 334844 GSs.
Step 24300: Added 0 GSs. Now having 8000000 GSs.
Step 24400: Relocated 335793 GSs.
Step 24400: Added 0 GSs. Now having 8000000 GSs.
Step 24500: Relocated 360510 GSs.
Step 24500: Added 0 GSs. Now having 8000000 GSs.
Step 24600: Relocated 335528 GSs.
Step 24600: Added 0 GSs. Now having 8000000 GSs.
Step 24700: Relocated 323302 GSs.
Step 24700: Added 0 GSs. Now having 8000000 GSs.
Step 24800: Relocated 344775 GSs.
Step 24800: Added 0 GSs. Now having 8000000 GSs.
Step 24900: Relocated 328732 GSs.
Step 24900: Added 0 GSs. Now having 8000000 GSs.
Step 25000: Relocated 336598 GSs.
Step 25000: Added 0 GSs. Now having 8000000 GSs.
[25000] loss 0.0920 l1 0.0522 ssim 0.7558 N 8000000
Step 25100: Relocated 348610 GSs.
Step 25100: Added 0 GSs. Now having 8000000 GSs.
Step 25200: Relocated 334036 GSs.
Step 25200: Added 0 GSs. Now having 8000000 GSs.
Step 25300: Relocated 327141 GSs.
Step 25300: Added 0 GSs. Now having 8000000 GSs.
Step 25400: Relocated 355282 GSs.
Step 25400: Added 0 GSs. Now having 8000000 GSs.
Step 25500: Relocated 344086 GSs.
Step 25500: Added 0 GSs. Now having 8000000 GSs.
Step 25600: Relocated 320017 GSs.
Step 25600: Added 0 GSs. Now having 8000000 GSs.
Step 25700: Relocated 337166 GSs.
Step 25700: Added 0 GSs. Now having 8000000 GSs.
Step 25800: Relocated 323119 GSs.
Step 25800: Added 0 GSs. Now having 8000000 GSs.
Step 25900: Relocated 311467 GSs.
Step 25900: Added 0 GSs. Now having 8000000 GSs.
Step 26000: Relocated 310513 GSs.
Step 26000: Added 0 GSs. Now having 8000000 GSs.
[26000] loss 0.0488 l1 0.0301 ssim 0.8834 N 8000000
Step 26100: Relocated 329460 GSs.
Step 26100: Added 0 GSs. Now having 8000000 GSs.
Step 26200: Relocated 330612 GSs.
Step 26200: Added 0 GSs. Now having 8000000 GSs.
Step 26300: Relocated 308392 GSs.
Step 26300: Added 0 GSs. Now having 8000000 GSs.
Step 26400: Relocated 306776 GSs.
Step 26400: Added 0 GSs. Now having 8000000 GSs.
Step 26500: Relocated 300700 GSs.
Step 26500: Added 0 GSs. Now having 8000000 GSs.
Step 26600: Relocated 290087 GSs.
Step 26600: Added 0 GSs. Now having 8000000 GSs.
Step 26700: Relocated 322826 GSs.
Step 26700: Added 0 GSs. Now having 8000000 GSs.
Step 26800: Relocated 315975 GSs.
Step 26800: Added 0 GSs. Now having 8000000 GSs.
Step 26900: Relocated 304864 GSs.
Step 26900: Added 0 GSs. Now having 8000000 GSs.
Step 27000: Relocated 292707 GSs.
Step 27000: Added 0 GSs. Now having 8000000 GSs.
[27000] loss 0.0707 l1 0.0407 ssim 0.8168 N 8000000
Step 27100: Relocated 306467 GSs.
Step 27100: Added 0 GSs. Now having 8000000 GSs.
Step 27200: Relocated 306082 GSs.
Step 27200: Added 0 GSs. Now having 8000000 GSs.
Step 27300: Relocated 308981 GSs.
Step 27300: Added 0 GSs. Now having 8000000 GSs.
Step 27400: Relocated 300524 GSs.
Step 27400: Added 0 GSs. Now having 8000000 GSs.
Step 27500: Relocated 299204 GSs.
Step 27500: Added 0 GSs. Now having 8000000 GSs.
Step 27600: Relocated 299006 GSs.
Step 27600: Added 0 GSs. Now having 8000000 GSs.
Step 27700: Relocated 304557 GSs.
Step 27700: Added 0 GSs. Now having 8000000 GSs.
Step 27800: Relocated 309644 GSs.
Step 27800: Added 0 GSs. Now having 8000000 GSs.
Step 27900: Relocated 299578 GSs.
Step 27900: Added 0 GSs. Now having 8000000 GSs.
Step 28000: Relocated 301556 GSs.
Step 28000: Added 0 GSs. Now having 8000000 GSs.
[28000] loss 0.0765 l1 0.0431 ssim 0.7969 N 8000000
Step 28100: Relocated 295043 GSs.
Step 28100: Added 0 GSs. Now having 8000000 GSs.
Step 28200: Relocated 315775 GSs.
Step 28200: Added 0 GSs. Now having 8000000 GSs.
Step 28300: Relocated 293394 GSs.
Step 28300: Added 0 GSs. Now having 8000000 GSs.
Step 28400: Relocated 296168 GSs.
Step 28400: Added 0 GSs. Now having 8000000 GSs.
Step 28500: Relocated 316872 GSs.
Step 28500: Added 0 GSs. Now having 8000000 GSs.
Step 28600: Relocated 300872 GSs.
Step 28600: Added 0 GSs. Now having 8000000 GSs.
Step 28700: Relocated 288169 GSs.
Step 28700: Added 0 GSs. Now having 8000000 GSs.
Step 28800: Relocated 283049 GSs.
Step 28800: Added 0 GSs. Now having 8000000 GSs.
Step 28900: Relocated 271823 GSs.
Step 28900: Added 0 GSs. Now having 8000000 GSs.
Step 29000: Relocated 271828 GSs.
Step 29000: Added 0 GSs. Now having 8000000 GSs.
[29000] loss 0.0622 l1 0.0380 ssim 0.8485 N 8000000
Step 29100: Relocated 286003 GSs.
Step 29100: Added 0 GSs. Now having 8000000 GSs.
Step 29200: Relocated 299017 GSs.
Step 29200: Added 0 GSs. Now having 8000000 GSs.
Step 29300: Relocated 291844 GSs.
Step 29300: Added 0 GSs. Now having 8000000 GSs.
Step 29400: Relocated 294329 GSs.
Step 29400: Added 0 GSs. Now having 8000000 GSs.
Step 29500: Relocated 302261 GSs.
Step 29500: Added 0 GSs. Now having 8000000 GSs.
Step 29600: Relocated 291505 GSs.
Step 29600: Added 0 GSs. Now having 8000000 GSs.
Step 29700: Relocated 288114 GSs.
Step 29700: Added 0 GSs. Now having 8000000 GSs.
Step 29800: Relocated 285724 GSs.
Step 29800: Added 0 GSs. Now having 8000000 GSs.
Step 29900: Relocated 281274 GSs.
Step 29900: Added 0 GSs. Now having 8000000 GSs.
Step 30000: Relocated 287239 GSs.
Step 30000: Added 0 GSs. Now having 8000000 GSs.
[30000] loss 0.0680 l1 0.0396 ssim 0.8261 N 8000000
Step 30100: Relocated 291470 GSs.
Step 30100: Added 0 GSs. Now having 8000000 GSs.
Step 30200: Relocated 294319 GSs.
Step 30200: Added 0 GSs. Now having 8000000 GSs.
Step 30300: Relocated 288540 GSs.
Step 30300: Added 0 GSs. Now having 8000000 GSs.
Step 30400: Relocated 270355 GSs.
Step 30400: Added 0 GSs. Now having 8000000 GSs.
Step 30500: Relocated 267887 GSs.
Step 30500: Added 0 GSs. Now having 8000000 GSs.
Step 30600: Relocated 261520 GSs.
Step 30600: Added 0 GSs. Now having 8000000 GSs.
Step 30700: Relocated 259935 GSs.
Step 30700: Added 0 GSs. Now having 8000000 GSs.
Step 30800: Relocated 258419 GSs.
Step 30800: Added 0 GSs. Now having 8000000 GSs.
Step 30900: Relocated 258678 GSs.
Step 30900: Added 0 GSs. Now having 8000000 GSs.
Step 31000: Relocated 276256 GSs.
Step 31000: Added 0 GSs. Now having 8000000 GSs.
[31000] loss 0.0450 l1 0.0275 ssim 0.8927 N 8000000
Step 31100: Relocated 257121 GSs.
Step 31100: Added 0 GSs. Now having 8000000 GSs.
Step 31200: Relocated 248788 GSs.
Step 31200: Added 0 GSs. Now having 8000000 GSs.
Step 31300: Relocated 248026 GSs.
Step 31300: Added 0 GSs. Now having 8000000 GSs.
Step 31400: Relocated 254279 GSs.
Step 31400: Added 0 GSs. Now having 8000000 GSs.
Step 31500: Relocated 264353 GSs.
Step 31500: Added 0 GSs. Now having 8000000 GSs.
Step 31600: Relocated 261731 GSs.
Step 31600: Added 0 GSs. Now having 8000000 GSs.
Step 31700: Relocated 251883 GSs.
Step 31700: Added 0 GSs. Now having 8000000 GSs.
Step 31800: Relocated 261710 GSs.
Step 31800: Added 0 GSs. Now having 8000000 GSs.
Step 31900: Relocated 263282 GSs.
Step 31900: Added 0 GSs. Now having 8000000 GSs.
Step 32000: Relocated 282445 GSs.
Step 32000: Added 0 GSs. Now having 8000000 GSs.
[32000] loss 0.0618 l1 0.0367 ssim 0.8455 N 8000000
Step 32100: Relocated 272862 GSs.
Step 32100: Added 0 GSs. Now having 8000000 GSs.
Step 32200: Relocated 260793 GSs.
Step 32200: Added 0 GSs. Now having 8000000 GSs.
Step 32300: Relocated 239612 GSs.
Step 32300: Added 0 GSs. Now having 8000000 GSs.
Step 32400: Relocated 244340 GSs.
Step 32400: Added 0 GSs. Now having 8000000 GSs.
Step 32500: Relocated 252565 GSs.
Step 32500: Added 0 GSs. Now having 8000000 GSs.
Step 32600: Relocated 249880 GSs.
Step 32600: Added 0 GSs. Now having 8000000 GSs.
Step 32700: Relocated 259003 GSs.
Step 32700: Added 0 GSs. Now having 8000000 GSs.
Step 32800: Relocated 241243 GSs.
Step 32800: Added 0 GSs. Now having 8000000 GSs.
Step 32900: Relocated 241391 GSs.
Step 32900: Added 0 GSs. Now having 8000000 GSs.
Step 33000: Relocated 246981 GSs.
Step 33000: Added 0 GSs. Now having 8000000 GSs.
[33000] loss 0.0504 l1 0.0311 ssim 0.8802 N 8000000
Step 33100: Relocated 254276 GSs.
Step 33100: Added 0 GSs. Now having 8000000 GSs.
Step 33200: Relocated 247505 GSs.
Step 33200: Added 0 GSs. Now having 8000000 GSs.
Step 33300: Relocated 240426 GSs.
Step 33300: Added 0 GSs. Now having 8000000 GSs.
Step 33400: Relocated 249479 GSs.
Step 33400: Added 0 GSs. Now having 8000000 GSs.
Step 33500: Relocated 233696 GSs.
Step 33500: Added 0 GSs. Now having 8000000 GSs.
Step 33600: Relocated 232823 GSs.
Step 33600: Added 0 GSs. Now having 8000000 GSs.
Step 33700: Relocated 235899 GSs.
Step 33700: Added 0 GSs. Now having 8000000 GSs.
Step 33800: Relocated 244384 GSs.
Step 33800: Added 0 GSs. Now having 8000000 GSs.
Step 33900: Relocated 234531 GSs.
Step 33900: Added 0 GSs. Now having 8000000 GSs.
Step 34000: Relocated 233975 GSs.
Step 34000: Added 0 GSs. Now having 8000000 GSs.
[34000] loss 0.0807 l1 0.0466 ssim 0.7911 N 8000000
Step 34100: Relocated 239680 GSs.
Step 34100: Added 0 GSs. Now having 8000000 GSs.
Step 34200: Relocated 228402 GSs.
Step 34200: Added 0 GSs. Now having 8000000 GSs.
Step 34300: Relocated 217028 GSs.
Step 34300: Added 0 GSs. Now having 8000000 GSs.
Step 34400: Relocated 221540 GSs.
Step 34400: Added 0 GSs. Now having 8000000 GSs.
Step 34500: Relocated 224006 GSs.
Step 34500: Added 0 GSs. Now having 8000000 GSs.
Step 34600: Relocated 226266 GSs.
Step 34600: Added 0 GSs. Now having 8000000 GSs.
Step 34700: Relocated 217082 GSs.
Step 34700: Added 0 GSs. Now having 8000000 GSs.
Step 34800: Relocated 233494 GSs.
Step 34800: Added 0 GSs. Now having 8000000 GSs.
Step 34900: Relocated 221292 GSs.
Step 34900: Added 0 GSs. Now having 8000000 GSs.
Step 35000: Relocated 222856 GSs.
Step 35000: Added 0 GSs. Now having 8000000 GSs.
[35000] loss 0.0553 l1 0.0322 ssim 0.8608 N 8000000
Step 35100: Relocated 221031 GSs.
Step 35100: Added 0 GSs. Now having 8000000 GSs.
Step 35200: Relocated 214836 GSs.
Step 35200: Added 0 GSs. Now having 8000000 GSs.
Step 35300: Relocated 211910 GSs.
Step 35300: Added 0 GSs. Now having 8000000 GSs.
Step 35400: Relocated 220047 GSs.
Step 35400: Added 0 GSs. Now having 8000000 GSs.
Step 35500: Relocated 217607 GSs.
Step 35500: Added 0 GSs. Now having 8000000 GSs.
Step 35600: Relocated 204846 GSs.
Step 35600: Added 0 GSs. Now having 8000000 GSs.
Step 35700: Relocated 207171 GSs.
Step 35700: Added 0 GSs. Now having 8000000 GSs.
Step 35800: Relocated 214360 GSs.
Step 35800: Added 0 GSs. Now having 8000000 GSs.
Step 35900: Relocated 232937 GSs.
Step 35900: Added 0 GSs. Now having 8000000 GSs.
Step 36000: Relocated 212806 GSs.
Step 36000: Added 0 GSs. Now having 8000000 GSs.
[36000] loss 0.0625 l1 0.0367 ssim 0.8427 N 8000000
Step 36100: Relocated 228082 GSs.
Step 36100: Added 0 GSs. Now having 8000000 GSs.
Step 36200: Relocated 235498 GSs.
Step 36200: Added 0 GSs. Now having 8000000 GSs.
Step 36300: Relocated 235423 GSs.
Step 36300: Added 0 GSs. Now having 8000000 GSs.
Step 36400: Relocated 224146 GSs.
Step 36400: Added 0 GSs. Now having 8000000 GSs.
Step 36500: Relocated 215898 GSs.
Step 36500: Added 0 GSs. Now having 8000000 GSs.
Step 36600: Relocated 218583 GSs.
Step 36600: Added 0 GSs. Now having 8000000 GSs.
Step 36700: Relocated 207705 GSs.
Step 36700: Added 0 GSs. Now having 8000000 GSs.
Step 36800: Relocated 200804 GSs.
Step 36800: Added 0 GSs. Now having 8000000 GSs.
Step 36900: Relocated 200089 GSs.
Step 36900: Added 0 GSs. Now having 8000000 GSs.
Step 37000: Relocated 197599 GSs.
Step 37000: Added 0 GSs. Now having 8000000 GSs.
[37000] loss 0.0469 l1 0.0301 ssim 0.8941 N 8000000
Step 37100: Relocated 196859 GSs.
Step 37100: Added 0 GSs. Now having 8000000 GSs.
Step 37200: Relocated 190979 GSs.
Step 37200: Added 0 GSs. Now having 8000000 GSs.
Step 37300: Relocated 195694 GSs.
Step 37300: Added 0 GSs. Now having 8000000 GSs.
Step 37400: Relocated 192215 GSs.
Step 37400: Added 0 GSs. Now having 8000000 GSs.
Step 37500: Relocated 188468 GSs.
Step 37500: Added 0 GSs. Now having 8000000 GSs.
Step 37600: Relocated 178381 GSs.
Step 37600: Added 0 GSs. Now having 8000000 GSs.
Step 37700: Relocated 201392 GSs.
Step 37700: Added 0 GSs. Now having 8000000 GSs.
Step 37800: Relocated 192215 GSs.
Step 37800: Added 0 GSs. Now having 8000000 GSs.
Step 37900: Relocated 187734 GSs.
Step 37900: Added 0 GSs. Now having 8000000 GSs.
Step 38000: Relocated 200975 GSs.
Step 38000: Added 0 GSs. Now having 8000000 GSs.
[38000] loss 0.0552 l1 0.0323 ssim 0.8616 N 8000000
Step 38100: Relocated 184975 GSs.
Step 38100: Added 0 GSs. Now having 8000000 GSs.
Step 38200: Relocated 188372 GSs.
Step 38200: Added 0 GSs. Now having 8000000 GSs.
Step 38300: Relocated 179294 GSs.
Step 38300: Added 0 GSs. Now having 8000000 GSs.
Step 38400: Relocated 181659 GSs.
Step 38400: Added 0 GSs. Now having 8000000 GSs.
Step 38500: Relocated 196759 GSs.
Step 38500: Added 0 GSs. Now having 8000000 GSs.
Step 38600: Relocated 184543 GSs.
Step 38600: Added 0 GSs. Now having 8000000 GSs.
Step 38700: Relocated 192963 GSs.
Step 38700: Added 0 GSs. Now having 8000000 GSs.
Step 38800: Relocated 180882 GSs.
Step 38800: Added 0 GSs. Now having 8000000 GSs.
Step 38900: Relocated 189854 GSs.
Step 38900: Added 0 GSs. Now having 8000000 GSs.
Step 39000: Relocated 176122 GSs.
Step 39000: Added 0 GSs. Now having 8000000 GSs.
[39000] loss 0.0646 l1 0.0385 ssim 0.8395 N 8000000
Step 39100: Relocated 170296 GSs.
Step 39100: Added 0 GSs. Now having 8000000 GSs.
Step 39200: Relocated 174472 GSs.
Step 39200: Added 0 GSs. Now having 8000000 GSs.
Step 39300: Relocated 169658 GSs.
Step 39300: Added 0 GSs. Now having 8000000 GSs.
Step 39400: Relocated 174557 GSs.
Step 39400: Added 0 GSs. Now having 8000000 GSs.
Step 39500: Relocated 173517 GSs.
Step 39500: Added 0 GSs. Now having 8000000 GSs.
Step 39600: Relocated 167972 GSs.
Step 39600: Added 0 GSs. Now having 8000000 GSs.
Step 39700: Relocated 172014 GSs.
Step 39700: Added 0 GSs. Now having 8000000 GSs.
Step 39800: Relocated 168316 GSs.
Step 39800: Added 0 GSs. Now having 8000000 GSs.
Step 39900: Relocated 165974 GSs.
Step 39900: Added 0 GSs. Now having 8000000 GSs.
Step 40000: Relocated 181474 GSs.
Step 40000: Added 0 GSs. Now having 8000000 GSs.
[40000] loss 0.0620 l1 0.0370 ssim 0.8469 N 8000000
Step 40100: Relocated 175105 GSs.
Step 40100: Added 0 GSs. Now having 8000000 GSs.
Step 40200: Relocated 160083 GSs.
Step 40200: Added 0 GSs. Now having 8000000 GSs.
Step 40300: Relocated 162685 GSs.
Step 40300: Added 0 GSs. Now having 8000000 GSs.
Step 40400: Relocated 164653 GSs.
Step 40400: Added 0 GSs. Now having 8000000 GSs.
Step 40500: Relocated 168471 GSs.
Step 40500: Added 0 GSs. Now having 8000000 GSs.
Step 40600: Relocated 154825 GSs.
Step 40600: Added 0 GSs. Now having 8000000 GSs.
Step 40700: Relocated 157621 GSs.
Step 40700: Added 0 GSs. Now having 8000000 GSs.
Step 40800: Relocated 155307 GSs.
Step 40800: Added 0 GSs. Now having 8000000 GSs.
Step 40900: Relocated 145531 GSs.
Step 40900: Added 0 GSs. Now having 8000000 GSs.
Step 41000: Relocated 143593 GSs.
Step 41000: Added 0 GSs. Now having 8000000 GSs.
[41000] loss 0.0616 l1 0.0390 ssim 0.8567 N 8000000
Step 41100: Relocated 146889 GSs.
Step 41100: Added 0 GSs. Now having 8000000 GSs.
Step 41200: Relocated 144150 GSs.
Step 41200: Added 0 GSs. Now having 8000000 GSs.
Step 41300: Relocated 145819 GSs.
Step 41300: Added 0 GSs. Now having 8000000 GSs.
Step 41400: Relocated 136987 GSs.
Step 41400: Added 0 GSs. Now having 8000000 GSs.
Step 41500: Relocated 138300 GSs.
Step 41500: Added 0 GSs. Now having 8000000 GSs.
Step 41600: Relocated 148516 GSs.
Step 41600: Added 0 GSs. Now having 8000000 GSs.
Step 41700: Relocated 141215 GSs.
Step 41700: Added 0 GSs. Now having 8000000 GSs.
Step 41800: Relocated 146247 GSs.
Step 41800: Added 0 GSs. Now having 8000000 GSs.
Step 41900: Relocated 137664 GSs.
Step 41900: Added 0 GSs. Now having 8000000 GSs.
Step 42000: Relocated 145637 GSs.
Step 42000: Added 0 GSs. Now having 8000000 GSs.
[42000] loss 0.0467 l1 0.0288 ssim 0.8907 N 8000000
Step 42100: Relocated 137998 GSs.
Step 42100: Added 0 GSs. Now having 8000000 GSs.
Step 42200: Relocated 148138 GSs.
Step 42200: Added 0 GSs. Now having 8000000 GSs.
Step 42300: Relocated 139126 GSs.
Step 42300: Added 0 GSs. Now having 8000000 GSs.
Step 42400: Relocated 132836 GSs.
Step 42400: Added 0 GSs. Now having 8000000 GSs.
Step 42500: Relocated 134551 GSs.
Step 42500: Added 0 GSs. Now having 8000000 GSs.
Step 42600: Relocated 127171 GSs.
Step 42600: Added 0 GSs. Now having 8000000 GSs.
Step 42700: Relocated 137954 GSs.
Step 42700: Added 0 GSs. Now having 8000000 GSs.
Step 42800: Relocated 138165 GSs.
Step 42800: Added 0 GSs. Now having 8000000 GSs.
Step 42900: Relocated 131633 GSs.
Step 42900: Added 0 GSs. Now having 8000000 GSs.
Step 43000: Relocated 127580 GSs.
Step 43000: Added 0 GSs. Now having 8000000 GSs.
[43000] loss 0.0575 l1 0.0364 ssim 0.8673 N 8000000
Step 43100: Relocated 137089 GSs.
Step 43100: Added 0 GSs. Now having 8000000 GSs.
Step 43200: Relocated 138173 GSs.
Step 43200: Added 0 GSs. Now having 8000000 GSs.
Step 43300: Relocated 139705 GSs.
Step 43300: Added 0 GSs. Now having 8000000 GSs.
Step 43400: Relocated 132505 GSs.
Step 43400: Added 0 GSs. Now having 8000000 GSs.
Step 43500: Relocated 131990 GSs.
Step 43500: Added 0 GSs. Now having 8000000 GSs.
Step 43600: Relocated 124025 GSs.
Step 43600: Added 0 GSs. Now having 8000000 GSs.
Step 43700: Relocated 136297 GSs.
Step 43700: Added 0 GSs. Now having 8000000 GSs.
Step 43800: Relocated 127872 GSs.
Step 43800: Added 0 GSs. Now having 8000000 GSs.
Step 43900: Relocated 127882 GSs.
Step 43900: Added 0 GSs. Now having 8000000 GSs.
Step 44000: Relocated 124014 GSs.
Step 44000: Added 0 GSs. Now having 8000000 GSs.
[44000] loss 0.0566 l1 0.0336 ssim 0.8605 N 8000000
Step 44100: Relocated 117946 GSs.
Step 44100: Added 0 GSs. Now having 8000000 GSs.
Step 44200: Relocated 118055 GSs.
Step 44200: Added 0 GSs. Now having 8000000 GSs.
Step 44300: Relocated 118519 GSs.
Step 44300: Added 0 GSs. Now having 8000000 GSs.
Step 44400: Relocated 125921 GSs.
Step 44400: Added 0 GSs. Now having 8000000 GSs.
Step 44500: Relocated 118030 GSs.
Step 44500: Added 0 GSs. Now having 8000000 GSs.
Step 44600: Relocated 116868 GSs.
Step 44600: Added 0 GSs. Now having 8000000 GSs.
Step 44700: Relocated 115258 GSs.
Step 44700: Added 0 GSs. Now having 8000000 GSs.
Step 44800: Relocated 111790 GSs.
Step 44800: Added 0 GSs. Now having 8000000 GSs.
Step 44900: Relocated 116628 GSs.
Step 44900: Added 0 GSs. Now having 8000000 GSs.
Step 45000: Relocated 117587 GSs.
Step 45000: Added 0 GSs. Now having 8000000 GSs.
[45000] loss 0.0381 l1 0.0262 ssim 0.9238 N 8000000
Step 45100: Relocated 106928 GSs.
Step 45100: Added 0 GSs. Now having 8000000 GSs.
Step 45200: Relocated 118260 GSs.
Step 45200: Added 0 GSs. Now having 8000000 GSs.
Step 45300: Relocated 118263 GSs.
Step 45300: Added 0 GSs. Now having 8000000 GSs.
Step 45400: Relocated 114283 GSs.
Step 45400: Added 0 GSs. Now having 8000000 GSs.
Step 45500: Relocated 111745 GSs.
Step 45500: Added 0 GSs. Now having 8000000 GSs.
Step 45600: Relocated 111324 GSs.
Step 45600: Added 0 GSs. Now having 8000000 GSs.
Step 45700: Relocated 107502 GSs.
Step 45700: Added 0 GSs. Now having 8000000 GSs.
Step 45800: Relocated 116746 GSs.
Step 45800: Added 0 GSs. Now having 8000000 GSs.
Step 45900: Relocated 105132 GSs.
Step 45900: Added 0 GSs. Now having 8000000 GSs.
Step 46000: Relocated 103590 GSs.
Step 46000: Added 0 GSs. Now having 8000000 GSs.
[46000] loss 0.0602 l1 0.0346 ssim 0.8471 N 8000000
Step 46100: Relocated 105691 GSs.
Step 46100: Added 0 GSs. Now having 8000000 GSs.
Step 46200: Relocated 96499 GSs.
Step 46200: Added 0 GSs. Now having 8000000 GSs.
Step 46300: Relocated 101125 GSs.
Step 46300: Added 0 GSs. Now having 8000000 GSs.
Step 46400: Relocated 107393 GSs.
Step 46400: Added 0 GSs. Now having 8000000 GSs.
Step 46500: Relocated 100247 GSs.
/home/bkai/miniconda3/envs/gsplat/lib/python3.10/site-packages/torchvision/models/_utils.py:208: UserWarning: The parameter 'pretrained' is deprecated since 0.13 and may be removed in the future, please use 'weights' instead.
  warnings.warn(
/home/bkai/miniconda3/envs/gsplat/lib/python3.10/site-packages/torchvision/models/_utils.py:223: UserWarning: Arguments other than a weight enum or `None` for 'weights' are deprecated since 0.13 and may be removed in the future. The current behavior is equivalent to passing `weights=VGG16_Weights.IMAGENET1K_V1`. You can also use `weights=VGG16_Weights.DEFAULT` to get the most up-to-date weights.
  warnings.warn(msg)
Step 46500: Added 0 GSs. Now having 8000000 GSs.
Step 46600: Relocated 92465 GSs.
Step 46600: Added 0 GSs. Now having 8000000 GSs.
Step 46700: Relocated 92840 GSs.
Step 46700: Added 0 GSs. Now having 8000000 GSs.
Step 46800: Relocated 95316 GSs.
Step 46800: Added 0 GSs. Now having 8000000 GSs.
Step 46900: Relocated 95385 GSs.
Step 46900: Added 0 GSs. Now having 8000000 GSs.
Step 47000: Relocated 98304 GSs.
Step 47000: Added 0 GSs. Now having 8000000 GSs.
[47000] loss 0.0517 l1 0.0347 ssim 0.8903 N 8000000
Step 47100: Relocated 103881 GSs.
Step 47100: Added 0 GSs. Now having 8000000 GSs.
Step 47200: Relocated 97924 GSs.
Step 47200: Added 0 GSs. Now having 8000000 GSs.
Step 47300: Relocated 93364 GSs.
Step 47300: Added 0 GSs. Now having 8000000 GSs.
Step 47400: Relocated 94176 GSs.
Step 47400: Added 0 GSs. Now having 8000000 GSs.
Step 47500: Relocated 91702 GSs.
Step 47500: Added 0 GSs. Now having 8000000 GSs.
Step 47600: Relocated 92641 GSs.
Step 47600: Added 0 GSs. Now having 8000000 GSs.
Step 47700: Relocated 93770 GSs.
Step 47700: Added 0 GSs. Now having 8000000 GSs.
Step 47800: Relocated 88662 GSs.
Step 47800: Added 0 GSs. Now having 8000000 GSs.
Step 47900: Relocated 95306 GSs.
Step 47900: Added 0 GSs. Now having 8000000 GSs.
Step 48000: Relocated 96048 GSs.
Step 48000: Added 0 GSs. Now having 8000000 GSs.
[48000] loss 0.0475 l1 0.0319 ssim 0.9000 N 8000000
Step 48100: Relocated 93732 GSs.
Step 48100: Added 0 GSs. Now having 8000000 GSs.
Step 48200: Relocated 97442 GSs.
Step 48200: Added 0 GSs. Now having 8000000 GSs.
Step 48300: Relocated 91090 GSs.
Step 48300: Added 0 GSs. Now having 8000000 GSs.
Step 48400: Relocated 87711 GSs.
Step 48400: Added 0 GSs. Now having 8000000 GSs.
Step 48500: Relocated 94191 GSs.
Step 48500: Added 0 GSs. Now having 8000000 GSs.
Step 48600: Relocated 95555 GSs.
Step 48600: Added 0 GSs. Now having 8000000 GSs.
Step 48700: Relocated 85401 GSs.
Step 48700: Added 0 GSs. Now having 8000000 GSs.
Step 48800: Relocated 87707 GSs.
Step 48800: Added 0 GSs. Now having 8000000 GSs.
Step 48900: Relocated 83442 GSs.
Step 48900: Added 0 GSs. Now having 8000000 GSs.
Step 49000: Relocated 85938 GSs.
Step 49000: Added 0 GSs. Now having 8000000 GSs.
[49000] loss 0.0542 l1 0.0329 ssim 0.8707 N 8000000
Step 49100: Relocated 85777 GSs.
Step 49100: Added 0 GSs. Now having 8000000 GSs.
Step 49200: Relocated 84440 GSs.
Step 49200: Added 0 GSs. Now having 8000000 GSs.
Step 49300: Relocated 80923 GSs.
Step 49300: Added 0 GSs. Now having 8000000 GSs.
Step 49400: Relocated 82290 GSs.
Step 49400: Added 0 GSs. Now having 8000000 GSs.
Step 49500: Relocated 82209 GSs.
Step 49500: Added 0 GSs. Now having 8000000 GSs.
Step 49600: Relocated 81800 GSs.
Step 49600: Added 0 GSs. Now having 8000000 GSs.
Step 49700: Relocated 79178 GSs.
Step 49700: Added 0 GSs. Now having 8000000 GSs.
Step 49800: Relocated 79893 GSs.
Step 49800: Added 0 GSs. Now having 8000000 GSs.
Step 49900: Relocated 77789 GSs.
Step 49900: Added 0 GSs. Now having 8000000 GSs.
[50000] loss 0.0395 l1 0.0263 ssim 0.9176 N 8000000
Setting up [LPIPS] perceptual loss: trunk [vgg], v[0.1], spatial [off]
Loading model from: /home/bkai/miniconda3/envs/gsplat/lib/python3.10/site-packages/lpips/weights/v0.1/vgg.pth
[51000] loss 0.0545 l1 0.0283 ssim 0.8894 N 8000000
[52000] loss 0.0441 l1 0.0243 ssim 0.9246 N 8000000
[53000] loss 0.0597 l1 0.0349 ssim 0.8975 N 8000000
[54000] loss 0.0404 l1 0.0217 ssim 0.9302 N 8000000
[55000] loss 0.0542 l1 0.0295 ssim 0.8948 N 8000000
[56000] loss 0.0456 l1 0.0261 ssim 0.9212 N 8000000
[57000] loss 0.0466 l1 0.0253 ssim 0.9122 N 8000000
[58000] loss 0.0431 l1 0.0226 ssim 0.9191 N 8000000
[59000] loss 0.0498 l1 0.0292 ssim 0.9099 N 8000000
[59999] loss 0.0482 l1 0.0267 ssim 0.9129 N 8000000
Saved 8000000 gaussians to /mnt/d/avv/output/HCM0254_gsplatB9ut60k/ckpt.pt
=== UT60k HCM0254 TRAIN DONE ===
Wrote 60 images to /mnt/d/avv/output/HCM0254_gsplatB9ut60k/test_poses_renders
=== UT60k HCM0254 RENDERED ===
/mnt/c/Users/BKAI/an_plaza2/FastGS/gsplat_track/train_gsplat.py:320: UserWarning: The given NumPy array is not writable, and PyTorch does not support non-writable tensors. This means writing to this tensor will result in undefined behavior. You may want to copy the array to protect its data or make it writable before converting it to a tensor. This type of warning will be suppressed for the rest of this program. (Triggered internally at /pytorch/torch/csrc/utils/tensor_numpy.cpp:203.)
  gt_cache[vi] = torch.from_numpy(
240/372 images.bin entries have files in /home/bkai/data/phase1/private_set1/HCM0276/train/images
240 views, 220581 init points, K=[[925.7,0,660.0],[0,925.7,494.5]], size 1320x989
3DGUT mode: classic + with_ut + with_eval3d, k1=+0.008102
scene_scale 10.787
[0] loss 0.3267 l1 0.2148 ssim 0.2547 N 220581
Step 600: Relocated 21182 GSs.
Step 600: Added 11029 GSs. Now having 231610 GSs.
Step 700: Relocated 5857 GSs.
Step 700: Added 11580 GSs. Now having 243190 GSs.
Step 800: Relocated 5283 GSs.
Step 800: Added 12159 GSs. Now having 255349 GSs.
Step 900: Relocated 6257 GSs.
Step 900: Added 12767 GSs. Now having 268116 GSs.
Step 1000: Relocated 6271 GSs.
Step 1000: Added 13405 GSs. Now having 281521 GSs.
[1000] loss 0.1317 l1 0.0614 ssim 0.6055 N 281521
Step 1100: Relocated 7635 GSs.
Step 1100: Added 14076 GSs. Now having 295597 GSs.
Step 1200: Relocated 7142 GSs.
Step 1200: Added 14779 GSs. Now having 310376 GSs.
Step 1300: Relocated 8277 GSs.
Step 1300: Added 15518 GSs. Now having 325894 GSs.
Step 1400: Relocated 9932 GSs.
Step 1400: Added 16294 GSs. Now having 342188 GSs.
Step 1500: Relocated 11158 GSs.
Step 1500: Added 17109 GSs. Now having 359297 GSs.
Step 1600: Relocated 11337 GSs.
Step 1600: Added 17964 GSs. Now having 377261 GSs.
Step 1700: Relocated 11274 GSs.
Step 1700: Added 18863 GSs. Now having 396124 GSs.
Step 1800: Relocated 11958 GSs.
Step 1800: Added 19806 GSs. Now having 415930 GSs.
Step 1900: Relocated 14012 GSs.
Step 1900: Added 20796 GSs. Now having 436726 GSs.
Step 2000: Relocated 16519 GSs.
Step 2000: Added 21836 GSs. Now having 458562 GSs.
[2000] loss 0.1055 l1 0.0541 ssim 0.7035 N 458562
Step 2100: Relocated 18470 GSs.
Step 2100: Added 22928 GSs. Now having 481490 GSs.
Step 2200: Relocated 19729 GSs.
Step 2200: Added 24074 GSs. Now having 505564 GSs.
Step 2300: Relocated 20406 GSs.
Step 2300: Added 25278 GSs. Now having 530842 GSs.
Step 2400: Relocated 24824 GSs.
Step 2400: Added 26542 GSs. Now having 557384 GSs.
Step 2500: Relocated 24248 GSs.
Step 2500: Added 27869 GSs. Now having 585253 GSs.
Step 2600: Relocated 27052 GSs.
Step 2600: Added 29262 GSs. Now having 614515 GSs.
Step 2700: Relocated 28024 GSs.
Step 2700: Added 30725 GSs. Now having 645240 GSs.
Step 2800: Relocated 31176 GSs.
Step 2800: Added 32262 GSs. Now having 677502 GSs.
Step 2900: Relocated 33760 GSs.
Step 2900: Added 33875 GSs. Now having 711377 GSs.
Step 3000: Relocated 39398 GSs.
Step 3000: Added 35568 GSs. Now having 746945 GSs.
[3000] loss 0.1384 l1 0.0705 ssim 0.6013 N 746945
Step 3100: Relocated 37132 GSs.
Step 3100: Added 37347 GSs. Now having 784292 GSs.
Step 3200: Relocated 38504 GSs.
Step 3200: Added 39214 GSs. Now having 823506 GSs.
Step 3300: Relocated 44429 GSs.
Step 3300: Added 41175 GSs. Now having 864681 GSs.
Step 3400: Relocated 49155 GSs.
Step 3400: Added 43234 GSs. Now having 907915 GSs.
Step 3500: Relocated 46890 GSs.
Step 3500: Added 45395 GSs. Now having 953310 GSs.
Step 3600: Relocated 53056 GSs.
Step 3600: Added 47665 GSs. Now having 1000975 GSs.
Step 3700: Relocated 62537 GSs.
Step 3700: Added 50048 GSs. Now having 1051023 GSs.
Step 3800: Relocated 59704 GSs.
Step 3800: Added 52551 GSs. Now having 1103574 GSs.
Step 3900: Relocated 68536 GSs.
Step 3900: Added 55178 GSs. Now having 1158752 GSs.
Step 4000: Relocated 69717 GSs.
Step 4000: Added 57937 GSs. Now having 1216689 GSs.
[4000] loss 0.1259 l1 0.0595 ssim 0.6184 N 1216689
Step 4100: Relocated 77958 GSs.
Step 4100: Added 60834 GSs. Now having 1277523 GSs.
Step 4200: Relocated 82738 GSs.
Step 4200: Added 63876 GSs. Now having 1341399 GSs.
Step 4300: Relocated 86094 GSs.
Step 4300: Added 67069 GSs. Now having 1408468 GSs.
Step 4400: Relocated 86485 GSs.
Step 4400: Added 70423 GSs. Now having 1478891 GSs.
Step 4500: Relocated 87290 GSs.
Step 4500: Added 73944 GSs. Now having 1552835 GSs.
Step 4600: Relocated 93476 GSs.
Step 4600: Added 77641 GSs. Now having 1630476 GSs.
Step 4700: Relocated 112559 GSs.
Step 4700: Added 81523 GSs. Now having 1711999 GSs.
Step 4800: Relocated 112734 GSs.
Step 4800: Added 85599 GSs. Now having 1797598 GSs.
Step 4900: Relocated 119657 GSs.
Step 4900: Added 89879 GSs. Now having 1887477 GSs.
Step 5000: Relocated 117830 GSs.
Step 5000: Added 94373 GSs. Now having 1981850 GSs.
[5000] loss 0.1141 l1 0.0616 ssim 0.6842 N 1981850
Step 5100: Relocated 134486 GSs.
Step 5100: Added 99092 GSs. Now having 2080942 GSs.
Step 5200: Relocated 126824 GSs.
Step 5200: Added 104047 GSs. Now having 2184989 GSs.
Step 5300: Relocated 150799 GSs.
Step 5300: Added 109249 GSs. Now having 2294238 GSs.
Step 5400: Relocated 170365 GSs.
Step 5400: Added 114711 GSs. Now having 2408949 GSs.
Step 5500: Relocated 171517 GSs.
Step 5500: Added 120447 GSs. Now having 2529396 GSs.
Step 5600: Relocated 171593 GSs.
Step 5600: Added 126469 GSs. Now having 2655865 GSs.
Step 5700: Relocated 192300 GSs.
Step 5700: Added 132793 GSs. Now having 2788658 GSs.
Step 5800: Relocated 192860 GSs.
Step 5800: Added 139432 GSs. Now having 2928090 GSs.
Step 5900: Relocated 206899 GSs.
Step 5900: Added 146404 GSs. Now having 3074494 GSs.
Step 6000: Relocated 227465 GSs.
Step 6000: Added 153724 GSs. Now having 3228218 GSs.
[6000] loss 0.1029 l1 0.0540 ssim 0.7086 N 3228218
Step 6100: Relocated 235133 GSs.
Step 6100: Added 161410 GSs. Now having 3389628 GSs.
Step 6200: Relocated 261847 GSs.
Step 6200: Added 169481 GSs. Now having 3559109 GSs.
Step 6300: Relocated 264433 GSs.
Step 6300: Added 177955 GSs. Now having 3737064 GSs.
Step 6400: Relocated 265619 GSs.
Step 6400: Added 186853 GSs. Now having 3923917 GSs.
Step 6500: Relocated 283262 GSs.
Step 6500: Added 196195 GSs. Now having 4120112 GSs.
Step 6600: Relocated 289196 GSs.
Step 6600: Added 206005 GSs. Now having 4326117 GSs.
Step 6700: Relocated 312472 GSs.
Step 6700: Added 216305 GSs. Now having 4542422 GSs.
Step 6800: Relocated 360946 GSs.
Step 6800: Added 227121 GSs. Now having 4769543 GSs.
Step 6900: Relocated 361882 GSs.
Step 6900: Added 238477 GSs. Now having 5008020 GSs.
Step 7000: Relocated 417447 GSs.
Step 7000: Added 250401 GSs. Now having 5258421 GSs.
[7000] loss 0.1241 l1 0.0656 ssim 0.6485 N 5258421
Step 7100: Relocated 459555 GSs.
Step 7100: Added 262921 GSs. Now having 5521342 GSs.
Step 7200: Relocated 460351 GSs.
Step 7200: Added 276067 GSs. Now having 5797409 GSs.
Step 7300: Relocated 493373 GSs.
Step 7300: Added 289870 GSs. Now having 6087279 GSs.
Step 7400: Relocated 536209 GSs.
Step 7400: Added 304363 GSs. Now having 6391642 GSs.
Step 7500: Relocated 536418 GSs.
Step 7500: Added 319582 GSs. Now having 6711224 GSs.
Step 7600: Relocated 605508 GSs.
Step 7600: Added 335561 GSs. Now having 7046785 GSs.
Step 7700: Relocated 625147 GSs.
Step 7700: Added 352339 GSs. Now having 7399124 GSs.
Step 7800: Relocated 657798 GSs.
Step 7800: Added 369956 GSs. Now having 7769080 GSs.
Step 7900: Relocated 683900 GSs.
Step 7900: Added 230920 GSs. Now having 8000000 GSs.
Step 8000: Relocated 724972 GSs.
Step 8000: Added 0 GSs. Now having 8000000 GSs.
[8000] loss 0.0992 l1 0.0509 ssim 0.7130 N 8000000
Step 8100: Relocated 610979 GSs.
Step 8100: Added 0 GSs. Now having 8000000 GSs.
Step 8200: Relocated 511893 GSs.
Step 8200: Added 0 GSs. Now having 8000000 GSs.
Step 8300: Relocated 511277 GSs.
Step 8300: Added 0 GSs. Now having 8000000 GSs.
Step 8400: Relocated 469531 GSs.
Step 8400: Added 0 GSs. Now having 8000000 GSs.
Step 8500: Relocated 454966 GSs.
Step 8500: Added 0 GSs. Now having 8000000 GSs.
Step 8600: Relocated 432246 GSs.
Step 8600: Added 0 GSs. Now having 8000000 GSs.
Step 8700: Relocated 420968 GSs.
Step 8700: Added 0 GSs. Now having 8000000 GSs.
Step 8800: Relocated 413347 GSs.
Step 8800: Added 0 GSs. Now having 8000000 GSs.
Step 8900: Relocated 394642 GSs.
Step 8900: Added 0 GSs. Now having 8000000 GSs.
Step 9000: Relocated 410493 GSs.
Step 9000: Added 0 GSs. Now having 8000000 GSs.
[9000] loss 0.0819 l1 0.0449 ssim 0.7756 N 8000000
Step 9100: Relocated 380442 GSs.
Step 9100: Added 0 GSs. Now having 8000000 GSs.
Step 9200: Relocated 377019 GSs.
Step 9200: Added 0 GSs. Now having 8000000 GSs.
Step 9300: Relocated 411451 GSs.
Step 9300: Added 0 GSs. Now having 8000000 GSs.
Step 9400: Relocated 412892 GSs.
Step 9400: Added 0 GSs. Now having 8000000 GSs.
Step 9500: Relocated 416441 GSs.
Step 9500: Added 0 GSs. Now having 8000000 GSs.
Step 9600: Relocated 383024 GSs.
Step 9600: Added 0 GSs. Now having 8000000 GSs.
Step 9700: Relocated 380440 GSs.
Step 9700: Added 0 GSs. Now having 8000000 GSs.
Step 9800: Relocated 395865 GSs.
Step 9800: Added 0 GSs. Now having 8000000 GSs.
Step 9900: Relocated 383552 GSs.
Step 9900: Added 0 GSs. Now having 8000000 GSs.
Step 10000: Relocated 396205 GSs.
Step 10000: Added 0 GSs. Now having 8000000 GSs.
[10000] loss 0.0944 l1 0.0559 ssim 0.7576 N 8000000
Step 10100: Relocated 372637 GSs.
Step 10100: Added 0 GSs. Now having 8000000 GSs.
Step 10200: Relocated 381615 GSs.
Step 10200: Added 0 GSs. Now having 8000000 GSs.
Step 10300: Relocated 390359 GSs.
Step 10300: Added 0 GSs. Now having 8000000 GSs.
Step 10400: Relocated 378886 GSs.
Step 10400: Added 0 GSs. Now having 8000000 GSs.
Step 10500: Relocated 361466 GSs.
Step 10500: Added 0 GSs. Now having 8000000 GSs.
Step 10600: Relocated 363741 GSs.
Step 10600: Added 0 GSs. Now having 8000000 GSs.
Step 10700: Relocated 384770 GSs.
Step 10700: Added 0 GSs. Now having 8000000 GSs.
Step 10800: Relocated 378091 GSs.
Step 10800: Added 0 GSs. Now having 8000000 GSs.
Step 10900: Relocated 373273 GSs.
Step 10900: Added 0 GSs. Now having 8000000 GSs.
Step 11000: Relocated 364121 GSs.
Step 11000: Added 0 GSs. Now having 8000000 GSs.
[11000] loss 0.1047 l1 0.0516 ssim 0.6890 N 8000000
Step 11100: Relocated 366124 GSs.
Step 11100: Added 0 GSs. Now having 8000000 GSs.
Step 11200: Relocated 362808 GSs.
Step 11200: Added 0 GSs. Now having 8000000 GSs.
Step 11300: Relocated 388407 GSs.
Step 11300: Added 0 GSs. Now having 8000000 GSs.
Step 11400: Relocated 414052 GSs.
Step 11400: Added 0 GSs. Now having 8000000 GSs.
Step 11500: Relocated 386636 GSs.
Step 11500: Added 0 GSs. Now having 8000000 GSs.
Step 11600: Relocated 371967 GSs.
Step 11600: Added 0 GSs. Now having 8000000 GSs.
Step 11700: Relocated 384822 GSs.
Step 11700: Added 0 GSs. Now having 8000000 GSs.
Step 11800: Relocated 368776 GSs.
Step 11800: Added 0 GSs. Now having 8000000 GSs.
Step 11900: Relocated 357143 GSs.
Step 11900: Added 0 GSs. Now having 8000000 GSs.
Step 12000: Relocated 369749 GSs.
Step 12000: Added 0 GSs. Now having 8000000 GSs.
[12000] loss 0.0796 l1 0.0479 ssim 0.7999 N 8000000
Step 12100: Relocated 367911 GSs.
Step 12100: Added 0 GSs. Now having 8000000 GSs.
Step 12200: Relocated 384480 GSs.
Step 12200: Added 0 GSs. Now having 8000000 GSs.
Step 12300: Relocated 375761 GSs.
Step 12300: Added 0 GSs. Now having 8000000 GSs.
Step 12400: Relocated 364536 GSs.
Step 12400: Added 0 GSs. Now having 8000000 GSs.
Step 12500: Relocated 361385 GSs.
Step 12500: Added 0 GSs. Now having 8000000 GSs.
Step 12600: Relocated 358716 GSs.
Step 12600: Added 0 GSs. Now having 8000000 GSs.
Step 12700: Relocated 367360 GSs.
Step 12700: Added 0 GSs. Now having 8000000 GSs.
Step 12800: Relocated 419939 GSs.
Step 12800: Added 0 GSs. Now having 8000000 GSs.
Step 12900: Relocated 386359 GSs.
Step 12900: Added 0 GSs. Now having 8000000 GSs.
Step 13000: Relocated 379889 GSs.
Step 13000: Added 0 GSs. Now having 8000000 GSs.
[13000] loss 0.0832 l1 0.0480 ssim 0.7825 N 8000000
Step 13100: Relocated 383179 GSs.
Step 13100: Added 0 GSs. Now having 8000000 GSs.
Step 13200: Relocated 370064 GSs.
Step 13200: Added 0 GSs. Now having 8000000 GSs.
Step 13300: Relocated 388884 GSs.
Step 13300: Added 0 GSs. Now having 8000000 GSs.
Step 13400: Relocated 394727 GSs.
Step 13400: Added 0 GSs. Now having 8000000 GSs.
Step 13500: Relocated 390716 GSs.
Step 13500: Added 0 GSs. Now having 8000000 GSs.
Step 13600: Relocated 402228 GSs.
Step 13600: Added 0 GSs. Now having 8000000 GSs.
Step 13700: Relocated 451346 GSs.
Step 13700: Added 0 GSs. Now having 8000000 GSs.
Step 13800: Relocated 415391 GSs.
Step 13800: Added 0 GSs. Now having 8000000 GSs.
Step 13900: Relocated 399369 GSs.
Step 13900: Added 0 GSs. Now having 8000000 GSs.
Step 14000: Relocated 411519 GSs.
Step 14000: Added 0 GSs. Now having 8000000 GSs.
[14000] loss 0.0663 l1 0.0365 ssim 0.8211 N 8000000
Step 14100: Relocated 408077 GSs.
Step 14100: Added 0 GSs. Now having 8000000 GSs.
Step 14200: Relocated 410352 GSs.
Step 14200: Added 0 GSs. Now having 8000000 GSs.
Step 14300: Relocated 370885 GSs.
Step 14300: Added 0 GSs. Now having 8000000 GSs.
Step 14400: Relocated 394447 GSs.
Step 14400: Added 0 GSs. Now having 8000000 GSs.
Step 14500: Relocated 382533 GSs.
Step 14500: Added 0 GSs. Now having 8000000 GSs.
Step 14600: Relocated 397686 GSs.
Step 14600: Added 0 GSs. Now having 8000000 GSs.
Step 14700: Relocated 415915 GSs.
Step 14700: Added 0 GSs. Now having 8000000 GSs.
Step 14800: Relocated 411273 GSs.
Step 14800: Added 0 GSs. Now having 8000000 GSs.
Step 14900: Relocated 372139 GSs.
Step 14900: Added 0 GSs. Now having 8000000 GSs.
Step 15000: Relocated 383605 GSs.
Step 15000: Added 0 GSs. Now having 8000000 GSs.
[15000] loss 0.0943 l1 0.0491 ssim 0.7311 N 8000000
Step 15100: Relocated 408982 GSs.
Step 15100: Added 0 GSs. Now having 8000000 GSs.
Step 15200: Relocated 388219 GSs.
Step 15200: Added 0 GSs. Now having 8000000 GSs.
Step 15300: Relocated 415646 GSs.
Step 15300: Added 0 GSs. Now having 8000000 GSs.
Step 15400: Relocated 403585 GSs.
Step 15400: Added 0 GSs. Now having 8000000 GSs.
Step 15500: Relocated 388979 GSs.
Step 15500: Added 0 GSs. Now having 8000000 GSs.
Step 15600: Relocated 379945 GSs.
Step 15600: Added 0 GSs. Now having 8000000 GSs.
Step 15700: Relocated 416257 GSs.
Step 15700: Added 0 GSs. Now having 8000000 GSs.
Step 15800: Relocated 382445 GSs.
Step 15800: Added 0 GSs. Now having 8000000 GSs.
Step 15900: Relocated 425825 GSs.
Step 15900: Added 0 GSs. Now having 8000000 GSs.
Step 16000: Relocated 376779 GSs.
Step 16000: Added 0 GSs. Now having 8000000 GSs.
[16000] loss 0.0603 l1 0.0372 ssim 0.8540 N 8000000
Step 16100: Relocated 405063 GSs.
Step 16100: Added 0 GSs. Now having 8000000 GSs.
Step 16200: Relocated 438683 GSs.
Step 16200: Added 0 GSs. Now having 8000000 GSs.
Step 16300: Relocated 437547 GSs.
Step 16300: Added 0 GSs. Now having 8000000 GSs.
Step 16400: Relocated 423014 GSs.
Step 16400: Added 0 GSs. Now having 8000000 GSs.
Step 16500: Relocated 434693 GSs.
Step 16500: Added 0 GSs. Now having 8000000 GSs.
Step 16600: Relocated 408548 GSs.
Step 16600: Added 0 GSs. Now having 8000000 GSs.
Step 16700: Relocated 383151 GSs.
Step 16700: Added 0 GSs. Now having 8000000 GSs.
Step 16800: Relocated 377557 GSs.
Step 16800: Added 0 GSs. Now having 8000000 GSs.
Step 16900: Relocated 373205 GSs.
Step 16900: Added 0 GSs. Now having 8000000 GSs.
Step 17000: Relocated 391103 GSs.
Step 17000: Added 0 GSs. Now having 8000000 GSs.
[17000] loss 0.0868 l1 0.0451 ssim 0.7531 N 8000000
Step 17100: Relocated 385923 GSs.
Step 17100: Added 0 GSs. Now having 8000000 GSs.
Step 17200: Relocated 391794 GSs.
Step 17200: Added 0 GSs. Now having 8000000 GSs.
Step 17300: Relocated 363167 GSs.
Step 17300: Added 0 GSs. Now having 8000000 GSs.
Step 17400: Relocated 367999 GSs.
Step 17400: Added 0 GSs. Now having 8000000 GSs.
Step 17500: Relocated 366171 GSs.
Step 17500: Added 0 GSs. Now having 8000000 GSs.
Step 17600: Relocated 373078 GSs.
Step 17600: Added 0 GSs. Now having 8000000 GSs.
Step 17700: Relocated 405468 GSs.
Step 17700: Added 0 GSs. Now having 8000000 GSs.
Step 17800: Relocated 387631 GSs.
Step 17800: Added 0 GSs. Now having 8000000 GSs.
Step 17900: Relocated 397753 GSs.
Step 17900: Added 0 GSs. Now having 8000000 GSs.
Step 18000: Relocated 402791 GSs.
Step 18000: Added 0 GSs. Now having 8000000 GSs.
[18000] loss 0.0591 l1 0.0369 ssim 0.8587 N 8000000
Step 18100: Relocated 378228 GSs.
Step 18100: Added 0 GSs. Now having 8000000 GSs.
Step 18200: Relocated 363364 GSs.
Step 18200: Added 0 GSs. Now having 8000000 GSs.
Step 18300: Relocated 363853 GSs.
Step 18300: Added 0 GSs. Now having 8000000 GSs.
Step 18400: Relocated 358768 GSs.
Step 18400: Added 0 GSs. Now having 8000000 GSs.
Step 18500: Relocated 362791 GSs.
Step 18500: Added 0 GSs. Now having 8000000 GSs.
Step 18600: Relocated 367483 GSs.
Step 18600: Added 0 GSs. Now having 8000000 GSs.
Step 18700: Relocated 384289 GSs.
Step 18700: Added 0 GSs. Now having 8000000 GSs.
Step 18800: Relocated 394859 GSs.
Step 18800: Added 0 GSs. Now having 8000000 GSs.
Step 18900: Relocated 384979 GSs.
Step 18900: Added 0 GSs. Now having 8000000 GSs.
Step 19000: Relocated 391399 GSs.
Step 19000: Added 0 GSs. Now having 8000000 GSs.
[19000] loss 0.0737 l1 0.0428 ssim 0.8095 N 8000000
Step 19100: Relocated 388500 GSs.
Step 19100: Added 0 GSs. Now having 8000000 GSs.
Step 19200: Relocated 387522 GSs.
Step 19200: Added 0 GSs. Now having 8000000 GSs.
Step 19300: Relocated 371485 GSs.
Step 19300: Added 0 GSs. Now having 8000000 GSs.
Step 19400: Relocated 400622 GSs.
Step 19400: Added 0 GSs. Now having 8000000 GSs.
Step 19500: Relocated 431820 GSs.
Step 19500: Added 0 GSs. Now having 8000000 GSs.
Step 19600: Relocated 399595 GSs.
Step 19600: Added 0 GSs. Now having 8000000 GSs.
Step 19700: Relocated 380632 GSs.
Step 19700: Added 0 GSs. Now having 8000000 GSs.
Step 19800: Relocated 356694 GSs.
Step 19800: Added 0 GSs. Now having 8000000 GSs.
Step 19900: Relocated 378413 GSs.
Step 19900: Added 0 GSs. Now having 8000000 GSs.
Step 20000: Relocated 365132 GSs.
Step 20000: Added 0 GSs. Now having 8000000 GSs.
[20000] loss 0.0562 l1 0.0333 ssim 0.8592 N 8000000
Step 20100: Relocated 357046 GSs.
Step 20100: Added 0 GSs. Now having 8000000 GSs.
Step 20200: Relocated 341265 GSs.
Step 20200: Added 0 GSs. Now having 8000000 GSs.
Step 20300: Relocated 361356 GSs.
Step 20300: Added 0 GSs. Now having 8000000 GSs.
Step 20400: Relocated 372805 GSs.
Step 20400: Added 0 GSs. Now having 8000000 GSs.
Step 20500: Relocated 376795 GSs.
Step 20500: Added 0 GSs. Now having 8000000 GSs.
Step 20600: Relocated 379789 GSs.
Step 20600: Added 0 GSs. Now having 8000000 GSs.
Step 20700: Relocated 381069 GSs.
Step 20700: Added 0 GSs. Now having 8000000 GSs.
Step 20800: Relocated 383580 GSs.
Step 20800: Added 0 GSs. Now having 8000000 GSs.
Step 20900: Relocated 377406 GSs.
Step 20900: Added 0 GSs. Now having 8000000 GSs.
Step 21000: Relocated 375742 GSs.
Step 21000: Added 0 GSs. Now having 8000000 GSs.
[21000] loss 0.0636 l1 0.0362 ssim 0.8338 N 8000000
Step 21100: Relocated 376541 GSs.
Step 21100: Added 0 GSs. Now having 8000000 GSs.
Step 21200: Relocated 382654 GSs.
Step 21200: Added 0 GSs. Now having 8000000 GSs.
Step 21300: Relocated 406170 GSs.
Step 21300: Added 0 GSs. Now having 8000000 GSs.
Step 21400: Relocated 355568 GSs.
Step 21400: Added 0 GSs. Now having 8000000 GSs.
Step 21500: Relocated 338843 GSs.
Step 21500: Added 0 GSs. Now having 8000000 GSs.
Step 21600: Relocated 363388 GSs.
Step 21600: Added 0 GSs. Now having 8000000 GSs.
Step 21700: Relocated 380220 GSs.
Step 21700: Added 0 GSs. Now having 8000000 GSs.
Step 21800: Relocated 378246 GSs.
Step 21800: Added 0 GSs. Now having 8000000 GSs.
Step 21900: Relocated 391032 GSs.
Step 21900: Added 0 GSs. Now having 8000000 GSs.
Step 22000: Relocated 427897 GSs.
Step 22000: Added 0 GSs. Now having 8000000 GSs.
[22000] loss 0.0650 l1 0.0419 ssim 0.8499 N 8000000
Step 22100: Relocated 406132 GSs.
Step 22100: Added 0 GSs. Now having 8000000 GSs.
Step 22200: Relocated 384709 GSs.
Step 22200: Added 0 GSs. Now having 8000000 GSs.
Step 22300: Relocated 400707 GSs.
Step 22300: Added 0 GSs. Now having 8000000 GSs.
Step 22400: Relocated 369586 GSs.
Step 22400: Added 0 GSs. Now having 8000000 GSs.
Step 22500: Relocated 366353 GSs.
Step 22500: Added 0 GSs. Now having 8000000 GSs.
Step 22600: Relocated 383354 GSs.
Step 22600: Added 0 GSs. Now having 8000000 GSs.
Step 22700: Relocated 373193 GSs.
Step 22700: Added 0 GSs. Now having 8000000 GSs.
Step 22800: Relocated 381856 GSs.
Step 22800: Added 0 GSs. Now having 8000000 GSs.
Step 22900: Relocated 366992 GSs.
Step 22900: Added 0 GSs. Now having 8000000 GSs.
Step 23000: Relocated 365188 GSs.
Step 23000: Added 0 GSs. Now having 8000000 GSs.
[23000] loss 0.0779 l1 0.0519 ssim 0.8256 N 8000000
Step 23100: Relocated 328540 GSs.
Step 23100: Added 0 GSs. Now having 8000000 GSs.
Step 23200: Relocated 356185 GSs.
Step 23200: Added 0 GSs. Now having 8000000 GSs.
Step 23300: Relocated 345232 GSs.
Step 23300: Added 0 GSs. Now having 8000000 GSs.
Step 23400: Relocated 341239 GSs.
Step 23400: Added 0 GSs. Now having 8000000 GSs.
Step 23500: Relocated 383355 GSs.
Step 23500: Added 0 GSs. Now having 8000000 GSs.
Step 23600: Relocated 339256 GSs.
Step 23600: Added 0 GSs. Now having 8000000 GSs.
Step 23700: Relocated 351077 GSs.
Step 23700: Added 0 GSs. Now having 8000000 GSs.
Step 23800: Relocated 346538 GSs.
Step 23800: Added 0 GSs. Now having 8000000 GSs.
Step 23900: Relocated 339269 GSs.
Step 23900: Added 0 GSs. Now having 8000000 GSs.
Step 24000: Relocated 347282 GSs.
Step 24000: Added 0 GSs. Now having 8000000 GSs.
[24000] loss 0.0574 l1 0.0383 ssim 0.8734 N 8000000
Step 24100: Relocated 335873 GSs.
Step 24100: Added 0 GSs. Now having 8000000 GSs.
Step 24200: Relocated 335816 GSs.
Step 24200: Added 0 GSs. Now having 8000000 GSs.
Step 24300: Relocated 337629 GSs.
Step 24300: Added 0 GSs. Now having 8000000 GSs.
Step 24400: Relocated 348232 GSs.
Step 24400: Added 0 GSs. Now having 8000000 GSs.
Step 24500: Relocated 371297 GSs.
Step 24500: Added 0 GSs. Now having 8000000 GSs.
Step 24600: Relocated 344244 GSs.
Step 24600: Added 0 GSs. Now having 8000000 GSs.
Step 24700: Relocated 327890 GSs.
Step 24700: Added 0 GSs. Now having 8000000 GSs.
Step 24800: Relocated 329016 GSs.
Step 24800: Added 0 GSs. Now having 8000000 GSs.
Step 24900: Relocated 334822 GSs.
Step 24900: Added 0 GSs. Now having 8000000 GSs.
Step 25000: Relocated 347134 GSs.
Step 25000: Added 0 GSs. Now having 8000000 GSs.
[25000] loss 0.0765 l1 0.0434 ssim 0.7982 N 8000000
Step 25100: Relocated 363608 GSs.
Step 25100: Added 0 GSs. Now having 8000000 GSs.
Step 25200: Relocated 367070 GSs.
Step 25200: Added 0 GSs. Now having 8000000 GSs.
Step 25300: Relocated 353598 GSs.
Step 25300: Added 0 GSs. Now having 8000000 GSs.
Step 25400: Relocated 374427 GSs.
Step 25400: Added 0 GSs. Now having 8000000 GSs.
Step 25500: Relocated 353016 GSs.
Step 25500: Added 0 GSs. Now having 8000000 GSs.
Step 25600: Relocated 352757 GSs.
Step 25600: Added 0 GSs. Now having 8000000 GSs.
Step 25700: Relocated 333394 GSs.
Step 25700: Added 0 GSs. Now having 8000000 GSs.
Step 25800: Relocated 324381 GSs.
Step 25800: Added 0 GSs. Now having 8000000 GSs.
Step 25900: Relocated 334104 GSs.
Step 25900: Added 0 GSs. Now having 8000000 GSs.
Step 26000: Relocated 344412 GSs.
Step 26000: Added 0 GSs. Now having 8000000 GSs.
[26000] loss 0.0574 l1 0.0373 ssim 0.8699 N 8000000
Step 26100: Relocated 340794 GSs.
Step 26100: Added 0 GSs. Now having 8000000 GSs.
Step 26200: Relocated 333007 GSs.
Step 26200: Added 0 GSs. Now having 8000000 GSs.
Step 26300: Relocated 337465 GSs.
Step 26300: Added 0 GSs. Now having 8000000 GSs.
Step 26400: Relocated 316387 GSs.
Step 26400: Added 0 GSs. Now having 8000000 GSs.
Step 26500: Relocated 314899 GSs.
Step 26500: Added 0 GSs. Now having 8000000 GSs.
Step 26600: Relocated 333488 GSs.
Step 26600: Added 0 GSs. Now having 8000000 GSs.
Step 26700: Relocated 312325 GSs.
Step 26700: Added 0 GSs. Now having 8000000 GSs.
Step 26800: Relocated 315732 GSs.
Step 26800: Added 0 GSs. Now having 8000000 GSs.
Step 26900: Relocated 314196 GSs.
Step 26900: Added 0 GSs. Now having 8000000 GSs.
Step 27000: Relocated 298608 GSs.
Step 27000: Added 0 GSs. Now having 8000000 GSs.
[27000] loss 0.0570 l1 0.0343 ssim 0.8597 N 8000000
Step 27100: Relocated 345288 GSs.
Step 27100: Added 0 GSs. Now having 8000000 GSs.
Step 27200: Relocated 324132 GSs.
Step 27200: Added 0 GSs. Now having 8000000 GSs.
Step 27300: Relocated 317356 GSs.
Step 27300: Added 0 GSs. Now having 8000000 GSs.
Step 27400: Relocated 337107 GSs.
Step 27400: Added 0 GSs. Now having 8000000 GSs.
Step 27500: Relocated 334346 GSs.
Step 27500: Added 0 GSs. Now having 8000000 GSs.
Step 27600: Relocated 335750 GSs.
Step 27600: Added 0 GSs. Now having 8000000 GSs.
Step 27700: Relocated 317942 GSs.
Step 27700: Added 0 GSs. Now having 8000000 GSs.
Step 27800: Relocated 317590 GSs.
Step 27800: Added 0 GSs. Now having 8000000 GSs.
Step 27900: Relocated 307486 GSs.
Step 27900: Added 0 GSs. Now having 8000000 GSs.
Step 28000: Relocated 309596 GSs.
Step 28000: Added 0 GSs. Now having 8000000 GSs.
[28000] loss 0.0589 l1 0.0369 ssim 0.8606 N 8000000
Step 28100: Relocated 314200 GSs.
Step 28100: Added 0 GSs. Now having 8000000 GSs.
Step 28200: Relocated 313383 GSs.
Step 28200: Added 0 GSs. Now having 8000000 GSs.
Step 28300: Relocated 296876 GSs.
Step 28300: Added 0 GSs. Now having 8000000 GSs.
Step 28400: Relocated 282014 GSs.
Step 28400: Added 0 GSs. Now having 8000000 GSs.
Step 28500: Relocated 312101 GSs.
Step 28500: Added 0 GSs. Now having 8000000 GSs.
Step 28600: Relocated 324081 GSs.
Step 28600: Added 0 GSs. Now having 8000000 GSs.
Step 28700: Relocated 338905 GSs.
Step 28700: Added 0 GSs. Now having 8000000 GSs.
Step 28800: Relocated 295497 GSs.
Step 28800: Added 0 GSs. Now having 8000000 GSs.
Step 28900: Relocated 290472 GSs.
Step 28900: Added 0 GSs. Now having 8000000 GSs.
Step 29000: Relocated 310547 GSs.
Step 29000: Added 0 GSs. Now having 8000000 GSs.
[29000] loss 0.0497 l1 0.0326 ssim 0.8893 N 8000000
Step 29100: Relocated 320548 GSs.
Step 29100: Added 0 GSs. Now having 8000000 GSs.
Step 29200: Relocated 342760 GSs.
Step 29200: Added 0 GSs. Now having 8000000 GSs.
Step 29300: Relocated 335182 GSs.
Step 29300: Added 0 GSs. Now having 8000000 GSs.
Step 29400: Relocated 326671 GSs.
Step 29400: Added 0 GSs. Now having 8000000 GSs.
Step 29500: Relocated 337061 GSs.
Step 29500: Added 0 GSs. Now having 8000000 GSs.
Step 29600: Relocated 333971 GSs.
Step 29600: Added 0 GSs. Now having 8000000 GSs.
Step 29700: Relocated 318705 GSs.
Step 29700: Added 0 GSs. Now having 8000000 GSs.
Step 29800: Relocated 339899 GSs.
Step 29800: Added 0 GSs. Now having 8000000 GSs.
Step 29900: Relocated 299179 GSs.
Step 29900: Added 0 GSs. Now having 8000000 GSs.
Step 30000: Relocated 326235 GSs.
Step 30000: Added 0 GSs. Now having 8000000 GSs.
[30000] loss 0.0541 l1 0.0327 ssim 0.8682 N 8000000
Step 30100: Relocated 301028 GSs.
Step 30100: Added 0 GSs. Now having 8000000 GSs.
Step 30200: Relocated 324515 GSs.
Step 30200: Added 0 GSs. Now having 8000000 GSs.
Step 30300: Relocated 313889 GSs.
Step 30300: Added 0 GSs. Now having 8000000 GSs.
Step 30400: Relocated 295369 GSs.
Step 30400: Added 0 GSs. Now having 8000000 GSs.
Step 30500: Relocated 291193 GSs.
Step 30500: Added 0 GSs. Now having 8000000 GSs.
Step 30600: Relocated 284015 GSs.
Step 30600: Added 0 GSs. Now having 8000000 GSs.
Step 30700: Relocated 293654 GSs.
Step 30700: Added 0 GSs. Now having 8000000 GSs.
Step 30800: Relocated 285182 GSs.
Step 30800: Added 0 GSs. Now having 8000000 GSs.
Step 30900: Relocated 275833 GSs.
Step 30900: Added 0 GSs. Now having 8000000 GSs.
Step 31000: Relocated 289059 GSs.
Step 31000: Added 0 GSs. Now having 8000000 GSs.
[31000] loss 0.0506 l1 0.0330 ssim 0.8871 N 8000000
Step 31100: Relocated 300858 GSs.
Step 31100: Added 0 GSs. Now having 8000000 GSs.
Step 31200: Relocated 297761 GSs.
Step 31200: Added 0 GSs. Now having 8000000 GSs.
Step 31300: Relocated 278757 GSs.
Step 31300: Added 0 GSs. Now having 8000000 GSs.
Step 31400: Relocated 286352 GSs.
Step 31400: Added 0 GSs. Now having 8000000 GSs.
Step 31500: Relocated 279609 GSs.
Step 31500: Added 0 GSs. Now having 8000000 GSs.
Step 31600: Relocated 276641 GSs.
Step 31600: Added 0 GSs. Now having 8000000 GSs.
Step 31700: Relocated 281949 GSs.
Step 31700: Added 0 GSs. Now having 8000000 GSs.
Step 31800: Relocated 291910 GSs.
Step 31800: Added 0 GSs. Now having 8000000 GSs.
Step 31900: Relocated 281404 GSs.
Step 31900: Added 0 GSs. Now having 8000000 GSs.
Step 32000: Relocated 291497 GSs.
Step 32000: Added 0 GSs. Now having 8000000 GSs.
[32000] loss 0.0607 l1 0.0384 ssim 0.8579 N 8000000
Step 32100: Relocated 281292 GSs.
Step 32100: Added 0 GSs. Now having 8000000 GSs.
Step 32200: Relocated 287368 GSs.
Step 32200: Added 0 GSs. Now having 8000000 GSs.
Step 32300: Relocated 267049 GSs.
Step 32300: Added 0 GSs. Now having 8000000 GSs.
Step 32400: Relocated 273024 GSs.
Step 32400: Added 0 GSs. Now having 8000000 GSs.
Step 32500: Relocated 268387 GSs.
Step 32500: Added 0 GSs. Now having 8000000 GSs.
Step 32600: Relocated 283576 GSs.
Step 32600: Added 0 GSs. Now having 8000000 GSs.
Step 32700: Relocated 289226 GSs.
Step 32700: Added 0 GSs. Now having 8000000 GSs.
Step 32800: Relocated 273931 GSs.
Step 32800: Added 0 GSs. Now having 8000000 GSs.
Step 32900: Relocated 266226 GSs.
Step 32900: Added 0 GSs. Now having 8000000 GSs.
Step 33000: Relocated 270307 GSs.
Step 33000: Added 0 GSs. Now having 8000000 GSs.
[33000] loss 0.0440 l1 0.0290 ssim 0.9041 N 8000000
Step 33100: Relocated 276395 GSs.
Step 33100: Added 0 GSs. Now having 8000000 GSs.
Step 33200: Relocated 272079 GSs.
Step 33200: Added 0 GSs. Now having 8000000 GSs.
Step 33300: Relocated 290616 GSs.
Step 33300: Added 0 GSs. Now having 8000000 GSs.
Step 33400: Relocated 273404 GSs.
Step 33400: Added 0 GSs. Now having 8000000 GSs.
Step 33500: Relocated 273956 GSs.
Step 33500: Added 0 GSs. Now having 8000000 GSs.
Step 33600: Relocated 262118 GSs.
Step 33600: Added 0 GSs. Now having 8000000 GSs.
Step 33700: Relocated 268036 GSs.
Step 33700: Added 0 GSs. Now having 8000000 GSs.
Step 33800: Relocated 264753 GSs.
Step 33800: Added 0 GSs. Now having 8000000 GSs.
Step 33900: Relocated 263516 GSs.
Step 33900: Added 0 GSs. Now having 8000000 GSs.
Step 34000: Relocated 252902 GSs.
Step 34000: Added 0 GSs. Now having 8000000 GSs.
[34000] loss 0.0572 l1 0.0376 ssim 0.8725 N 8000000
Step 34100: Relocated 277816 GSs.
Step 34100: Added 0 GSs. Now having 8000000 GSs.
Step 34200: Relocated 263510 GSs.
Step 34200: Added 0 GSs. Now having 8000000 GSs.
Step 34300: Relocated 245850 GSs.
Step 34300: Added 0 GSs. Now having 8000000 GSs.
Step 34400: Relocated 254442 GSs.
Step 34400: Added 0 GSs. Now having 8000000 GSs.
Step 34500: Relocated 253093 GSs.
Step 34500: Added 0 GSs. Now having 8000000 GSs.
Step 34600: Relocated 255488 GSs.
Step 34600: Added 0 GSs. Now having 8000000 GSs.
Step 34700: Relocated 256633 GSs.
Step 34700: Added 0 GSs. Now having 8000000 GSs.
Step 34800: Relocated 266995 GSs.
Step 34800: Added 0 GSs. Now having 8000000 GSs.
Step 34900: Relocated 254843 GSs.
Step 34900: Added 0 GSs. Now having 8000000 GSs.
Step 35000: Relocated 251575 GSs.
Step 35000: Added 0 GSs. Now having 8000000 GSs.
[35000] loss 0.0538 l1 0.0357 ssim 0.8823 N 8000000
Step 35100: Relocated 257318 GSs.
Step 35100: Added 0 GSs. Now having 8000000 GSs.
Step 35200: Relocated 248843 GSs.
Step 35200: Added 0 GSs. Now having 8000000 GSs.
Step 35300: Relocated 248670 GSs.
Step 35300: Added 0 GSs. Now having 8000000 GSs.
Step 35400: Relocated 253554 GSs.
Step 35400: Added 0 GSs. Now having 8000000 GSs.
Step 35500: Relocated 244056 GSs.
Step 35500: Added 0 GSs. Now having 8000000 GSs.
Step 35600: Relocated 253447 GSs.
Step 35600: Added 0 GSs. Now having 8000000 GSs.
Step 35700: Relocated 234292 GSs.
Step 35700: Added 0 GSs. Now having 8000000 GSs.
Step 35800: Relocated 231491 GSs.
Step 35800: Added 0 GSs. Now having 8000000 GSs.
Step 35900: Relocated 249345 GSs.
Step 35900: Added 0 GSs. Now having 8000000 GSs.
Step 36000: Relocated 245857 GSs.
Step 36000: Added 0 GSs. Now having 8000000 GSs.
[36000] loss 0.0528 l1 0.0351 ssim 0.8848 N 8000000
Step 36100: Relocated 244812 GSs.
Step 36100: Added 0 GSs. Now having 8000000 GSs.
Step 36200: Relocated 271054 GSs.
Step 36200: Added 0 GSs. Now having 8000000 GSs.
Step 36300: Relocated 267085 GSs.
Step 36300: Added 0 GSs. Now having 8000000 GSs.
Step 36400: Relocated 268598 GSs.
Step 36400: Added 0 GSs. Now having 8000000 GSs.
Step 36500: Relocated 239200 GSs.
Step 36500: Added 0 GSs. Now having 8000000 GSs.
Step 36600: Relocated 231172 GSs.
Step 36600: Added 0 GSs. Now having 8000000 GSs.
Step 36700: Relocated 227495 GSs.
Step 36700: Added 0 GSs. Now having 8000000 GSs.
Step 36800: Relocated 213641 GSs.
Step 36800: Added 0 GSs. Now having 8000000 GSs.
Step 36900: Relocated 201345 GSs.
Step 36900: Added 0 GSs. Now having 8000000 GSs.
Step 37000: Relocated 215867 GSs.
Step 37000: Added 0 GSs. Now having 8000000 GSs.
[37000] loss 0.0444 l1 0.0281 ssim 0.8989 N 8000000
Step 37100: Relocated 220905 GSs.
Step 37100: Added 0 GSs. Now having 8000000 GSs.
Step 37200: Relocated 233006 GSs.
Step 37200: Added 0 GSs. Now having 8000000 GSs.
Step 37300: Relocated 222069 GSs.
Step 37300: Added 0 GSs. Now having 8000000 GSs.
Step 37400: Relocated 220068 GSs.
Step 37400: Added 0 GSs. Now having 8000000 GSs.
Step 37500: Relocated 225373 GSs.
Step 37500: Added 0 GSs. Now having 8000000 GSs.
Step 37600: Relocated 219371 GSs.
Step 37600: Added 0 GSs. Now having 8000000 GSs.
Step 37700: Relocated 218246 GSs.
Step 37700: Added 0 GSs. Now having 8000000 GSs.
Step 37800: Relocated 231755 GSs.
Step 37800: Added 0 GSs. Now having 8000000 GSs.
Step 37900: Relocated 230136 GSs.
Step 37900: Added 0 GSs. Now having 8000000 GSs.
Step 38000: Relocated 230452 GSs.
Step 38000: Added 0 GSs. Now having 8000000 GSs.
[38000] loss 0.0461 l1 0.0301 ssim 0.8983 N 8000000
Step 38100: Relocated 218234 GSs.
Step 38100: Added 0 GSs. Now having 8000000 GSs.
Step 38200: Relocated 217688 GSs.
Step 38200: Added 0 GSs. Now having 8000000 GSs.
Step 38300: Relocated 203886 GSs.
Step 38300: Added 0 GSs. Now having 8000000 GSs.
Step 38400: Relocated 209482 GSs.
Step 38400: Added 0 GSs. Now having 8000000 GSs.
Step 38500: Relocated 208893 GSs.
Step 38500: Added 0 GSs. Now having 8000000 GSs.
Step 38600: Relocated 201404 GSs.
Step 38600: Added 0 GSs. Now having 8000000 GSs.
Step 38700: Relocated 208073 GSs.
Step 38700: Added 0 GSs. Now having 8000000 GSs.
Step 38800: Relocated 204251 GSs.
Step 38800: Added 0 GSs. Now having 8000000 GSs.
Step 38900: Relocated 207402 GSs.
Step 38900: Added 0 GSs. Now having 8000000 GSs.
Step 39000: Relocated 188191 GSs.
Step 39000: Added 0 GSs. Now having 8000000 GSs.
[39000] loss 0.0636 l1 0.0403 ssim 0.8520 N 8000000
Step 39100: Relocated 184839 GSs.
Step 39100: Added 0 GSs. Now having 8000000 GSs.
Step 39200: Relocated 194214 GSs.
Step 39200: Added 0 GSs. Now having 8000000 GSs.
Step 39300: Relocated 202197 GSs.
Step 39300: Added 0 GSs. Now having 8000000 GSs.
Step 39400: Relocated 202186 GSs.
Step 39400: Added 0 GSs. Now having 8000000 GSs.
Step 39500: Relocated 199879 GSs.
Step 39500: Added 0 GSs. Now having 8000000 GSs.
Step 39600: Relocated 187384 GSs.
Step 39600: Added 0 GSs. Now having 8000000 GSs.
Step 39700: Relocated 192018 GSs.
Step 39700: Added 0 GSs. Now having 8000000 GSs.
Step 39800: Relocated 193205 GSs.
Step 39800: Added 0 GSs. Now having 8000000 GSs.
Step 39900: Relocated 188622 GSs.
Step 39900: Added 0 GSs. Now having 8000000 GSs.
Step 40000: Relocated 195180 GSs.
Step 40000: Added 0 GSs. Now having 8000000 GSs.
[40000] loss 0.0468 l1 0.0311 ssim 0.8994 N 8000000
Step 40100: Relocated 200880 GSs.
Step 40100: Added 0 GSs. Now having 8000000 GSs.
Step 40200: Relocated 181002 GSs.
Step 40200: Added 0 GSs. Now having 8000000 GSs.
Step 40300: Relocated 176974 GSs.
Step 40300: Added 0 GSs. Now having 8000000 GSs.
Step 40400: Relocated 188930 GSs.
Step 40400: Added 0 GSs. Now having 8000000 GSs.
Step 40500: Relocated 177905 GSs.
Step 40500: Added 0 GSs. Now having 8000000 GSs.
Step 40600: Relocated 182185 GSs.
Step 40600: Added 0 GSs. Now having 8000000 GSs.
Step 40700: Relocated 168726 GSs.
Step 40700: Added 0 GSs. Now having 8000000 GSs.
Step 40800: Relocated 190115 GSs.
Step 40800: Added 0 GSs. Now having 8000000 GSs.
Step 40900: Relocated 172150 GSs.
Step 40900: Added 0 GSs. Now having 8000000 GSs.
Step 41000: Relocated 174869 GSs.
Step 41000: Added 0 GSs. Now having 8000000 GSs.
[41000] loss 0.0474 l1 0.0324 ssim 0.9013 N 8000000
Step 41100: Relocated 173683 GSs.
Step 41100: Added 0 GSs. Now having 8000000 GSs.
Step 41200: Relocated 174632 GSs.
Step 41200: Added 0 GSs. Now having 8000000 GSs.
Step 41300: Relocated 169329 GSs.
Step 41300: Added 0 GSs. Now having 8000000 GSs.
Step 41400: Relocated 165480 GSs.
Step 41400: Added 0 GSs. Now having 8000000 GSs.
Step 41500: Relocated 181503 GSs.
Step 41500: Added 0 GSs. Now having 8000000 GSs.
Step 41600: Relocated 168481 GSs.
Step 41600: Added 0 GSs. Now having 8000000 GSs.
Step 41700: Relocated 158937 GSs.
Step 41700: Added 0 GSs. Now having 8000000 GSs.
Step 41800: Relocated 168065 GSs.
Step 41800: Added 0 GSs. Now having 8000000 GSs.
Step 41900: Relocated 165665 GSs.
Step 41900: Added 0 GSs. Now having 8000000 GSs.
Step 42000: Relocated 183518 GSs.
Step 42000: Added 0 GSs. Now having 8000000 GSs.
[42000] loss 0.0402 l1 0.0262 ssim 0.9127 N 8000000
Step 42100: Relocated 171717 GSs.
Step 42100: Added 0 GSs. Now having 8000000 GSs.
Step 42200: Relocated 178340 GSs.
Step 42200: Added 0 GSs. Now having 8000000 GSs.
Step 42300: Relocated 158057 GSs.
Step 42300: Added 0 GSs. Now having 8000000 GSs.
Step 42400: Relocated 166515 GSs.
Step 42400: Added 0 GSs. Now having 8000000 GSs.
Step 42500: Relocated 158083 GSs.
Step 42500: Added 0 GSs. Now having 8000000 GSs.
Step 42600: Relocated 159117 GSs.
Step 42600: Added 0 GSs. Now having 8000000 GSs.
Step 42700: Relocated 166817 GSs.
Step 42700: Added 0 GSs. Now having 8000000 GSs.
Step 42800: Relocated 167367 GSs.
Step 42800: Added 0 GSs. Now having 8000000 GSs.
Step 42900: Relocated 166715 GSs.
Step 42900: Added 0 GSs. Now having 8000000 GSs.
Step 43000: Relocated 146127 GSs.
Step 43000: Added 0 GSs. Now having 8000000 GSs.
[43000] loss 0.0615 l1 0.0418 ssim 0.8688 N 8000000
Step 43100: Relocated 155215 GSs.
Step 43100: Added 0 GSs. Now having 8000000 GSs.
Step 43200: Relocated 168795 GSs.
Step 43200: Added 0 GSs. Now having 8000000 GSs.
Step 43300: Relocated 172557 GSs.
Step 43300: Added 0 GSs. Now having 8000000 GSs.
Step 43400: Relocated 152729 GSs.
Step 43400: Added 0 GSs. Now having 8000000 GSs.
Step 43500: Relocated 158792 GSs.
Step 43500: Added 0 GSs. Now having 8000000 GSs.
Step 43600: Relocated 161400 GSs.
Step 43600: Added 0 GSs. Now having 8000000 GSs.
Step 43700: Relocated 161580 GSs.
Step 43700: Added 0 GSs. Now having 8000000 GSs.
Step 43800: Relocated 153168 GSs.
Step 43800: Added 0 GSs. Now having 8000000 GSs.
Step 43900: Relocated 143254 GSs.
Step 43900: Added 0 GSs. Now having 8000000 GSs.
Step 44000: Relocated 152665 GSs.
Step 44000: Added 0 GSs. Now having 8000000 GSs.
[44000] loss 0.0390 l1 0.0260 ssim 0.9182 N 8000000
Step 44100: Relocated 152027 GSs.
Step 44100: Added 0 GSs. Now having 8000000 GSs.
Step 44200: Relocated 148481 GSs.
Step 44200: Added 0 GSs. Now having 8000000 GSs.
Step 44300: Relocated 145508 GSs.
Step 44300: Added 0 GSs. Now having 8000000 GSs.
Step 44400: Relocated 140704 GSs.
Step 44400: Added 0 GSs. Now having 8000000 GSs.
Step 44500: Relocated 145639 GSs.
Step 44500: Added 0 GSs. Now having 8000000 GSs.
Step 44600: Relocated 136634 GSs.
Step 44600: Added 0 GSs. Now having 8000000 GSs.
Step 44700: Relocated 133409 GSs.
Step 44700: Added 0 GSs. Now having 8000000 GSs.
Step 44800: Relocated 147670 GSs.
Step 44800: Added 0 GSs. Now having 8000000 GSs.
Step 44900: Relocated 148992 GSs.
Step 44900: Added 0 GSs. Now having 8000000 GSs.
Step 45000: Relocated 136424 GSs.
Step 45000: Added 0 GSs. Now having 8000000 GSs.
[45000] loss 0.0550 l1 0.0388 ssim 0.8892 N 8000000
Step 45100: Relocated 135161 GSs.
Step 45100: Added 0 GSs. Now having 8000000 GSs.
Step 45200: Relocated 140397 GSs.
Step 45200: Added 0 GSs. Now having 8000000 GSs.
Step 45300: Relocated 131452 GSs.
Step 45300: Added 0 GSs. Now having 8000000 GSs.
Step 45400: Relocated 130658 GSs.
Step 45400: Added 0 GSs. Now having 8000000 GSs.
Step 45500: Relocated 134754 GSs.
Step 45500: Added 0 GSs. Now having 8000000 GSs.
Step 45600: Relocated 129720 GSs.
Step 45600: Added 0 GSs. Now having 8000000 GSs.
Step 45700: Relocated 121906 GSs.
Step 45700: Added 0 GSs. Now having 8000000 GSs.
Step 45800: Relocated 128420 GSs.
Step 45800: Added 0 GSs. Now having 8000000 GSs.
Step 45900: Relocated 127731 GSs.
Step 45900: Added 0 GSs. Now having 8000000 GSs.
Step 46000: Relocated 127862 GSs.
Step 46000: Added 0 GSs. Now having 8000000 GSs.
[46000] loss 0.0540 l1 0.0365 ssim 0.8853 N 8000000
Step 46100: Relocated 126000 GSs.
Step 46100: Added 0 GSs. Now having 8000000 GSs.
Step 46200: Relocated 124930 GSs.
Step 46200: Added 0 GSs. Now having 8000000 GSs.
Step 46300: Relocated 127278 GSs.
Step 46300: Added 0 GSs. Now having 8000000 GSs.
Step 46400: Relocated 128679 GSs.
Step 46400: Added 0 GSs. Now having 8000000 GSs.
Step 46500: Relocated 122845 GSs.
/home/bkai/miniconda3/envs/gsplat/lib/python3.10/site-packages/torchvision/models/_utils.py:208: UserWarning: The parameter 'pretrained' is deprecated since 0.13 and may be removed in the future, please use 'weights' instead.
  warnings.warn(
/home/bkai/miniconda3/envs/gsplat/lib/python3.10/site-packages/torchvision/models/_utils.py:223: UserWarning: Arguments other than a weight enum or `None` for 'weights' are deprecated since 0.13 and may be removed in the future. The current behavior is equivalent to passing `weights=VGG16_Weights.IMAGENET1K_V1`. You can also use `weights=VGG16_Weights.DEFAULT` to get the most up-to-date weights.
  warnings.warn(msg)
Step 46500: Added 0 GSs. Now having 8000000 GSs.
Step 46600: Relocated 120079 GSs.
Step 46600: Added 0 GSs. Now having 8000000 GSs.
Step 46700: Relocated 121418 GSs.
Step 46700: Added 0 GSs. Now having 8000000 GSs.
Step 46800: Relocated 117649 GSs.
Step 46800: Added 0 GSs. Now having 8000000 GSs.
Step 46900: Relocated 116735 GSs.
Step 46900: Added 0 GSs. Now having 8000000 GSs.
Step 47000: Relocated 123415 GSs.
Step 47000: Added 0 GSs. Now having 8000000 GSs.
[47000] loss 0.0372 l1 0.0252 ssim 0.9244 N 8000000
Step 47100: Relocated 127857 GSs.
Step 47100: Added 0 GSs. Now having 8000000 GSs.
Step 47200: Relocated 118501 GSs.
Step 47200: Added 0 GSs. Now having 8000000 GSs.
Step 47300: Relocated 122218 GSs.
Step 47300: Added 0 GSs. Now having 8000000 GSs.
Step 47400: Relocated 119350 GSs.
Step 47400: Added 0 GSs. Now having 8000000 GSs.
Step 47500: Relocated 114373 GSs.
Step 47500: Added 0 GSs. Now having 8000000 GSs.
Step 47600: Relocated 114661 GSs.
Step 47600: Added 0 GSs. Now having 8000000 GSs.
Step 47700: Relocated 109381 GSs.
Step 47700: Added 0 GSs. Now having 8000000 GSs.
Step 47800: Relocated 106291 GSs.
Step 47800: Added 0 GSs. Now having 8000000 GSs.
Step 47900: Relocated 107625 GSs.
Step 47900: Added 0 GSs. Now having 8000000 GSs.
Step 48000: Relocated 103548 GSs.
Step 48000: Added 0 GSs. Now having 8000000 GSs.
[48000] loss 0.0371 l1 0.0255 ssim 0.9257 N 8000000
Step 48100: Relocated 110694 GSs.
Step 48100: Added 0 GSs. Now having 8000000 GSs.
Step 48200: Relocated 122289 GSs.
Step 48200: Added 0 GSs. Now having 8000000 GSs.
Step 48300: Relocated 112419 GSs.
Step 48300: Added 0 GSs. Now having 8000000 GSs.
Step 48400: Relocated 108220 GSs.
Step 48400: Added 0 GSs. Now having 8000000 GSs.
Step 48500: Relocated 107293 GSs.
Step 48500: Added 0 GSs. Now having 8000000 GSs.
Step 48600: Relocated 116196 GSs.
Step 48600: Added 0 GSs. Now having 8000000 GSs.
Step 48700: Relocated 107630 GSs.
Step 48700: Added 0 GSs. Now having 8000000 GSs.
Step 48800: Relocated 105148 GSs.
Step 48800: Added 0 GSs. Now having 8000000 GSs.
Step 48900: Relocated 107419 GSs.
Step 48900: Added 0 GSs. Now having 8000000 GSs.
Step 49000: Relocated 101937 GSs.
Step 49000: Added 0 GSs. Now having 8000000 GSs.
[49000] loss 0.0532 l1 0.0364 ssim 0.8893 N 8000000
Step 49100: Relocated 100632 GSs.
Step 49100: Added 0 GSs. Now having 8000000 GSs.
Step 49200: Relocated 103724 GSs.
Step 49200: Added 0 GSs. Now having 8000000 GSs.
Step 49300: Relocated 99696 GSs.
Step 49300: Added 0 GSs. Now having 8000000 GSs.
Step 49400: Relocated 97450 GSs.
Step 49400: Added 0 GSs. Now having 8000000 GSs.
Step 49500: Relocated 89691 GSs.
Step 49500: Added 0 GSs. Now having 8000000 GSs.
Step 49600: Relocated 93455 GSs.
Step 49600: Added 0 GSs. Now having 8000000 GSs.
Step 49700: Relocated 97462 GSs.
Step 49700: Added 0 GSs. Now having 8000000 GSs.
Step 49800: Relocated 96516 GSs.
Step 49800: Added 0 GSs. Now having 8000000 GSs.
Step 49900: Relocated 98201 GSs.
Step 49900: Added 0 GSs. Now having 8000000 GSs.
[50000] loss 0.0604 l1 0.0406 ssim 0.8699 N 8000000
Setting up [LPIPS] perceptual loss: trunk [vgg], v[0.1], spatial [off]
Loading model from: /home/bkai/miniconda3/envs/gsplat/lib/python3.10/site-packages/lpips/weights/v0.1/vgg.pth
[51000] loss 0.0466 l1 0.0267 ssim 0.9168 N 8000000
[52000] loss 0.0465 l1 0.0275 ssim 0.9207 N 8000000
[53000] loss 0.0565 l1 0.0354 ssim 0.9070 N 8000000
[54000] loss 0.0410 l1 0.0232 ssim 0.9380 N 8000000
[55000] loss 0.0445 l1 0.0249 ssim 0.9198 N 8000000
[56000] loss 0.0594 l1 0.0377 ssim 0.9032 N 8000000
[57000] loss 0.0401 l1 0.0243 ssim 0.9349 N 8000000
[58000] loss 0.0496 l1 0.0279 ssim 0.9141 N 8000000
[59000] loss 0.0536 l1 0.0338 ssim 0.9076 N 8000000
[59999] loss 0.0490 l1 0.0298 ssim 0.9178 N 8000000
Saved 8000000 gaussians to /mnt/d/avv/output/HCM0276_gsplatB9ut60k/ckpt.pt
=== UT60k HCM0276 TRAIN DONE ===
Wrote 60 images to /mnt/d/avv/output/HCM0276_gsplatB9ut60k/test_poses_renders
=== UT60k HCM0276 RENDERED ===
/mnt/c/Users/BKAI/an_plaza2/FastGS/gsplat_track/train_gsplat.py:320: UserWarning: The given NumPy array is not writable, and PyTorch does not support non-writable tensors. This means writing to this tensor will result in undefined behavior. You may want to copy the array to protect its data or make it writable before converting it to a tensor. This type of warning will be suppressed for the rest of this program. (Triggered internally at /pytorch/torch/csrc/utils/tensor_numpy.cpp:203.)
  gt_cache[vi] = torch.from_numpy(
103/129 images.bin entries have files in /home/bkai/data/phase1/private_set1/HCM1439/train/images
103 views, 48347 init points, K=[[926.3,0,660.0],[0,926.3,494.5]], size 1320x989
3DGUT mode: classic + with_ut + with_eval3d, k1=+0.007594
scene_scale 10.178
[0] loss 0.2849 l1 0.1894 ssim 0.3662 N 48347
Step 600: Relocated 5847 GSs.
Step 600: Added 2417 GSs. Now having 50764 GSs.
Step 700: Relocated 1544 GSs.
Step 700: Added 2538 GSs. Now having 53302 GSs.
Step 800: Relocated 1532 GSs.
Step 800: Added 2665 GSs. Now having 55967 GSs.
Step 900: Relocated 1543 GSs.
Step 900: Added 2798 GSs. Now having 58765 GSs.
Step 1000: Relocated 1410 GSs.
Step 1000: Added 2938 GSs. Now having 61703 GSs.
[1000] loss 0.1553 l1 0.0669 ssim 0.5140 N 61703
Step 1100: Relocated 1665 GSs.
Step 1100: Added 3085 GSs. Now having 64788 GSs.
Step 1200: Relocated 1761 GSs.
Step 1200: Added 3239 GSs. Now having 68027 GSs.
Step 1300: Relocated 1872 GSs.
Step 1300: Added 3401 GSs. Now having 71428 GSs.
Step 1400: Relocated 1930 GSs.
Step 1400: Added 3571 GSs. Now having 74999 GSs.
Step 1500: Relocated 1930 GSs.
Step 1500: Added 3749 GSs. Now having 78748 GSs.
Step 1600: Relocated 2286 GSs.
Step 1600: Added 3937 GSs. Now having 82685 GSs.
Step 1700: Relocated 2540 GSs.
Step 1700: Added 4134 GSs. Now having 86819 GSs.
Step 1800: Relocated 2644 GSs.
Step 1800: Added 4340 GSs. Now having 91159 GSs.
Step 1900: Relocated 2795 GSs.
Step 1900: Added 4557 GSs. Now having 95716 GSs.
Step 2000: Relocated 3069 GSs.
Step 2000: Added 4785 GSs. Now having 100501 GSs.
[2000] loss 0.1231 l1 0.0490 ssim 0.5996 N 100501
Step 2100: Relocated 3778 GSs.
Step 2100: Added 5025 GSs. Now having 105526 GSs.
Step 2200: Relocated 3533 GSs.
Step 2200: Added 5276 GSs. Now having 110802 GSs.
Step 2300: Relocated 3970 GSs.
Step 2300: Added 5540 GSs. Now having 116342 GSs.
Step 2400: Relocated 3991 GSs.
Step 2400: Added 5817 GSs. Now having 122159 GSs.
Step 2500: Relocated 4251 GSs.
Step 2500: Added 6107 GSs. Now having 128266 GSs.
Step 2600: Relocated 4786 GSs.
Step 2600: Added 6413 GSs. Now having 134679 GSs.
Step 2700: Relocated 5698 GSs.
Step 2700: Added 6733 GSs. Now having 141412 GSs.
Step 2800: Relocated 5826 GSs.
Step 2800: Added 7070 GSs. Now having 148482 GSs.
Step 2900: Relocated 5650 GSs.
Step 2900: Added 7424 GSs. Now having 155906 GSs.
Step 3000: Relocated 5938 GSs.
Step 3000: Added 7795 GSs. Now having 163701 GSs.
[3000] loss 0.1103 l1 0.0495 ssim 0.6626 N 163701
Step 3100: Relocated 7434 GSs.
Step 3100: Added 8185 GSs. Now having 171886 GSs.
Step 3200: Relocated 7861 GSs.
Step 3200: Added 8594 GSs. Now having 180480 GSs.
Step 3300: Relocated 8355 GSs.
Step 3300: Added 9024 GSs. Now having 189504 GSs.
Step 3400: Relocated 8599 GSs.
Step 3400: Added 9475 GSs. Now having 198979 GSs.
Step 3500: Relocated 9155 GSs.
Step 3500: Added 9948 GSs. Now having 208927 GSs.
Step 3600: Relocated 9185 GSs.
Step 3600: Added 10446 GSs. Now having 219373 GSs.
Step 3700: Relocated 10062 GSs.
Step 3700: Added 10968 GSs. Now having 230341 GSs.
Step 3800: Relocated 11168 GSs.
Step 3800: Added 11517 GSs. Now having 241858 GSs.
Step 3900: Relocated 11126 GSs.
Step 3900: Added 12092 GSs. Now having 253950 GSs.
Step 4000: Relocated 11347 GSs.
Step 4000: Added 12697 GSs. Now having 266647 GSs.
[4000] loss 0.1306 l1 0.0556 ssim 0.5831 N 266647
Step 4100: Relocated 12392 GSs.
Step 4100: Added 13332 GSs. Now having 279979 GSs.
Step 4200: Relocated 13998 GSs.
Step 4200: Added 13998 GSs. Now having 293977 GSs.
Step 4300: Relocated 14043 GSs.
Step 4300: Added 14698 GSs. Now having 308675 GSs.
Step 4400: Relocated 17467 GSs.
Step 4400: Added 15433 GSs. Now having 324108 GSs.
Step 4500: Relocated 18324 GSs.
Step 4500: Added 16205 GSs. Now having 340313 GSs.
Step 4600: Relocated 18167 GSs.
Step 4600: Added 17015 GSs. Now having 357328 GSs.
Step 4700: Relocated 17554 GSs.
Step 4700: Added 17866 GSs. Now having 375194 GSs.
Step 4800: Relocated 18879 GSs.
Step 4800: Added 18759 GSs. Now having 393953 GSs.
Step 4900: Relocated 22285 GSs.
Step 4900: Added 19697 GSs. Now having 413650 GSs.
Step 5000: Relocated 23657 GSs.
Step 5000: Added 20682 GSs. Now having 434332 GSs.
[5000] loss 0.0989 l1 0.0392 ssim 0.6738 N 434332
Step 5100: Relocated 21757 GSs.
Step 5100: Added 21716 GSs. Now having 456048 GSs.
Step 5200: Relocated 25365 GSs.
Step 5200: Added 22802 GSs. Now having 478850 GSs.
Step 5300: Relocated 27812 GSs.
Step 5300: Added 23942 GSs. Now having 502792 GSs.
Step 5400: Relocated 27405 GSs.
Step 5400: Added 25139 GSs. Now having 527931 GSs.
Step 5500: Relocated 29754 GSs.
Step 5500: Added 26396 GSs. Now having 554327 GSs.
Step 5600: Relocated 30935 GSs.
Step 5600: Added 27716 GSs. Now having 582043 GSs.
Step 5700: Relocated 30232 GSs.
Step 5700: Added 29102 GSs. Now having 611145 GSs.
Step 5800: Relocated 35443 GSs.
Step 5800: Added 30557 GSs. Now having 641702 GSs.
Step 5900: Relocated 38943 GSs.
Step 5900: Added 32085 GSs. Now having 673787 GSs.
Step 6000: Relocated 39231 GSs.
Step 6000: Added 33689 GSs. Now having 707476 GSs.
[6000] loss 0.1405 l1 0.0593 ssim 0.5450 N 707476
Step 6100: Relocated 43748 GSs.
Step 6100: Added 35373 GSs. Now having 742849 GSs.
Step 6200: Relocated 44374 GSs.
Step 6200: Added 37142 GSs. Now having 779991 GSs.
Step 6300: Relocated 52300 GSs.
Step 6300: Added 38999 GSs. Now having 818990 GSs.
Step 6400: Relocated 52534 GSs.
Step 6400: Added 40949 GSs. Now having 859939 GSs.
Step 6500: Relocated 55011 GSs.
Step 6500: Added 42996 GSs. Now having 902935 GSs.
Step 6600: Relocated 58528 GSs.
Step 6600: Added 45146 GSs. Now having 948081 GSs.
Step 6700: Relocated 59698 GSs.
Step 6700: Added 47404 GSs. Now having 995485 GSs.
Step 6800: Relocated 63848 GSs.
Step 6800: Added 49774 GSs. Now having 1045259 GSs.
Step 6900: Relocated 72343 GSs.
Step 6900: Added 52262 GSs. Now having 1097521 GSs.
Step 7000: Relocated 73619 GSs.
Step 7000: Added 54876 GSs. Now having 1152397 GSs.
[7000] loss 0.1093 l1 0.0486 ssim 0.6567 N 1152397
Step 7100: Relocated 76912 GSs.
Step 7100: Added 57619 GSs. Now having 1210016 GSs.
Step 7200: Relocated 75901 GSs.
Step 7200: Added 60500 GSs. Now having 1270516 GSs.
Step 7300: Relocated 87632 GSs.
Step 7300: Added 63525 GSs. Now having 1334041 GSs.
Step 7400: Relocated 93667 GSs.
Step 7400: Added 66702 GSs. Now having 1400743 GSs.
Step 7500: Relocated 92248 GSs.
Step 7500: Added 70037 GSs. Now having 1470780 GSs.
Step 7600: Relocated 100970 GSs.
Step 7600: Added 73539 GSs. Now having 1544319 GSs.
Step 7700: Relocated 113576 GSs.
Step 7700: Added 77215 GSs. Now having 1621534 GSs.
Step 7800: Relocated 122562 GSs.
Step 7800: Added 81076 GSs. Now having 1702610 GSs.
Step 7900: Relocated 132292 GSs.
Step 7900: Added 85130 GSs. Now having 1787740 GSs.
Step 8000: Relocated 136823 GSs.
Step 8000: Added 89387 GSs. Now having 1877127 GSs.
[8000] loss 0.1444 l1 0.0604 ssim 0.5274 N 1877127
Step 8100: Relocated 148455 GSs.
Step 8100: Added 93856 GSs. Now having 1970983 GSs.
Step 8200: Relocated 148496 GSs.
Step 8200: Added 98549 GSs. Now having 2069532 GSs.
Step 8300: Relocated 152170 GSs.
Step 8300: Added 103476 GSs. Now having 2173008 GSs.
Step 8400: Relocated 176559 GSs.
Step 8400: Added 108650 GSs. Now having 2281658 GSs.
Step 8500: Relocated 169812 GSs.
Step 8500: Added 114082 GSs. Now having 2395740 GSs.
Step 8600: Relocated 200284 GSs.
Step 8600: Added 119787 GSs. Now having 2515527 GSs.
Step 8700: Relocated 205036 GSs.
Step 8700: Added 125776 GSs. Now having 2641303 GSs.
Step 8800: Relocated 209605 GSs.
Step 8800: Added 132065 GSs. Now having 2773368 GSs.
Step 8900: Relocated 217469 GSs.
Step 8900: Added 138668 GSs. Now having 2912036 GSs.
Step 9000: Relocated 219937 GSs.
Step 9000: Added 145601 GSs. Now having 3057637 GSs.
[9000] loss 0.0965 l1 0.0422 ssim 0.6934 N 3057637
Step 9100: Relocated 234746 GSs.
Step 9100: Added 152881 GSs. Now having 3210518 GSs.
Step 9200: Relocated 236930 GSs.
Step 9200: Added 160525 GSs. Now having 3371043 GSs.
Step 9300: Relocated 252567 GSs.
Step 9300: Added 168552 GSs. Now having 3539595 GSs.
Step 9400: Relocated 273266 GSs.
Step 9400: Added 176979 GSs. Now having 3716574 GSs.
Step 9500: Relocated 315121 GSs.
Step 9500: Added 185828 GSs. Now having 3902402 GSs.
Step 9600: Relocated 306256 GSs.
Step 9600: Added 195120 GSs. Now having 4097522 GSs.
Step 9700: Relocated 318641 GSs.
Step 9700: Added 204876 GSs. Now having 4302398 GSs.
Step 9800: Relocated 403978 GSs.
Step 9800: Added 215119 GSs. Now having 4517517 GSs.
Step 9900: Relocated 417949 GSs.
Step 9900: Added 225875 GSs. Now having 4743392 GSs.
Step 10000: Relocated 425805 GSs.
Step 10000: Added 237169 GSs. Now having 4980561 GSs.
[10000] loss 0.1182 l1 0.0542 ssim 0.6321 N 4980561
Step 10100: Relocated 445449 GSs.
Step 10100: Added 249028 GSs. Now having 5229589 GSs.
Step 10200: Relocated 475512 GSs.
Step 10200: Added 261479 GSs. Now having 5491068 GSs.
Step 10300: Relocated 468920 GSs.
Step 10300: Added 274553 GSs. Now having 5765621 GSs.
Step 10400: Relocated 544127 GSs.
Step 10400: Added 288281 GSs. Now having 6053902 GSs.
Step 10500: Relocated 593254 GSs.
Step 10500: Added 302695 GSs. Now having 6356597 GSs.
Step 10600: Relocated 632667 GSs.
Step 10600: Added 317829 GSs. Now having 6674426 GSs.
Step 10700: Relocated 606431 GSs.
Step 10700: Added 333721 GSs. Now having 7008147 GSs.
Step 10800: Relocated 656047 GSs.
Step 10800: Added 350407 GSs. Now having 7358554 GSs.
Step 10900: Relocated 671397 GSs.
Step 10900: Added 367927 GSs. Now having 7726481 GSs.
Step 11000: Relocated 731922 GSs.
Step 11000: Added 273519 GSs. Now having 8000000 GSs.
[11000] loss 0.0869 l1 0.0412 ssim 0.7358 N 8000000
Step 11100: Relocated 738364 GSs.
Step 11100: Added 0 GSs. Now having 8000000 GSs.
Step 11200: Relocated 627212 GSs.
Step 11200: Added 0 GSs. Now having 8000000 GSs.
Step 11300: Relocated 545407 GSs.
Step 11300: Added 0 GSs. Now having 8000000 GSs.
Step 11400: Relocated 515368 GSs.
Step 11400: Added 0 GSs. Now having 8000000 GSs.
Step 11500: Relocated 498067 GSs.
Step 11500: Added 0 GSs. Now having 8000000 GSs.
Step 11600: Relocated 508568 GSs.
Step 11600: Added 0 GSs. Now having 8000000 GSs.
Step 11700: Relocated 492278 GSs.
Step 11700: Added 0 GSs. Now having 8000000 GSs.
Step 11800: Relocated 454766 GSs.
Step 11800: Added 0 GSs. Now having 8000000 GSs.
Step 11900: Relocated 445341 GSs.
Step 11900: Added 0 GSs. Now having 8000000 GSs.
Step 12000: Relocated 434983 GSs.
Step 12000: Added 0 GSs. Now having 8000000 GSs.
[12000] loss 0.0741 l1 0.0365 ssim 0.7813 N 8000000
Step 12100: Relocated 433083 GSs.
Step 12100: Added 0 GSs. Now having 8000000 GSs.
Step 12200: Relocated 423852 GSs.
Step 12200: Added 0 GSs. Now having 8000000 GSs.
Step 12300: Relocated 422709 GSs.
Step 12300: Added 0 GSs. Now having 8000000 GSs.
Step 12400: Relocated 417609 GSs.
Step 12400: Added 0 GSs. Now having 8000000 GSs.
Step 12500: Relocated 441350 GSs.
Step 12500: Added 0 GSs. Now having 8000000 GSs.
Step 12600: Relocated 430270 GSs.
Step 12600: Added 0 GSs. Now having 8000000 GSs.
Step 12700: Relocated 419070 GSs.
Step 12700: Added 0 GSs. Now having 8000000 GSs.
Step 12800: Relocated 396819 GSs.
Step 12800: Added 0 GSs. Now having 8000000 GSs.
Step 12900: Relocated 386065 GSs.
Step 12900: Added 0 GSs. Now having 8000000 GSs.
Step 13000: Relocated 397514 GSs.
Step 13000: Added 0 GSs. Now having 8000000 GSs.
[13000] loss 0.0698 l1 0.0338 ssim 0.7918 N 8000000
Step 13100: Relocated 399501 GSs.
Step 13100: Added 0 GSs. Now having 8000000 GSs.
Step 13200: Relocated 398547 GSs.
Step 13200: Added 0 GSs. Now having 8000000 GSs.
Step 13300: Relocated 396833 GSs.
Step 13300: Added 0 GSs. Now having 8000000 GSs.
Step 13400: Relocated 424039 GSs.
Step 13400: Added 0 GSs. Now having 8000000 GSs.
Step 13500: Relocated 440348 GSs.
Step 13500: Added 0 GSs. Now having 8000000 GSs.
Step 13600: Relocated 420310 GSs.
Step 13600: Added 0 GSs. Now having 8000000 GSs.
Step 13700: Relocated 413304 GSs.
Step 13700: Added 0 GSs. Now having 8000000 GSs.
Step 13800: Relocated 400721 GSs.
Step 13800: Added 0 GSs. Now having 8000000 GSs.
Step 13900: Relocated 405932 GSs.
Step 13900: Added 0 GSs. Now having 8000000 GSs.
Step 14000: Relocated 397657 GSs.
Step 14000: Added 0 GSs. Now having 8000000 GSs.
[14000] loss 0.0565 l1 0.0291 ssim 0.8398 N 8000000
Step 14100: Relocated 413003 GSs.
Step 14100: Added 0 GSs. Now having 8000000 GSs.
Step 14200: Relocated 413654 GSs.
Step 14200: Added 0 GSs. Now having 8000000 GSs.
Step 14300: Relocated 380569 GSs.
Step 14300: Added 0 GSs. Now having 8000000 GSs.
Step 14400: Relocated 397978 GSs.
Step 14400: Added 0 GSs. Now having 8000000 GSs.
Step 14500: Relocated 392083 GSs.
Step 14500: Added 0 GSs. Now having 8000000 GSs.
Step 14600: Relocated 388952 GSs.
Step 14600: Added 0 GSs. Now having 8000000 GSs.
Step 14700: Relocated 387874 GSs.
Step 14700: Added 0 GSs. Now having 8000000 GSs.
Step 14800: Relocated 391682 GSs.
Step 14800: Added 0 GSs. Now having 8000000 GSs.
Step 14900: Relocated 369873 GSs.
Step 14900: Added 0 GSs. Now having 8000000 GSs.
Step 15000: Relocated 399864 GSs.
Step 15000: Added 0 GSs. Now having 8000000 GSs.
[15000] loss 0.0533 l1 0.0266 ssim 0.8463 N 8000000
Step 15100: Relocated 375975 GSs.
Step 15100: Added 0 GSs. Now having 8000000 GSs.
Step 15200: Relocated 393814 GSs.
Step 15200: Added 0 GSs. Now having 8000000 GSs.
Step 15300: Relocated 397928 GSs.
Step 15300: Added 0 GSs. Now having 8000000 GSs.
Step 15400: Relocated 416674 GSs.
Step 15400: Added 0 GSs. Now having 8000000 GSs.
Step 15500: Relocated 393448 GSs.
Step 15500: Added 0 GSs. Now having 8000000 GSs.
Step 15600: Relocated 367790 GSs.
Step 15600: Added 0 GSs. Now having 8000000 GSs.
Step 15700: Relocated 403546 GSs.
Step 15700: Added 0 GSs. Now having 8000000 GSs.
Step 15800: Relocated 404263 GSs.
Step 15800: Added 0 GSs. Now having 8000000 GSs.
Step 15900: Relocated 400299 GSs.
Step 15900: Added 0 GSs. Now having 8000000 GSs.
Step 16000: Relocated 372305 GSs.
Step 16000: Added 0 GSs. Now having 8000000 GSs.
[16000] loss 0.0717 l1 0.0383 ssim 0.8011 N 8000000
Step 16100: Relocated 388782 GSs.
Step 16100: Added 0 GSs. Now having 8000000 GSs.
Step 16200: Relocated 393424 GSs.
Step 16200: Added 0 GSs. Now having 8000000 GSs.
Step 16300: Relocated 413580 GSs.
Step 16300: Added 0 GSs. Now having 8000000 GSs.
Step 16400: Relocated 410316 GSs.
Step 16400: Added 0 GSs. Now having 8000000 GSs.
Step 16500: Relocated 377147 GSs.
Step 16500: Added 0 GSs. Now having 8000000 GSs.
Step 16600: Relocated 370543 GSs.
Step 16600: Added 0 GSs. Now having 8000000 GSs.
Step 16700: Relocated 397443 GSs.
Step 16700: Added 0 GSs. Now having 8000000 GSs.
Step 16800: Relocated 388020 GSs.
Step 16800: Added 0 GSs. Now having 8000000 GSs.
Step 16900: Relocated 398867 GSs.
Step 16900: Added 0 GSs. Now having 8000000 GSs.
Step 17000: Relocated 416960 GSs.
Step 17000: Added 0 GSs. Now having 8000000 GSs.
[17000] loss 0.0526 l1 0.0272 ssim 0.8525 N 8000000
Step 17100: Relocated 401207 GSs.
Step 17100: Added 0 GSs. Now having 8000000 GSs.
Step 17200: Relocated 368392 GSs.
Step 17200: Added 0 GSs. Now having 8000000 GSs.
Step 17300: Relocated 415821 GSs.
Step 17300: Added 0 GSs. Now having 8000000 GSs.
Step 17400: Relocated 395623 GSs.
Step 17400: Added 0 GSs. Now having 8000000 GSs.
Step 17500: Relocated 393199 GSs.
Step 17500: Added 0 GSs. Now having 8000000 GSs.
Step 17600: Relocated 416965 GSs.
Step 17600: Added 0 GSs. Now having 8000000 GSs.
Step 17700: Relocated 385404 GSs.
Step 17700: Added 0 GSs. Now having 8000000 GSs.
Step 17800: Relocated 371689 GSs.
Step 17800: Added 0 GSs. Now having 8000000 GSs.
Step 17900: Relocated 373095 GSs.
Step 17900: Added 0 GSs. Now having 8000000 GSs.
Step 18000: Relocated 375310 GSs.
Step 18000: Added 0 GSs. Now having 8000000 GSs.
[18000] loss 0.0528 l1 0.0297 ssim 0.8617 N 8000000
Step 18100: Relocated 370541 GSs.
Step 18100: Added 0 GSs. Now having 8000000 GSs.
Step 18200: Relocated 370492 GSs.
Step 18200: Added 0 GSs. Now having 8000000 GSs.
Step 18300: Relocated 365565 GSs.
Step 18300: Added 0 GSs. Now having 8000000 GSs.
Step 18400: Relocated 421186 GSs.
Step 18400: Added 0 GSs. Now having 8000000 GSs.
Step 18500: Relocated 452989 GSs.
Step 18500: Added 0 GSs. Now having 8000000 GSs.
Step 18600: Relocated 386870 GSs.
Step 18600: Added 0 GSs. Now having 8000000 GSs.
Step 18700: Relocated 389572 GSs.
Step 18700: Added 0 GSs. Now having 8000000 GSs.
Step 18800: Relocated 396844 GSs.
Step 18800: Added 0 GSs. Now having 8000000 GSs.
Step 18900: Relocated 365483 GSs.
Step 18900: Added 0 GSs. Now having 8000000 GSs.
Step 19000: Relocated 391267 GSs.
Step 19000: Added 0 GSs. Now having 8000000 GSs.
[19000] loss 0.0737 l1 0.0386 ssim 0.7926 N 8000000
Step 19100: Relocated 372979 GSs.
Step 19100: Added 0 GSs. Now having 8000000 GSs.
Step 19200: Relocated 424213 GSs.
Step 19200: Added 0 GSs. Now having 8000000 GSs.
Step 19300: Relocated 384829 GSs.
Step 19300: Added 0 GSs. Now having 8000000 GSs.
Step 19400: Relocated 358368 GSs.
Step 19400: Added 0 GSs. Now having 8000000 GSs.
Step 19500: Relocated 372498 GSs.
Step 19500: Added 0 GSs. Now having 8000000 GSs.
Step 19600: Relocated 353957 GSs.
Step 19600: Added 0 GSs. Now having 8000000 GSs.
Step 19700: Relocated 363005 GSs.
Step 19700: Added 0 GSs. Now having 8000000 GSs.
Step 19800: Relocated 406790 GSs.
Step 19800: Added 0 GSs. Now having 8000000 GSs.
Step 19900: Relocated 378111 GSs.
Step 19900: Added 0 GSs. Now having 8000000 GSs.
Step 20000: Relocated 388292 GSs.
Step 20000: Added 0 GSs. Now having 8000000 GSs.
[20000] loss 0.0546 l1 0.0268 ssim 0.8409 N 8000000
Step 20100: Relocated 374283 GSs.
Step 20100: Added 0 GSs. Now having 8000000 GSs.
Step 20200: Relocated 369569 GSs.
Step 20200: Added 0 GSs. Now having 8000000 GSs.
Step 20300: Relocated 356139 GSs.
Step 20300: Added 0 GSs. Now having 8000000 GSs.
Step 20400: Relocated 379591 GSs.
Step 20400: Added 0 GSs. Now having 8000000 GSs.
Step 20500: Relocated 408954 GSs.
Step 20500: Added 0 GSs. Now having 8000000 GSs.
Step 20600: Relocated 385784 GSs.
Step 20600: Added 0 GSs. Now having 8000000 GSs.
Step 20700: Relocated 372037 GSs.
Step 20700: Added 0 GSs. Now having 8000000 GSs.
Step 20800: Relocated 356386 GSs.
Step 20800: Added 0 GSs. Now having 8000000 GSs.
Step 20900: Relocated 391651 GSs.
Step 20900: Added 0 GSs. Now having 8000000 GSs.
Step 21000: Relocated 389479 GSs.
Step 21000: Added 0 GSs. Now having 8000000 GSs.
[21000] loss 0.0467 l1 0.0250 ssim 0.8736 N 8000000
Step 21100: Relocated 387524 GSs.
Step 21100: Added 0 GSs. Now having 8000000 GSs.
Step 21200: Relocated 356605 GSs.
Step 21200: Added 0 GSs. Now having 8000000 GSs.
Step 21300: Relocated 364328 GSs.
Step 21300: Added 0 GSs. Now having 8000000 GSs.
Step 21400: Relocated 369686 GSs.
Step 21400: Added 0 GSs. Now having 8000000 GSs.
Step 21500: Relocated 365629 GSs.
Step 21500: Added 0 GSs. Now having 8000000 GSs.
Step 21600: Relocated 366326 GSs.
Step 21600: Added 0 GSs. Now having 8000000 GSs.
Step 21700: Relocated 358078 GSs.
Step 21700: Added 0 GSs. Now having 8000000 GSs.
Step 21800: Relocated 343104 GSs.
Step 21800: Added 0 GSs. Now having 8000000 GSs.
Step 21900: Relocated 348886 GSs.
Step 21900: Added 0 GSs. Now having 8000000 GSs.
Step 22000: Relocated 324913 GSs.
Step 22000: Added 0 GSs. Now having 8000000 GSs.
[22000] loss 0.0481 l1 0.0259 ssim 0.8704 N 8000000
Step 22100: Relocated 339040 GSs.
Step 22100: Added 0 GSs. Now having 8000000 GSs.
Step 22200: Relocated 365958 GSs.
Step 22200: Added 0 GSs. Now having 8000000 GSs.
Step 22300: Relocated 383495 GSs.
Step 22300: Added 0 GSs. Now having 8000000 GSs.
Step 22400: Relocated 355235 GSs.
Step 22400: Added 0 GSs. Now having 8000000 GSs.
Step 22500: Relocated 352884 GSs.
Step 22500: Added 0 GSs. Now having 8000000 GSs.
Step 22600: Relocated 362449 GSs.
Step 22600: Added 0 GSs. Now having 8000000 GSs.
Step 22700: Relocated 336611 GSs.
Step 22700: Added 0 GSs. Now having 8000000 GSs.
Step 22800: Relocated 335441 GSs.
Step 22800: Added 0 GSs. Now having 8000000 GSs.
Step 22900: Relocated 335524 GSs.
Step 22900: Added 0 GSs. Now having 8000000 GSs.
Step 23000: Relocated 364476 GSs.
Step 23000: Added 0 GSs. Now having 8000000 GSs.
[23000] loss 0.0446 l1 0.0247 ssim 0.8831 N 8000000
Step 23100: Relocated 403052 GSs.
Step 23100: Added 0 GSs. Now having 8000000 GSs.
Step 23200: Relocated 385255 GSs.
Step 23200: Added 0 GSs. Now having 8000000 GSs.
Step 23300: Relocated 347821 GSs.
Step 23300: Added 0 GSs. Now having 8000000 GSs.
Step 23400: Relocated 368450 GSs.
Step 23400: Added 0 GSs. Now having 8000000 GSs.
Step 23500: Relocated 335499 GSs.
Step 23500: Added 0 GSs. Now having 8000000 GSs.
Step 23600: Relocated 354567 GSs.
Step 23600: Added 0 GSs. Now having 8000000 GSs.
Step 23700: Relocated 329425 GSs.
Step 23700: Added 0 GSs. Now having 8000000 GSs.
Step 23800: Relocated 360774 GSs.
Step 23800: Added 0 GSs. Now having 8000000 GSs.
Step 23900: Relocated 340192 GSs.
Step 23900: Added 0 GSs. Now having 8000000 GSs.
Step 24000: Relocated 327077 GSs.
Step 24000: Added 0 GSs. Now having 8000000 GSs.
[24000] loss 0.0462 l1 0.0302 ssim 0.8974 N 8000000
Step 24100: Relocated 349089 GSs.
Step 24100: Added 0 GSs. Now having 8000000 GSs.
Step 24200: Relocated 358709 GSs.
Step 24200: Added 0 GSs. Now having 8000000 GSs.
Step 24300: Relocated 357237 GSs.
Step 24300: Added 0 GSs. Now having 8000000 GSs.
Step 24400: Relocated 359657 GSs.
Step 24400: Added 0 GSs. Now having 8000000 GSs.
Step 24500: Relocated 370269 GSs.
Step 24500: Added 0 GSs. Now having 8000000 GSs.
Step 24600: Relocated 367161 GSs.
Step 24600: Added 0 GSs. Now having 8000000 GSs.
Step 24700: Relocated 342706 GSs.
Step 24700: Added 0 GSs. Now having 8000000 GSs.
Step 24800: Relocated 358693 GSs.
Step 24800: Added 0 GSs. Now having 8000000 GSs.
Step 24900: Relocated 353242 GSs.
Step 24900: Added 0 GSs. Now having 8000000 GSs.
Step 25000: Relocated 325491 GSs.
Step 25000: Added 0 GSs. Now having 8000000 GSs.
[25000] loss 0.0426 l1 0.0247 ssim 0.8935 N 8000000
Step 25100: Relocated 328807 GSs.
Step 25100: Added 0 GSs. Now having 8000000 GSs.
Step 25200: Relocated 314527 GSs.
Step 25200: Added 0 GSs. Now having 8000000 GSs.
Step 25300: Relocated 305192 GSs.
Step 25300: Added 0 GSs. Now having 8000000 GSs.
Step 25400: Relocated 311766 GSs.
Step 25400: Added 0 GSs. Now having 8000000 GSs.
Step 25500: Relocated 299247 GSs.
Step 25500: Added 0 GSs. Now having 8000000 GSs.
Step 25600: Relocated 309363 GSs.
Step 25600: Added 0 GSs. Now having 8000000 GSs.
Step 25700: Relocated 328170 GSs.
Step 25700: Added 0 GSs. Now having 8000000 GSs.
Step 25800: Relocated 327735 GSs.
Step 25800: Added 0 GSs. Now having 8000000 GSs.
Step 25900: Relocated 307888 GSs.
Step 25900: Added 0 GSs. Now having 8000000 GSs.
Step 26000: Relocated 324169 GSs.
Step 26000: Added 0 GSs. Now having 8000000 GSs.
[26000] loss 0.0467 l1 0.0259 ssim 0.8781 N 8000000
Step 26100: Relocated 309338 GSs.
Step 26100: Added 0 GSs. Now having 8000000 GSs.
Step 26200: Relocated 317407 GSs.
Step 26200: Added 0 GSs. Now having 8000000 GSs.
Step 26300: Relocated 333679 GSs.
Step 26300: Added 0 GSs. Now having 8000000 GSs.
Step 26400: Relocated 301411 GSs.
Step 26400: Added 0 GSs. Now having 8000000 GSs.
Step 26500: Relocated 306542 GSs.
Step 26500: Added 0 GSs. Now having 8000000 GSs.
Step 26600: Relocated 306283 GSs.
Step 26600: Added 0 GSs. Now having 8000000 GSs.
Step 26700: Relocated 305264 GSs.
Step 26700: Added 0 GSs. Now having 8000000 GSs.
Step 26800: Relocated 299939 GSs.
Step 26800: Added 0 GSs. Now having 8000000 GSs.
Step 26900: Relocated 279855 GSs.
Step 26900: Added 0 GSs. Now having 8000000 GSs.
Step 27000: Relocated 303228 GSs.
Step 27000: Added 0 GSs. Now having 8000000 GSs.
[27000] loss 0.0501 l1 0.0268 ssim 0.8648 N 8000000
Step 27100: Relocated 304560 GSs.
Step 27100: Added 0 GSs. Now having 8000000 GSs.
Step 27200: Relocated 310918 GSs.
Step 27200: Added 0 GSs. Now having 8000000 GSs.
Step 27300: Relocated 285936 GSs.
Step 27300: Added 0 GSs. Now having 8000000 GSs.
Step 27400: Relocated 314772 GSs.
Step 27400: Added 0 GSs. Now having 8000000 GSs.
Step 27500: Relocated 301285 GSs.
Step 27500: Added 0 GSs. Now having 8000000 GSs.
Step 27600: Relocated 310091 GSs.
Step 27600: Added 0 GSs. Now having 8000000 GSs.
Step 27700: Relocated 300315 GSs.
Step 27700: Added 0 GSs. Now having 8000000 GSs.
Step 27800: Relocated 275865 GSs.
Step 27800: Added 0 GSs. Now having 8000000 GSs.
Step 27900: Relocated 278531 GSs.
Step 27900: Added 0 GSs. Now having 8000000 GSs.
Step 28000: Relocated 307830 GSs.
Step 28000: Added 0 GSs. Now having 8000000 GSs.
[28000] loss 0.0489 l1 0.0271 ssim 0.8719 N 8000000
Step 28100: Relocated 291725 GSs.
Step 28100: Added 0 GSs. Now having 8000000 GSs.
Step 28200: Relocated 291984 GSs.
Step 28200: Added 0 GSs. Now having 8000000 GSs.
Step 28300: Relocated 305108 GSs.
Step 28300: Added 0 GSs. Now having 8000000 GSs.
Step 28400: Relocated 306994 GSs.
Step 28400: Added 0 GSs. Now having 8000000 GSs.
Step 28500: Relocated 282585 GSs.
Step 28500: Added 0 GSs. Now having 8000000 GSs.
Step 28600: Relocated 284516 GSs.
Step 28600: Added 0 GSs. Now having 8000000 GSs.
Step 28700: Relocated 292523 GSs.
Step 28700: Added 0 GSs. Now having 8000000 GSs.
Step 28800: Relocated 274990 GSs.
Step 28800: Added 0 GSs. Now having 8000000 GSs.
Step 28900: Relocated 288355 GSs.
Step 28900: Added 0 GSs. Now having 8000000 GSs.
Step 29000: Relocated 269955 GSs.
Step 29000: Added 0 GSs. Now having 8000000 GSs.
[29000] loss 0.0385 l1 0.0226 ssim 0.9062 N 8000000
Step 29100: Relocated 262028 GSs.
Step 29100: Added 0 GSs. Now having 8000000 GSs.
Step 29200: Relocated 292222 GSs.
Step 29200: Added 0 GSs. Now having 8000000 GSs.
Step 29300: Relocated 267876 GSs.
Step 29300: Added 0 GSs. Now having 8000000 GSs.
Step 29400: Relocated 271214 GSs.
Step 29400: Added 0 GSs. Now having 8000000 GSs.
Step 29500: Relocated 261296 GSs.
Step 29500: Added 0 GSs. Now having 8000000 GSs.
Step 29600: Relocated 262063 GSs.
Step 29600: Added 0 GSs. Now having 8000000 GSs.
Step 29700: Relocated 253590 GSs.
Step 29700: Added 0 GSs. Now having 8000000 GSs.
Step 29800: Relocated 244835 GSs.
Step 29800: Added 0 GSs. Now having 8000000 GSs.
Step 29900: Relocated 256597 GSs.
Step 29900: Added 0 GSs. Now having 8000000 GSs.
Step 30000: Relocated 254931 GSs.
Step 30000: Added 0 GSs. Now having 8000000 GSs.
[30000] loss 0.0366 l1 0.0225 ssim 0.9154 N 8000000
Step 30100: Relocated 241204 GSs.
Step 30100: Added 0 GSs. Now having 8000000 GSs.
Step 30200: Relocated 251199 GSs.
Step 30200: Added 0 GSs. Now having 8000000 GSs.
Step 30300: Relocated 236125 GSs.
Step 30300: Added 0 GSs. Now having 8000000 GSs.
Step 30400: Relocated 235792 GSs.
Step 30400: Added 0 GSs. Now having 8000000 GSs.
Step 30500: Relocated 235978 GSs.
Step 30500: Added 0 GSs. Now having 8000000 GSs.
Step 30600: Relocated 236104 GSs.
Step 30600: Added 0 GSs. Now having 8000000 GSs.
Step 30700: Relocated 252779 GSs.
Step 30700: Added 0 GSs. Now having 8000000 GSs.
Step 30800: Relocated 241635 GSs.
Step 30800: Added 0 GSs. Now having 8000000 GSs.
Step 30900: Relocated 251570 GSs.
Step 30900: Added 0 GSs. Now having 8000000 GSs.
Step 31000: Relocated 241165 GSs.
Step 31000: Added 0 GSs. Now having 8000000 GSs.
[31000] loss 0.0374 l1 0.0214 ssim 0.9072 N 8000000
Step 31100: Relocated 226520 GSs.
Step 31100: Added 0 GSs. Now having 8000000 GSs.
Step 31200: Relocated 245332 GSs.
Step 31200: Added 0 GSs. Now having 8000000 GSs.
Step 31300: Relocated 253547 GSs.
Step 31300: Added 0 GSs. Now having 8000000 GSs.
Step 31400: Relocated 250917 GSs.
Step 31400: Added 0 GSs. Now having 8000000 GSs.
Step 31500: Relocated 235190 GSs.
Step 31500: Added 0 GSs. Now having 8000000 GSs.
Step 31600: Relocated 238544 GSs.
Step 31600: Added 0 GSs. Now having 8000000 GSs.
Step 31700: Relocated 236405 GSs.
Step 31700: Added 0 GSs. Now having 8000000 GSs.
Step 31800: Relocated 223970 GSs.
Step 31800: Added 0 GSs. Now having 8000000 GSs.
Step 31900: Relocated 234738 GSs.
Step 31900: Added 0 GSs. Now having 8000000 GSs.
Step 32000: Relocated 211900 GSs.
Step 32000: Added 0 GSs. Now having 8000000 GSs.
[32000] loss 0.0370 l1 0.0206 ssim 0.9066 N 8000000
Step 32100: Relocated 248152 GSs.
Step 32100: Added 0 GSs. Now having 8000000 GSs.
Step 32200: Relocated 236732 GSs.
Step 32200: Added 0 GSs. Now having 8000000 GSs.
Step 32300: Relocated 225055 GSs.
Step 32300: Added 0 GSs. Now having 8000000 GSs.
Step 32400: Relocated 235706 GSs.
Step 32400: Added 0 GSs. Now having 8000000 GSs.
Step 32500: Relocated 219373 GSs.
Step 32500: Added 0 GSs. Now having 8000000 GSs.
Step 32600: Relocated 209849 GSs.
Step 32600: Added 0 GSs. Now having 8000000 GSs.
Step 32700: Relocated 213330 GSs.
Step 32700: Added 0 GSs. Now having 8000000 GSs.
Step 32800: Relocated 230827 GSs.
Step 32800: Added 0 GSs. Now having 8000000 GSs.
Step 32900: Relocated 214875 GSs.
Step 32900: Added 0 GSs. Now having 8000000 GSs.
Step 33000: Relocated 199241 GSs.
Step 33000: Added 0 GSs. Now having 8000000 GSs.
[33000] loss 0.0370 l1 0.0202 ssim 0.9050 N 8000000
Step 33100: Relocated 212639 GSs.
Step 33100: Added 0 GSs. Now having 8000000 GSs.
Step 33200: Relocated 201814 GSs.
Step 33200: Added 0 GSs. Now having 8000000 GSs.
Step 33300: Relocated 206801 GSs.
Step 33300: Added 0 GSs. Now having 8000000 GSs.
Step 33400: Relocated 190356 GSs.
Step 33400: Added 0 GSs. Now having 8000000 GSs.
Step 33500: Relocated 187639 GSs.
Step 33500: Added 0 GSs. Now having 8000000 GSs.
Step 33600: Relocated 192404 GSs.
Step 33600: Added 0 GSs. Now having 8000000 GSs.
Step 33700: Relocated 198348 GSs.
Step 33700: Added 0 GSs. Now having 8000000 GSs.
Step 33800: Relocated 197304 GSs.
Step 33800: Added 0 GSs. Now having 8000000 GSs.
Step 33900: Relocated 189794 GSs.
Step 33900: Added 0 GSs. Now having 8000000 GSs.
Step 34000: Relocated 195566 GSs.
Step 34000: Added 0 GSs. Now having 8000000 GSs.
[34000] loss 0.0412 l1 0.0258 ssim 0.9065 N 8000000
Step 34100: Relocated 201763 GSs.
Step 34100: Added 0 GSs. Now having 8000000 GSs.
Step 34200: Relocated 205525 GSs.
Step 34200: Added 0 GSs. Now having 8000000 GSs.
Step 34300: Relocated 180219 GSs.
Step 34300: Added 0 GSs. Now having 8000000 GSs.
Step 34400: Relocated 191031 GSs.
Step 34400: Added 0 GSs. Now having 8000000 GSs.
Step 34500: Relocated 185794 GSs.
Step 34500: Added 0 GSs. Now having 8000000 GSs.
Step 34600: Relocated 195529 GSs.
Step 34600: Added 0 GSs. Now having 8000000 GSs.
Step 34700: Relocated 194293 GSs.
Step 34700: Added 0 GSs. Now having 8000000 GSs.
Step 34800: Relocated 194742 GSs.
Step 34800: Added 0 GSs. Now having 8000000 GSs.
Step 34900: Relocated 194630 GSs.
Step 34900: Added 0 GSs. Now having 8000000 GSs.
Step 35000: Relocated 182255 GSs.
Step 35000: Added 0 GSs. Now having 8000000 GSs.
[35000] loss 0.0470 l1 0.0282 ssim 0.8873 N 8000000
Step 35100: Relocated 198607 GSs.
Step 35100: Added 0 GSs. Now having 8000000 GSs.
Step 35200: Relocated 190555 GSs.
Step 35200: Added 0 GSs. Now having 8000000 GSs.
Step 35300: Relocated 189107 GSs.
Step 35300: Added 0 GSs. Now having 8000000 GSs.
Step 35400: Relocated 181590 GSs.
Step 35400: Added 0 GSs. Now having 8000000 GSs.
Step 35500: Relocated 166415 GSs.
Step 35500: Added 0 GSs. Now having 8000000 GSs.
Step 35600: Relocated 165593 GSs.
Step 35600: Added 0 GSs. Now having 8000000 GSs.
Step 35700: Relocated 165249 GSs.
Step 35700: Added 0 GSs. Now having 8000000 GSs.
Step 35800: Relocated 172166 GSs.
Step 35800: Added 0 GSs. Now having 8000000 GSs.
Step 35900: Relocated 162595 GSs.
Step 35900: Added 0 GSs. Now having 8000000 GSs.
Step 36000: Relocated 161184 GSs.
Step 36000: Added 0 GSs. Now having 8000000 GSs.
[36000] loss 0.0348 l1 0.0198 ssim 0.9149 N 8000000
Step 36100: Relocated 173362 GSs.
Step 36100: Added 0 GSs. Now having 8000000 GSs.
Step 36200: Relocated 165820 GSs.
Step 36200: Added 0 GSs. Now having 8000000 GSs.
Step 36300: Relocated 162987 GSs.
Step 36300: Added 0 GSs. Now having 8000000 GSs.
Step 36400: Relocated 148562 GSs.
Step 36400: Added 0 GSs. Now having 8000000 GSs.
Step 36500: Relocated 146782 GSs.
Step 36500: Added 0 GSs. Now having 8000000 GSs.
Step 36600: Relocated 156934 GSs.
Step 36600: Added 0 GSs. Now having 8000000 GSs.
Step 36700: Relocated 161284 GSs.
Step 36700: Added 0 GSs. Now having 8000000 GSs.
Step 36800: Relocated 159367 GSs.
Step 36800: Added 0 GSs. Now having 8000000 GSs.
Step 36900: Relocated 154054 GSs.
Step 36900: Added 0 GSs. Now having 8000000 GSs.
Step 37000: Relocated 161121 GSs.
Step 37000: Added 0 GSs. Now having 8000000 GSs.
[37000] loss 0.0314 l1 0.0191 ssim 0.9293 N 8000000
Step 37100: Relocated 149648 GSs.
Step 37100: Added 0 GSs. Now having 8000000 GSs.
Step 37200: Relocated 150789 GSs.
Step 37200: Added 0 GSs. Now having 8000000 GSs.
Step 37300: Relocated 140964 GSs.
Step 37300: Added 0 GSs. Now having 8000000 GSs.
Step 37400: Relocated 142509 GSs.
Step 37400: Added 0 GSs. Now having 8000000 GSs.
Step 37500: Relocated 141076 GSs.
Step 37500: Added 0 GSs. Now having 8000000 GSs.
Step 37600: Relocated 143356 GSs.
Step 37600: Added 0 GSs. Now having 8000000 GSs.
Step 37700: Relocated 138288 GSs.
Step 37700: Added 0 GSs. Now having 8000000 GSs.
Step 37800: Relocated 133405 GSs.
Step 37800: Added 0 GSs. Now having 8000000 GSs.
Step 37900: Relocated 134972 GSs.
Step 37900: Added 0 GSs. Now having 8000000 GSs.
Step 38000: Relocated 139368 GSs.
Step 38000: Added 0 GSs. Now having 8000000 GSs.
[38000] loss 0.0453 l1 0.0256 ssim 0.8860 N 8000000
Step 38100: Relocated 136174 GSs.
Step 38100: Added 0 GSs. Now having 8000000 GSs.
Step 38200: Relocated 134123 GSs.
Step 38200: Added 0 GSs. Now having 8000000 GSs.
Step 38300: Relocated 139152 GSs.
Step 38300: Added 0 GSs. Now having 8000000 GSs.
Step 38400: Relocated 135454 GSs.
Step 38400: Added 0 GSs. Now having 8000000 GSs.
Step 38500: Relocated 129370 GSs.
Step 38500: Added 0 GSs. Now having 8000000 GSs.
Step 38600: Relocated 128808 GSs.
Step 38600: Added 0 GSs. Now having 8000000 GSs.
Step 38700: Relocated 128742 GSs.
Step 38700: Added 0 GSs. Now having 8000000 GSs.
Step 38800: Relocated 118026 GSs.
Step 38800: Added 0 GSs. Now having 8000000 GSs.
Step 38900: Relocated 120663 GSs.
Step 38900: Added 0 GSs. Now having 8000000 GSs.
Step 39000: Relocated 126221 GSs.
Step 39000: Added 0 GSs. Now having 8000000 GSs.
[39000] loss 0.0366 l1 0.0260 ssim 0.9315 N 8000000
Step 39100: Relocated 122979 GSs.
Step 39100: Added 0 GSs. Now having 8000000 GSs.
Step 39200: Relocated 116336 GSs.
Step 39200: Added 0 GSs. Now having 8000000 GSs.
Step 39300: Relocated 116900 GSs.
Step 39300: Added 0 GSs. Now having 8000000 GSs.
Step 39400: Relocated 124573 GSs.
Step 39400: Added 0 GSs. Now having 8000000 GSs.
Step 39500: Relocated 118609 GSs.
Step 39500: Added 0 GSs. Now having 8000000 GSs.
Step 39600: Relocated 129711 GSs.
Step 39600: Added 0 GSs. Now having 8000000 GSs.
Step 39700: Relocated 113830 GSs.
Step 39700: Added 0 GSs. Now having 8000000 GSs.
Step 39800: Relocated 115101 GSs.
Step 39800: Added 0 GSs. Now having 8000000 GSs.
Step 39900: Relocated 107960 GSs.
Step 39900: Added 0 GSs. Now having 8000000 GSs.
Step 40000: Relocated 109606 GSs.
Step 40000: Added 0 GSs. Now having 8000000 GSs.
[40000] loss 0.0424 l1 0.0242 ssim 0.8952 N 8000000
Step 40100: Relocated 105691 GSs.
Step 40100: Added 0 GSs. Now having 8000000 GSs.
Step 40200: Relocated 106829 GSs.
Step 40200: Added 0 GSs. Now having 8000000 GSs.
Step 40300: Relocated 110672 GSs.
Step 40300: Added 0 GSs. Now having 8000000 GSs.
Step 40400: Relocated 104987 GSs.
Step 40400: Added 0 GSs. Now having 8000000 GSs.
Step 40500: Relocated 101381 GSs.
Step 40500: Added 0 GSs. Now having 8000000 GSs.
Step 40600: Relocated 109042 GSs.
Step 40600: Added 0 GSs. Now having 8000000 GSs.
Step 40700: Relocated 111919 GSs.
Step 40700: Added 0 GSs. Now having 8000000 GSs.
Step 40800: Relocated 106961 GSs.
Step 40800: Added 0 GSs. Now having 8000000 GSs.
Step 40900: Relocated 107108 GSs.
Step 40900: Added 0 GSs. Now having 8000000 GSs.
Step 41000: Relocated 106194 GSs.
Step 41000: Added 0 GSs. Now having 8000000 GSs.
[41000] loss 0.0300 l1 0.0183 ssim 0.9341 N 8000000
Step 41100: Relocated 100415 GSs.
Step 41100: Added 0 GSs. Now having 8000000 GSs.
Step 41200: Relocated 97607 GSs.
Step 41200: Added 0 GSs. Now having 8000000 GSs.
Step 41300: Relocated 94787 GSs.
Step 41300: Added 0 GSs. Now having 8000000 GSs.
Step 41400: Relocated 100523 GSs.
Step 41400: Added 0 GSs. Now having 8000000 GSs.
Step 41500: Relocated 115179 GSs.
Step 41500: Added 0 GSs. Now having 8000000 GSs.
Step 41600: Relocated 115527 GSs.
Step 41600: Added 0 GSs. Now having 8000000 GSs.
Step 41700: Relocated 117417 GSs.
Step 41700: Added 0 GSs. Now having 8000000 GSs.
Step 41800: Relocated 103247 GSs.
Step 41800: Added 0 GSs. Now having 8000000 GSs.
Step 41900: Relocated 105140 GSs.
Step 41900: Added 0 GSs. Now having 8000000 GSs.
Step 42000: Relocated 101019 GSs.
Step 42000: Added 0 GSs. Now having 8000000 GSs.
[42000] loss 0.0321 l1 0.0191 ssim 0.9268 N 8000000
Step 42100: Relocated 95044 GSs.
Step 42100: Added 0 GSs. Now having 8000000 GSs.
Step 42200: Relocated 94180 GSs.
Step 42200: Added 0 GSs. Now having 8000000 GSs.
Step 42300: Relocated 98568 GSs.
Step 42300: Added 0 GSs. Now having 8000000 GSs.
Step 42400: Relocated 93114 GSs.
Step 42400: Added 0 GSs. Now having 8000000 GSs.
Step 42500: Relocated 87961 GSs.
Step 42500: Added 0 GSs. Now having 8000000 GSs.
Step 42600: Relocated 90700 GSs.
Step 42600: Added 0 GSs. Now having 8000000 GSs.
Step 42700: Relocated 86231 GSs.
Step 42700: Added 0 GSs. Now having 8000000 GSs.
Step 42800: Relocated 83945 GSs.
Step 42800: Added 0 GSs. Now having 8000000 GSs.
Step 42900: Relocated 86689 GSs.
Step 42900: Added 0 GSs. Now having 8000000 GSs.
Step 43000: Relocated 82985 GSs.
Step 43000: Added 0 GSs. Now having 8000000 GSs.
[43000] loss 0.0328 l1 0.0194 ssim 0.9242 N 8000000
Step 43100: Relocated 90009 GSs.
Step 43100: Added 0 GSs. Now having 8000000 GSs.
Step 43200: Relocated 84835 GSs.
Step 43200: Added 0 GSs. Now having 8000000 GSs.
Step 43300: Relocated 84334 GSs.
Step 43300: Added 0 GSs. Now having 8000000 GSs.
Step 43400: Relocated 76395 GSs.
Step 43400: Added 0 GSs. Now having 8000000 GSs.
Step 43500: Relocated 80029 GSs.
Step 43500: Added 0 GSs. Now having 8000000 GSs.
Step 43600: Relocated 77690 GSs.
Step 43600: Added 0 GSs. Now having 8000000 GSs.
Step 43700: Relocated 74885 GSs.
Step 43700: Added 0 GSs. Now having 8000000 GSs.
Step 43800: Relocated 72587 GSs.
Step 43800: Added 0 GSs. Now having 8000000 GSs.
Step 43900: Relocated 69753 GSs.
Step 43900: Added 0 GSs. Now having 8000000 GSs.
Step 44000: Relocated 77972 GSs.
Step 44000: Added 0 GSs. Now having 8000000 GSs.
[44000] loss 0.0299 l1 0.0193 ssim 0.9388 N 8000000
Step 44100: Relocated 73613 GSs.
Step 44100: Added 0 GSs. Now having 8000000 GSs.
Step 44200: Relocated 72027 GSs.
Step 44200: Added 0 GSs. Now having 8000000 GSs.
Step 44300: Relocated 73850 GSs.
Step 44300: Added 0 GSs. Now having 8000000 GSs.
Step 44400: Relocated 73133 GSs.
Step 44400: Added 0 GSs. Now having 8000000 GSs.
Step 44500: Relocated 72599 GSs.
Step 44500: Added 0 GSs. Now having 8000000 GSs.
Step 44600: Relocated 69681 GSs.
Step 44600: Added 0 GSs. Now having 8000000 GSs.
Step 44700: Relocated 65346 GSs.
Step 44700: Added 0 GSs. Now having 8000000 GSs.
Step 44800: Relocated 65425 GSs.
Step 44800: Added 0 GSs. Now having 8000000 GSs.
Step 44900: Relocated 70241 GSs.
Step 44900: Added 0 GSs. Now having 8000000 GSs.
Step 45000: Relocated 68419 GSs.
Step 45000: Added 0 GSs. Now having 8000000 GSs.
[45000] loss 0.0287 l1 0.0184 ssim 0.9417 N 8000000
Step 45100: Relocated 63669 GSs.
Step 45100: Added 0 GSs. Now having 8000000 GSs.
Step 45200: Relocated 63762 GSs.
Step 45200: Added 0 GSs. Now having 8000000 GSs.
Step 45300: Relocated 63894 GSs.
Step 45300: Added 0 GSs. Now having 8000000 GSs.
Step 45400: Relocated 60153 GSs.
Step 45400: Added 0 GSs. Now having 8000000 GSs.
Step 45500: Relocated 62100 GSs.
Step 45500: Added 0 GSs. Now having 8000000 GSs.
Step 45600: Relocated 58324 GSs.
Step 45600: Added 0 GSs. Now having 8000000 GSs.
Step 45700: Relocated 58758 GSs.
Step 45700: Added 0 GSs. Now having 8000000 GSs.
Step 45800: Relocated 59180 GSs.
Step 45800: Added 0 GSs. Now having 8000000 GSs.
Step 45900: Relocated 61367 GSs.
Step 45900: Added 0 GSs. Now having 8000000 GSs.
Step 46000: Relocated 60812 GSs.
Step 46000: Added 0 GSs. Now having 8000000 GSs.
[46000] loss 0.0226 l1 0.0138 ssim 0.9538 N 8000000
Step 46100: Relocated 57013 GSs.
Step 46100: Added 0 GSs. Now having 8000000 GSs.
Step 46200: Relocated 55497 GSs.
Step 46200: Added 0 GSs. Now having 8000000 GSs.
Step 46300: Relocated 55781 GSs.
Step 46300: Added 0 GSs. Now having 8000000 GSs.
Step 46400: Relocated 55546 GSs.
Step 46400: Added 0 GSs. Now having 8000000 GSs.
Step 46500: Relocated 59651 GSs.
Step 46500: Added 0 GSs. Now having 8000000 GSs.
/home/bkai/miniconda3/envs/gsplat/lib/python3.10/site-packages/torchvision/models/_utils.py:208: UserWarning: The parameter 'pretrained' is deprecated since 0.13 and may be removed in the future, please use 'weights' instead.
  warnings.warn(
/home/bkai/miniconda3/envs/gsplat/lib/python3.10/site-packages/torchvision/models/_utils.py:223: UserWarning: Arguments other than a weight enum or `None` for 'weights' are deprecated since 0.13 and may be removed in the future. The current behavior is equivalent to passing `weights=VGG16_Weights.IMAGENET1K_V1`. You can also use `weights=VGG16_Weights.DEFAULT` to get the most up-to-date weights.
  warnings.warn(msg)
Step 46600: Relocated 58272 GSs.
Step 46600: Added 0 GSs. Now having 8000000 GSs.
Step 46700: Relocated 57187 GSs.
Step 46700: Added 0 GSs. Now having 8000000 GSs.
Step 46800: Relocated 54968 GSs.
Step 46800: Added 0 GSs. Now having 8000000 GSs.
Step 46900: Relocated 54921 GSs.
Step 46900: Added 0 GSs. Now having 8000000 GSs.
Step 47000: Relocated 51276 GSs.
Step 47000: Added 0 GSs. Now having 8000000 GSs.
[47000] loss 0.0314 l1 0.0203 ssim 0.9356 N 8000000
Step 47100: Relocated 54266 GSs.
Step 47100: Added 0 GSs. Now having 8000000 GSs.
Step 47200: Relocated 57042 GSs.
Step 47200: Added 0 GSs. Now having 8000000 GSs.
Step 47300: Relocated 52932 GSs.
Step 47300: Added 0 GSs. Now having 8000000 GSs.
Step 47400: Relocated 54616 GSs.
Step 47400: Added 0 GSs. Now having 8000000 GSs.
Step 47500: Relocated 54979 GSs.
Step 47500: Added 0 GSs. Now having 8000000 GSs.
Step 47600: Relocated 48411 GSs.
Step 47600: Added 0 GSs. Now having 8000000 GSs.
Step 47700: Relocated 48821 GSs.
Step 47700: Added 0 GSs. Now having 8000000 GSs.
Step 47800: Relocated 47420 GSs.
Step 47800: Added 0 GSs. Now having 8000000 GSs.
Step 47900: Relocated 48493 GSs.
Step 47900: Added 0 GSs. Now having 8000000 GSs.
Step 48000: Relocated 48668 GSs.
Step 48000: Added 0 GSs. Now having 8000000 GSs.
[48000] loss 0.0311 l1 0.0182 ssim 0.9290 N 8000000
Step 48100: Relocated 47913 GSs.
Step 48100: Added 0 GSs. Now having 8000000 GSs.
Step 48200: Relocated 48472 GSs.
Step 48200: Added 0 GSs. Now having 8000000 GSs.
Step 48300: Relocated 44551 GSs.
Step 48300: Added 0 GSs. Now having 8000000 GSs.
Step 48400: Relocated 46918 GSs.
Step 48400: Added 0 GSs. Now having 8000000 GSs.
Step 48500: Relocated 44498 GSs.
Step 48500: Added 0 GSs. Now having 8000000 GSs.
Step 48600: Relocated 44904 GSs.
Step 48600: Added 0 GSs. Now having 8000000 GSs.
Step 48700: Relocated 45345 GSs.
Step 48700: Added 0 GSs. Now having 8000000 GSs.
Step 48800: Relocated 45349 GSs.
Step 48800: Added 0 GSs. Now having 8000000 GSs.
Step 48900: Relocated 42048 GSs.
Step 48900: Added 0 GSs. Now having 8000000 GSs.
Step 49000: Relocated 44635 GSs.
Step 49000: Added 0 GSs. Now having 8000000 GSs.
[49000] loss 0.0279 l1 0.0171 ssim 0.9405 N 8000000
Step 49100: Relocated 42837 GSs.
Step 49100: Added 0 GSs. Now having 8000000 GSs.
Step 49200: Relocated 44005 GSs.
Step 49200: Added 0 GSs. Now having 8000000 GSs.
Step 49300: Relocated 40471 GSs.
Step 49300: Added 0 GSs. Now having 8000000 GSs.
Step 49400: Relocated 41389 GSs.
Step 49400: Added 0 GSs. Now having 8000000 GSs.
Step 49500: Relocated 40553 GSs.
Step 49500: Added 0 GSs. Now having 8000000 GSs.
Step 49600: Relocated 40940 GSs.
Step 49600: Added 0 GSs. Now having 8000000 GSs.
Step 49700: Relocated 42009 GSs.
Step 49700: Added 0 GSs. Now having 8000000 GSs.
Step 49800: Relocated 41155 GSs.
Step 49800: Added 0 GSs. Now having 8000000 GSs.
Step 49900: Relocated 39641 GSs.
Step 49900: Added 0 GSs. Now having 8000000 GSs.
[50000] loss 0.0256 l1 0.0156 ssim 0.9464 N 8000000
Setting up [LPIPS] perceptual loss: trunk [vgg], v[0.1], spatial [off]
Loading model from: /home/bkai/miniconda3/envs/gsplat/lib/python3.10/site-packages/lpips/weights/v0.1/vgg.pth
[51000] loss 0.0334 l1 0.0169 ssim 0.9460 N 8000000
[52000] loss 0.0394 l1 0.0199 ssim 0.9301 N 8000000
[53000] loss 0.0328 l1 0.0163 ssim 0.9459 N 8000000
[54000] loss 0.0448 l1 0.0209 ssim 0.9163 N 8000000
[55000] loss 0.0371 l1 0.0198 ssim 0.9370 N 8000000
[56000] loss 0.0343 l1 0.0186 ssim 0.9437 N 8000000
[57000] loss 0.0271 l1 0.0126 ssim 0.9595 N 8000000
[58000] loss 0.0287 l1 0.0137 ssim 0.9529 N 8000000
[59000] loss 0.0257 l1 0.0129 ssim 0.9635 N 8000000
[59999] loss 0.0352 l1 0.0173 ssim 0.9385 N 8000000
Saved 8000000 gaussians to /mnt/d/avv/output/HCM1439_gsplatB9ut60k/ckpt.pt
=== UT60k HCM1439 TRAIN DONE ===
Wrote 26 images to /mnt/d/avv/output/HCM1439_gsplatB9ut60k/test_poses_renders
=== UT60k HCM1439 RENDERED ===
UT60K GPU0 DONE
